point,worker,worker_local_index,Mh,MH,MA,MHc,tanb,sinbma,mu212,alpha_mix,beta_mix,lam1,lam2,lam3,lam4,lam5,m11sq,m22sq,BFB_allowed,perturbative_allowed,unitarity_allowed,max_abs_unitarity_eigenvalue,scan_row,point_id,S,T,U,chi2_STU,STU_allowed,HB_allowed,HS_chi2,HS_allowed,combined_allowed,status,mapped_decay_count,unmapped_decay_count,error,lambda_source,lambda_max_diff,n_phases,n_raw_transitions,n_paths,path_index,PT_type,path_quality,phase_sequence,n_steps,step,transition_id,transition_key,subcritical,path_transition_T,Tc,gamma_Tc,vfalse_Tc,vtrue_Tc,delta_phi_Tc,vtrue_over_Tc,delta_phi_over_Tc,false_h1_Tc,false_h2_Tc,true_h1_Tc,true_h2_Tc,Tn,S3_over_Tn,nucleation_residual,alpha,beta_over_H,vfalse_Tn,vtrue_Tn,delta_phi_Tn,vtrue_over_Tn,delta_phi_over_Tn,false_h1_Tn,false_h2_Tn,true_h1_Tn,true_h2_Tn,wrapper_status
714,0,714,97.104500643,125,400.647494554,395.22905546,9.77653525059,0.276031538972,840.203869946,1.1892023228,1.4688650957534886,3.3103805458,0.245115519019,5.37486927431,-2.37281667744,-2.51533794828,-7397.362707068087,-7406.455730902903,1,1,1,14.889052897421307,714,714,-0.0170805,-0.0238434,-0.000262542,2.5869505975917737,True,True,165.91092216880435,,True,NUCLEATED,40,7,,CSV_VERIFIED,0,2,1,1,0,1_STEP,CLEAN,0->1,1,1,0,0,0,86.047392454,86.047392454,2.45902006977,1.86340512103e-05,211.592253508,211.592264996,2.45901993626,2.45902006977,1.60160396185e-05,9.52440756411e-06,-26.970603705,-209.866310494,57.2379041248,140.020491359,0.0204913590253,0.122324584201,164.826231315,1.46705964333e-05,238.063122263,238.063133955,4.15918657231,4.15918677658,-7.5548504081e-06,1.25757956019e-05,-25.5535334497,-236.687699532,OK
832,0,832,98.4822881847,125,409.115268193,408.778838423,10.6981680997,0.222499869647,929.667264346,1.25321533106,1.4775932003515542,0.631291717898,0.249370956979,5.67023272793,-2.59092369747,-2.60001762062,-4596.499910062212,-7518.825602519707,1,1,1,10.089270569536222,832,832,-0.0178591,-0.00155118,-1.65264e-05,0.7064906823068624,True,True,165.7429518978452,,True,NUCLEATED,38,7,,CSV_VERIFIED,0,2,1,1,0,1_STEP,CLEAN,0->1,1,1,0,0,0,82.6696511127,82.6696511127,2.66809970476,9.84321712819e-06,220.5708809,220.570871726,2.66809981573,2.66809970476,-2.49743151655e-06,9.52112174341e-06,25.1524320616,219.132080405,48.1886512027,139.877304008,-0.122695991662,0.24791980339,167.940127853,1.97610421892e-05,242.463047407,242.463028257,5.03153836756,5.03153797016,6.67832849827e-06,1.85983525311e-05,23.1160153891,241.35861118,OK
1657,0,1657,114.862774326,125,431.52215829,423.047740529,21.5289509916,0.204896934104,591.953985912,1.31802220087,1.5243806069792916,4.61602446579,0.255779398549,5.91364857303,-2.62667334867,-2.86601442633,-266.5566783232007,-7722.637504747698,1,1,1,18.596101901160125,1657,1657,-0.0171854,-0.0407752,-0.000392291,4.925341972746808,True,True,165.3915939399373,,True,NUCLEATED,40,7,,CSV_VERIFIED,0,2,1,1,0,1_STEP,CLEAN,0->1,1,1,0,0,0,81.9137049346,81.9137049346,2.59154062637,7.61864887809e-06,212.282686588,212.282694195,2.59154053351,2.59154062637,-4.39835693181e-08,7.61852191526e-06,-10.6974950858,-212.012977489,53.8098548631,139.977954484,-0.0220455159883,0.144831587111,212.858847154,3.12181123854e-06,237.595846048,237.595848848,4.4154708585,4.41547091052,-1.24687073406e-06,2.86199559427e-06,-11.3069878046,-237.326648496,OK
1983,0,1983,57.422166888,125,449.21320574,439.090771104,8.2643579116,-0.276308081077,340.606579794,1.73033070491,1.450380199609033,0.908687223443,0.256069420945,6.05678311182,-2.99016454696,-3.28733550813,9000.220927848373,-7498.75738093962,1,1,1,10.922904996684716,1983,1983,-0.0172437,-0.0510859,-0.000457094,6.747478479594826,True,True,166.20632661733518,,True,NUCLEATED,40,7,,CSV_VERIFIED,0,2,1,1,0,1_STEP,CLEAN,0->1,1,1,0,0,0,79.1444838886,79.1444838886,2.76656389636,2.68620835146e-06,218.95827388,218.958271722,2.76656392362,2.76656389636,-1.44668307303e-06,2.26336550156e-06,15.131384979,218.434811532,49.4277762428,139.977691932,-0.0223080684505,0.188361084644,199.065238901,1.45302572503e-05,240.386776127,240.386790149,4.86339452024,4.86339480393,-5.25142605396e-06,-1.3548095813e-05,25.0995579963,239.072822221,OK
2343,0,2343,68.1327928833,125,412.251923068,423.885428885,6.27797833976,-0.100341924861,557.523412827,1.51334747133,1.4128363968080524,0.786787182477,0.262629002532,5.94589017954,-3.07054563185,-2.74907003044,-815.2329799173203,-7755.730928841785,1,1,1,10.43032838297829,2343,2343,-0.0193694,0.0564634,0.000559118,2.75491427273993,True,True,166.2558963164921,,True,NUCLEATED,39,7,,CSV_VERIFIED,0,2,1,1,0,1_STEP,CLEAN,0->1,1,1,0,0,0,83.2614304514,83.2614304514,2.64000367929,1.633116363e-05,219.810466626,219.810482734,2.64000348582,2.64000367929,5.06816586361e-06,1.55248381727e-05,-32.8591045878,-217.340563366,55.9659494001,139.967825245,-0.0321747549411,0.132047396381,298.201046859,2.27204267798e-05,239.820325621,239.820302928,4.28511136131,4.28511095584,-4.60353592399e-06,-2.22491629068e-05,-36.9035879271,-236.963950378,OK
3548,0,3548,107.414611006,125,415.151398328,422.322969333,8.56915866676,0.276397498269,1396.21610874,1.17458066506,1.4546242109053835,0.224145078768,0.248787123631,5.90298677828,-2.84611284489,-2.64761965657,-343.5666518948983,-7430.099989365173,1,1,1,9.669335258779899,3548,3548,-0.0188621,0.0345939,0.000342482,0.8139316960215149,True,True,165.7643681394148,,True,NUCLEATED,39,7,,CSV_VERIFIED,0,2,1,1,0,1_STEP,CLEAN,0->1,1,1,0,0,0,82.8589008397,82.8589008397,2.66260664099,1.42494194754e-05,220.620667305,220.620659641,2.66260673348,2.66260664099,1.08892136192e-05,-9.19080965647e-06,-29.2859332674,-218.668271486,55.3936963486,139.999740956,-0.000259044400877,0.137339059713,295.928795279,1.76173801031e-05,240.357462584,240.357478156,4.33907607593,4.33907635704,-6.32738812098e-06,1.64419050375e-05,-28.6148126924,-238.648072094,OK
4975,0,4975,104.271778692,125,422.825100959,422.831592324,2.31916241845,-0.0403571251479,2618.21662181,1.20406235656,1.16369426845071,0.570389475554,0.27210327745,5.86203983892,-2.83546543249,-2.83528401051,-1514.3418707496057,-6720.996614002036,1,1,1,10.163607453177882,4975,4975,-0.0180897,3.1294e-05,4.3456e-07,0.6220052177961914,True,True,176.01766509771304,,True,NUCLEATED,38,7,,CSV_VERIFIED,0,2,1,1,0,1_STEP,CLEAN,0->1,1,1,0,0,0,82.7295864408,82.7295864408,2.66759514303,1.03621482263e-05,220.689050428,220.689042974,2.66759523313,2.66759514303,-3.45526611234e-06,9.76909678307e-06,91.5960949743,200.782998195,52.7774785563,139.995789155,-0.00421084508375,0.167919134066,221.062186662,1.91497305739e-05,241.004389771,241.00440766,4.56642485324,4.56642519219,-8.51789512783e-07,-1.91307771844e-05,95.9417240912,221.084376353,OK
6215,0,6215,119.831679482,125,406.163024609,418.618217899,2.00427213973,-0.251664834253,2036.78526808,1.36240175919,1.1080016879302326,0.856539527236,0.300379652847,5.71791047953,-2.98128640812,-2.64177917707,-3381.299189550352,-6833.092506682641,1,1,1,10.230972365422474,6215,6215,-0.0194041,0.0594872,0.00060368,3.1338438931810906,True,True,181.09795897054423,,True,NUCLEATED,40,7,,CSV_VERIFIED,0,2,1,1,0,1_STEP,CLEAN,0->1,1,1,0,0,0,83.766739333,83.766739333,2.61963516166,4.90019112594e-06,219.438290886,219.438295734,2.61963510379,2.61963516166,-2.87410519071e-06,-3.96880239159e-06,101.437927295,194.585483562,55.8585180554,139.987246115,-0.0127538854026,0.13600106475,273.580017409,4.90019112594e-06,240.010711594,240.010716431,4.29676117358,4.29676126016,-2.87410519071e-06,-3.96880239159e-06,107.68766516,214.49594041,OK
10004,0,10004,87.6488745295,125,409.477971162,417.94733749,6.08753268074,-0.101825935322,294.482419277,1.50998300818,1.407980282680419,3.72240908097,0.263844704408,5.79237253769,-2.97188675617,-2.74028625223,-3529.7393561669546,-7789.031563749868,1,1,1,16.03398561346887,10004,10004,-0.0189538,0.0403172,0.000407685,1.1851325333731426,True,True,166.4468633432049,,True,NUCLEATED,39,7,,CSV_VERIFIED,0,2,1,1,0,1_STEP,CLEAN,0->1,1,1,0,0,0,83.6425836067,83.6425836067,2.55121323051,1.60107852608e-05,213.39008193,213.390065932,2.55121342178,2.55121323051,2.94083358971e-06,1.57383843664e-05,30.7431253452,211.163887324,57.928601675,139.968221922,-0.0317780778067,0.110680049361,291.20091624,1.60107852608e-05,236.950698547,236.950682542,4.09039216718,4.09039189089,2.94083358971e-06,1.57383843664e-05,37.5069787023,233.963373396,OK
10246,0,10246,85.9052789572,125,549.409667425,123.013089307,4.37062663346,-0.0875371247201,1037.8924,1.43351711816,1.3458678103538684,0.995847723631,0.264897923068,0.506175003429,4.56673032708,-4.90906987513,-1673.4338480160786,-7625.692693232657,1,1,1,24.366845282993182,10246,10246,0.0569736,0.0115693,-0.000274251,6.417497856372887,True,True,172.20215031559266,,True,NUCLEATED,38,8,,CSV_VERIFIED,0,2,1,1,0,1_STEP,CLEAN,0->1,1,1,0,0,0,85.064832652,85.064832652,2.58654226937,1.60035007969e-05,220.023797798,220.023785291,2.5865424164,2.58654226937,-6.90565665729e-06,1.44368952302e-05,49.638168148,214.351402749,58.4392037187,139.996997905,-0.00300209509084,0.111619918013,183.733260626,1.5984618335e-05,239.692106897,239.692122376,4.10156353345,4.10156379832,-7.33714730331e-06,-1.42012074404e-05,53.4077082245,233.666263741,OK
10320,0,10320,119.643330788,125,427.348937893,433.952138029,4.38371906659,0.337157002704,2654.5354692,1.0026218032,1.3465172494172757,1.0213498336,0.25450857158,6.06662300264,-3.00349526694,-2.81553362436,2986.9845311543504,-7085.027593130343,1,1,1,11.115714089046364,10320,10320,-0.0189322,0.0329888,0.000310476,0.7275831275869784,True,True,167.48416361945877,,True,NUCLEATED,39,7,,CSV_VERIFIED,0,2,1,1,0,1_STEP,CLEAN,0->1,1,1,0,0,0,82.4771253714,82.4771253714,2.65721937338,2.13761269014e-06,219.159814774,219.159815398,2.65721936582,2.65721937338,-2.13355001289e-06,-1.31728340057e-07,50.9093624102,213.16486866,55.3694190048,139.983941624,-0.0160583762752,0.133758670984,295.415414071,2.22204477526e-05,239.565885606,239.565907337,4.32668230787,4.32668270036,-3.54832420263e-07,-2.22176144597e-05,53.7126918578,233.466829077,OK
10758,0,10758,102.67323337,125,418.327069885,412.054419213,9.84532864766,0.184550663589,741.713193104,1.28395780632,1.4695724594574178,5.90059781956,0.252809237977,5.71618400261,-2.59769985918,-2.7698425324,-4962.199132609018,-7603.775096658826,1,1,1,21.47024015835502,10758,10758,-0.017256,-0.0291747,-0.000296107,3.2215335268386407,True,True,165.96584583094184,,True,NUCLEATED,40,7,,CSV_VERIFIED,0,2,1,1,0,1_STEP,CLEAN,0->1,1,1,0,0,0,83.1576054927,83.1576054927,2.51857548433,1.52817247499e-05,209.438691256,209.43870653,2.51857530066,2.51857548433,-2.15216829394e-06,-1.51294178e-05,22.9383538651,208.178762886,52.1772937102,139.99999198,-8.02020551305e-06,0.165452921164,104.300489127,1.20022195418e-05,238.007336545,238.007325996,4.56151171555,4.56151151338,-4.59743770269e-06,1.10867867527e-05,24.738475857,236.71818701,OK
10800,0,10800,108.062130751,125,424.870095453,423.764016174,10.9950595565,0.131586286821,760.592665308,1.34812691462,1.4800959261087563,7.06415498065,0.255971873636,5.95124713283,-2.81256770585,-2.84358947221,-2246.4059670995102,-7685.731670285801,1,1,1,24.651961147140398,10800,10800,-0.0179823,-0.00534579,-5.1722e-05,0.9079051560104827,True,True,165.83641439854244,,True,NUCLEATED,38,7,,CSV_VERIFIED,0,2,1,1,0,1_STEP,CLEAN,0->1,1,1,0,0,0,81.1997745905,81.1997745905,2.56506381487,6.66767280472e-06,208.282603139,208.282603578,2.56506380947,2.56506381487,-6.66536390142e-06,1.75455671171e-07,19.1495055343,207.400432035,50.4353919838,139.999914263,-8.57371346683e-05,0.183718078246,95.6063034499,1.12254275084e-05,237.564095083,237.564105867,4.71026566342,4.71026587724,-4.09715233778e-06,-1.04510078685e-05,21.8835726366,236.554028757,OK
14545,0,14545,96.7195625176,125,428.603300634,436.907029527,7.68890480892,-0.304256432631,842.458443286,1.75062250276,1.4414647451504594,3.05750385877,0.257351638683,6.05725391128,-3.16424688914,-2.92672414684,5941.985151999335,-7530.883014023091,1,1,1,14.859097131420377,14545,14545,-0.0191455,0.0418694,0.000390064,1.3044998420726144,True,True,166.09363559987048,,True,NUCLEATED,39,7,,CSV_VERIFIED,0,2,1,1,0,1_STEP,CLEAN,0->1,1,1,0,0,0,81.8476825638,81.8476825638,2.60749146568,1.26136175721e-05,213.41712274,213.417133771,2.6074913309,2.60749146568,-4.89932270712e-06,1.16232519231e-05,-22.86275247,-212.188979044,59.2840882379,139.952514358,-0.0474856421576,0.0945318372067,291.116384276,3.60894582564e-06,235.45110003,235.451096593,3.97157326744,3.97157320947,6.76055503014e-07,-3.54505838164e-06,-28.6029982768,-233.70727202,OK
14781,0,14781,65.1836992546,125,383.489524479,394.646971229,6.6860172719,0.0940611306058,382.620755344,1.3281305951,1.422330981771287,1.77292072666,0.251908197151,5.40377944264,-2.6738847979,-2.38695187057,-8765.284259499454,-7625.281547616051,1,1,1,11.48484554067158,14781,14781,-0.0189717,0.0492557,0.000556008,1.955982251565127,True,True,166.7668414077727,,True,NUCLEATED,39,7,,CSV_VERIFIED,0,2,1,1,0,1_STEP,CLEAN,0->1,1,1,0,0,0,86.880848464,86.880848464,2.47165693398,1.52193367527e-05,214.739636822,214.739651536,2.47165676462,2.47165693398,9.44165487493e-07,-1.51900218145e-05,41.8749646488,210.617185809,59.7534655882,140.057815069,0.0578150689318,0.11083408521,298.25711345,2.01079815395e-05,238.367829205,238.367809114,3.98918835685,3.9891880206,2.36425661441e-06,1.99685055088e-05,37.5104737423,235.397931936,OK
15199,0,15199,82.8246047549,125,400.341724172,400.192194749,3.91699761038,0.294822236301,1185.70715785,1.02156847609,1.3208379569763142,1.24338033484,0.227653177431,5.48026300585,-2.56274322649,-2.56669931662,-7623.243040650127,-6813.659694249456,1,1,1,10.741424868463051,15199,15199,-0.0177534,-0.00067024,-8.04234e-06,0.668862637702863,True,True,168.6552542801279,,True,NUCLEATED,38,7,,CSV_VERIFIED,0,2,1,1,0,1_STEP,CLEAN,0->1,1,1,0,0,0,81.3718643694,81.3718643694,2.68790766738,2.58162635394e-05,218.720073753,218.720058148,2.68790785916,2.68790766738,2.42871248288e-05,8.7530012386e-06,65.3042961152,208.743430008,45.8758567479,139.850842103,-0.149157897246,0.291381735506,90.4970642785,2.74604239798e-05,242.621529669,242.621552261,5.28865392099,5.28865441347,-2.08062807249e-05,-1.79213160105e-05,61.2411835549,234.765253169,OK
18447,0,18447,115.048025136,125,431.190864681,433.500223832,15.6122874787,0.064442598829,792.974717565,1.44234430809,1.506831593875726,3.62003326579,0.257762280247,6.08387429407,-2.93291667297,-2.86692148893,3373.349753115366,-7751.827644407298,1,1,1,16.338958731376263,18447,18447,-0.0184695,0.011507,0.000108088,0.2923862952516481,True,True,165.48677461798297,,True,NUCLEATED,38,7,,CSV_VERIFIED,0,2,1,1,0,1_STEP,CLEAN,0->1,1,1,0,0,0,82.5909889962,82.5909889962,2.57940877049,1.52892814214e-05,213.0359061,213.03592138,2.57940858548,2.57940877049,1.51226444869e-06,1.52143084831e-05,-13.8112517754,-212.587738622,58.2488535913,140.000894218,0.000894217788613,0.105933375572,294.24747381,1.65295068156e-05,236.014813689,236.014797331,4.05183620171,4.05183592086,1.31215381713e-06,-1.6477343473e-05,-15.1839515589,-235.525879461,OK
19209,0,19209,86.7295325228,125,393.687855315,400.45473596,4.29820232611,0.0106662930055,29.6891232883,1.33154091994,1.342207415201636,2.5260201128,0.264124996905,5.43733853676,-2.73652168831,-2.55892012407,-7870.162971144392,-7795.078230176755,1,1,1,13.002300769719778,19209,19209,-0.018542,0.0304235,0.000331555,0.6035627923499418,True,True,168.24825040597835,,True,NUCLEATED,39,7,,CSV_VERIFIED,0,3,2,1,0,1_STEP,CLEAN,0->1,1,1,0,0,0,85.8669750408,85.8669750408,2.5090310368,9.61831025575e-06,215.442914492,215.442905413,2.50903114253,2.5090310368,-5.20705685706e-06,-8.08693088033e-06,-50.2745632376,-209.494910907,56.6992501841,140.036733891,0.0367338910465,0.132224071218,282.983116234,2.17758600715e-05,239.180330895,239.180352668,4.21840377286,4.21840415688,4.63676241087e-06,2.12764780027e-05,-54.4574324212,-232.898301284,OK
19210,0,19210,72.3650102949,125,538.86610761,123.9056222,3.48897014903,0.389817623848,2057.5353592,0.891228252474,1.2916617939574262,0.470390940274,0.195492312868,0.695851201616,4.41932514794,-4.66997615148,-6350.050934335197,-5899.056295197032,1,1,1,23.544429951936202,19210,19210,0.0556901,0.00625113,-0.000431246,7.005325344304799,True,True,171.48660911867228,,True,NUCLEATED,38,8,,CSV_VERIFIED,0,2,1,1,0,1_STEP,CLEAN,0->1,1,1,0,0,0,77.5792306223,77.5792306223,2.79887274561,1.00471958286e-05,217.134402197,217.134394214,2.79887284851,2.79887274561,-2.67356846017e-06,9.68494582881e-06,81.1688514947,201.392567302,46.7732818624,139.959733261,-0.0402667385124,0.228752804249,233.655068874,8.80303885336e-06,242.472456844,242.472464635,5.18399494731,5.18399511387,1.71252532322e-06,-8.63485669083e-06,68.9815404303,232.453090768,OK
21347,0,21347,56.2466586891,125,436.285632284,429.18569051,10.7134778836,-0.141072160953,17.6321071919,1.6192699442,1.4777256212181076,5.74730464592,0.259930585179,5.97680917094,-2.93914029284,-3.14222033775,1823.0740299610457,-7768.078803889737,1,1,1,21.217866452871213,21347,21347,-0.0174193,-0.0348233,-0.000326671,3.9810153673583417,True,True,166.12679560269135,,True,NUCLEATED,40,7,,CSV_VERIFIED,0,3,1,1,0,1_STEP,CLEAN,0->1,1,1,0,0,0,80.2293239071,80.2293239071,2.60577064672,1.62227115421e-05,209.059232727,209.059217243,2.60577083971,2.60577064672,4.68778819974e-06,-1.55306474937e-05,-2.0706742211,-209.048977746,54.1632386994,140.009162136,0.00916213640642,0.132693393986,221.069964892,2.19646553519e-05,235.553583063,235.553561531,4.3489567596,4.34895636206,2.78428979763e-06,-2.17874692209e-05,-16.8720613113,-234.948556159,OK
24723,0,24723,66.5904708563,125,426.706659581,417.18703166,2.01156993247,-0.409313087024,2012.51814834,1.53115310661,1.1094520404805008,0.0336517426559,0.301024552355,5.68697579283,-2.65983662276,-2.92533843865,1376.651805257904,-6913.3951755864555,1,1,1,9.225353715985833,24723,24723,-0.0169849,-0.0449598,-0.000443361,5.6579532799319985,True,True,205.79092160718568,,True,NUCLEATED,40,7,,CSV_VERIFIED,0,2,1,1,0,1_STEP,CLEAN,0->1,1,1,0,0,0,77.0846877132,77.0846877132,2.89465718121,1.76124906475e-05,223.133728022,223.13374485,2.8946569629,2.89465718121,-2.48597365527e-06,-1.74361624732e-05,95.2704640806,201.772642484,48.4994286788,139.991278327,-0.00872167321745,0.191973117002,191.899331108,2.6304235713e-05,241.456722283,241.456696406,4.97854776563,4.97854723208,7.09134395487e-06,2.53303307787e-05,105.775483404,217.055052571,OK
24776,0,24776,75.3213914275,125,403.259530154,408.291752947,3.0283531767,0.0884308349001,1259.7113261,1.16331067157,1.2518571689904114,0.575039203103,0.250083151382,5.64040402506,-2.75225129217,-2.61728180099,-5286.047640674553,-7212.88623244822,1,1,1,9.780158135352588,24776,24776,-0.0184506,0.0232039,0.000243339,0.36281616744491774,True,True,170.8447459638322,,True,NUCLEATED,39,7,,CSV_VERIFIED,0,2,1,1,0,1_STEP,CLEAN,0->1,1,1,0,0,0,84.5569443992,84.5569443992,2.58476731634,2.41221086313e-05,218.560002455,218.560026253,2.5847670349,2.58476731634,5.04693099242e-06,2.35882303783e-05,-80.0349017635,-203.378684165,53.8812137363,140.000003238,3.23751115161e-06,0.163050549584,197.470169677,5.11667290976e-06,240.907025841,240.907028458,4.47107645013,4.47107649869,5.00381763487e-06,1.06871452802e-06,-77.2501019411,-228.185487815,OK
26191,0,26191,110.507034854,125,436.142698696,439.094182902,8.66053448186,-0.356806381119,931.101410641,1.82068610881,1.4558390962290673,5.47178942154,0.256343043827,6.11835792942,-3.09365461315,-3.00828056884,5395.10144428233,-7553.4032299040855,1,1,1,20.62538410381939,26191,26191,-0.0186023,0.0149541,0.000137305,0.2696848467414901,True,True,165.90520857998095,,True,NUCLEATED,38,7,,CSV_VERIFIED,0,2,1,1,0,1_STEP,CLEAN,0->1,1,1,0,0,0,79.3799957497,79.3799957497,2.65846581753,2.18766133452e-05,211.02902715,211.029005297,2.65846609284,2.65846581753,-3.16545551294e-06,-2.16463877552e-05,-20.9134448436,-209.990185782,53.2686609636,139.934008813,-0.0659911867761,0.140882514445,247.327142241,6.86207157093e-06,236.379201965,236.379207199,4.43749096914,4.43749106741,4.990291311e-06,4.71009754419e-06,-26.2286114816,-234.919533162,OK
27255,0,27255,100.752609068,125,403.504568605,419.919504595,2.14282585079,-0.212891568762,1754.22156555,1.34869699223,1.1341635708882152,0.615174509156,0.292608364049,5.80270243352,-3.06152428762,-2.61481751737,-2709.513875946173,-7135.490133382614,1,1,1,9.919244375014063,27255,27255,-0.0198599,0.0788115,0.000800355,6.1963464991987385,True,True,179.1055892592781,,True,NUCLEATED,39,7,,CSV_VERIFIED,0,2,1,1,0,1_STEP,CLEAN,0->1,1,1,0,0,0,83.3573072132,83.3573072132,2.64268444962,1.76671898604e-05,220.287075689,220.287059534,2.64268464342,2.64268444962,-6.16714132266e-07,-1.76564226626e-05,-96.1405769359,-198.200366252,55.8314236254,139.960045748,-0.0399542524993,0.134306144542,296.102096611,2.50506370367e-05,240.100672522,240.100648393,4.3004576443,4.30045721213,-4.13854611161e-06,-2.4706413176e-05,-101.850802455,-217.427567215,OK
27313,0,27313,100.101463694,125,419.805001385,421.871784231,6.20738705101,-0.183173212412,382.070997904,1.59528359672,1.4110702848398886,4.99861585398,0.263796600304,5.82729700827,-2.92950875619,-2.87201774083,-2214.3767683265096,-7738.218502368199,1,1,1,19.143897250047413,27313,27313,-0.0183002,0.00994038,9.78695e-05,0.3173409687895786,True,True,166.45107107141865,,True,NUCLEATED,38,7,,CSV_VERIFIED,0,2,1,1,0,1_STEP,CLEAN,0->1,1,1,0,0,0,81.7774884195,81.7774884195,2.59165393526,3.22552478095e-06,211.938951579,211.938949678,2.5916539585,2.59165393526,2.31955303482e-06,-2.24135758663e-06,-29.2105418273,-209.916324859,54.9359519217,139.98524772,-0.0147522795169,0.130723823286,250.137422313,1.51498481746e-06,237.035572205,237.035571342,4.31476226249,4.31476224677,-1.3639290658e-06,-6.59451666613e-07,-36.8158266023,-234.159042965,OK
29501,0,29501,43.176638807,125,532.924771915,118.048637522,4.45047150352,0.054177547473,3.97160273883,1.29556784129,1.349771927548185,0.984319202609,0.253574127736,0.738287160628,4.23287095618,-4.69281255561,-9431.161953369412,-7707.77724877978,1,1,1,23.282466739810182,29501,29501,0.0575989,0.0395973,0.000640147,3.7647664044836486,True,True,176.6255669726897,,True,NUCLEATED,42,8,,CSV_VERIFIED,0,3,2,1,0,1_STEP,CLEAN,0->1,1,1,0,0,0,82.3954542982,82.3954542982,2.68665274776,1.84142461608e-05,221.367958614,221.367973693,2.68665256475,2.68665274776,-1.45750401317e-05,-1.12540067011e-05,65.8272776883,211.354069308,51.7693553084,139.99603454,-0.0039654599062,0.188432789686,95.7483610941,1.17110407255e-05,241.823886033,241.823897452,4.67117824034,4.67117846092,-5.13561977532e-06,-1.05249173108e-05,55.2218909612,235.43435309,OK
29544,0,29544,101.727996006,125,553.579618116,107.704645121,5.56536144335,-0.355144673323,456.548385199,1.75607942808,1.3930106033080243,4.21977737159,0.262078268199,0.249336097064,4.72391934573,-5.02061443087,-64.37503548062386,-7555.093247125751,1,1,1,24.759018081117333,29544,29544,0.0639979,0.103089,0.00288532,6.1417582345309345,True,True,173.15191564680978,,True,NUCLEATED,42,8,,CSV_VERIFIED,0,2,1,1,0,1_STEP,CLEAN,0->1,1,1,0,0,0,81.686374996,81.686374996,2.6520401634,6.00050605856e-06,216.635541372,216.635547292,2.65204009092,2.6520401634,1.89072824137e-06,5.69484149701e-06,-33.8699741791,-213.971452849,55.0416112346,139.966465311,-0.0335346888099,0.128314986525,280.126302341,1.28889619463e-05,238.759004983,238.758995513,4.33779098444,4.33779081239,6.95442047883e-06,-1.08517913662e-05,-41.7207669793,-235.085601564,OK
30782,0,30782,117.019040532,125,539.425029923,122.338735733,4.1002287314,0.391678098062,744.34889784,0.929122865941,1.3315775690184632,3.33580435241,0.258261247987,0.507688593067,4.36709910614,-4.75487183202,-6039.417901441335,-7397.915649813268,1,1,1,23.506502301405668,30782,30782,0.0563795,0.0152472,-0.000155206,5.850432396123863,True,True,173.78886660161257,,True,NUCLEATED,38,8,,CSV_VERIFIED,0,2,1,1,0,1_STEP,CLEAN,0->1,1,1,0,0,0,84.0807169096,84.0807169096,2.58350451726,8.35425326668e-06,217.222920148,217.22291195,2.58350461476,2.58350451726,3.56054117633e-06,7.55751904897e-06,53.0640318471,210.641889381,51.8929608559,140.043866652,0.043866651843,0.178372852807,198.550336457,4.22286546996e-05,240.923037591,240.922996638,4.64269206492,4.64269127575,-1.94765544013e-07,4.22282055518e-05,57.6957917843,233.912602595,OK
31065,0,31065,71.1318133513,125,539.595064823,110.022934989,2.93988368451,0.168405956235,776.43762877,1.07371150219,1.2429238069497828,0.825349904568,0.238906278595,0.598004907972,4.45335915677,-4.76925264036,-7958.090662861606,-7100.292455561567,1,1,1,23.81248114261138,31065,31065,0.0617177,0.0870934,0.00232714,4.522752906969934,True,True,180.42138693360488,,True,NUCLEATED,42,8,,CSV_VERIFIED,0,2,1,1,0,1_STEP,CLEAN,0->1,1,1,0,0,0,81.1626827486,81.1626827486,2.72866888914,1.74518481498e-05,221.466104486,221.466087375,2.72866909996,2.72866888914,9.68598482929e-06,1.45171864261e-05,84.2868121451,204.799826012,46.0126294406,140.377312115,0.377312115252,0.290280041553,173.906129106,1.3601662123e-05,243.207917791,243.207930853,5.28567744872,5.28567773261,-7.85104222226e-06,-1.11070404939e-05,79.4607393557,229.861006213,OK
31976,0,31976,105.794392764,125,539.053297048,116.452819691,2.2011854719,0.308133833138,1058.12015025,0.83114094022,1.1443717348162217,1.0506182271,0.261757014431,0.498601465481,4.39992335927,-4.75524875537,-6703.021251846922,-6826.217757472119,1,1,1,23.564194450117203,31976,31976,0.0588238,0.0492972,0.000957959,3.4540655848712465,True,True,187.76801108018952,,True,NUCLEATED,42,8,,CSV_VERIFIED,0,2,1,1,0,1_STEP,CLEAN,0->1,1,1,0,0,0,82.3039412174,82.3039412174,2.68987572261,2.06901019375e-05,221.387390989,221.387373356,2.68987593685,2.68987572261,1.74790190551e-05,1.10708721904e-05,97.41999898,198.800705953,46.6437930939,140.073681652,0.0736816522881,0.277892717876,163.824124496,2.43838997988e-05,243.134604897,243.134628331,5.21258218448,5.21258268687,-3.6127747129e-06,-2.41147761398e-05,101.089799557,221.122790603,OK
32052,0,32052,41.0560456716,125,397.656553391,403.745201525,2.50757787933,-0.0406853545607,92.3824643327,1.23202903725,1.1913324499214528,0.360496127144,0.269068040462,5.59273855698,-2.76986488724,-2.60860329362,-6858.834931278882,-7877.111245289465,1,1,1,9.361075848722347,32052,32052,-0.0185091,0.0276693,0.000296706,0.49369693105106555,True,True,174.44077667613604,,True,NUCLEATED,39,7,,CSV_VERIFIED,0,2,1,1,0,1_STEP,CLEAN,0->1,1,1,0,0,0,83.8554862761,83.8554862761,2.64886982479,1.50778354177e-05,222.122280407,222.122267239,2.64886998181,2.64886982479,-5.53287714713e-08,1.50777339017e-05,107.504857628,194.373385625,52.3523021642,140.045817691,0.0458176908166,0.184536101014,256.18547198,1.57628061089e-05,241.738708484,241.738723762,4.61753730954,4.61753760138,-2.22429358077e-06,-1.56050816881e-05,91.9431385924,223.571157454,OK
32693,0,32693,90.3150559807,125,420.94822905,414.456762573,2.48689875854,-0.125829603981,1311.35665874,1.31463872064,1.1884746831060242,0.638139638215,0.280618579321,5.70177230128,-2.68627945155,-2.86550489598,-3332.9602328002375,-7413.504057068558,1,1,1,10.111882780284748,32693,32693,-0.017269,-0.030423,-0.000305261,3.3841795227367863,True,True,174.79774544414198,,True,NUCLEATED,40,7,,CSV_VERIFIED,0,2,1,1,0,1_STEP,CLEAN,0->1,1,1,0,0,0,81.9549924586,81.9549924586,2.70833731606,1.05871436299e-05,221.961765644,221.961764313,2.7083373323,2.70833731606,-9.17090256264e-06,5.28981629431e-06,85.8590840515,204.68327507,44.4752954227,140.06410914,0.0641091404824,0.336222213648,195.916435413,2.54385803581e-05,243.206052296,243.206026902,5.46834034456,5.46833977359,1.08676825856e-05,2.30003227337e-05,90.6930820856,225.663352663,OK
33475,0,33475,92.9603128496,125,392.679909186,392.669493965,3.15546520731,0.332168335166,394.55943322,0.925296916757,1.2638984285380033,1.79683265453,0.235894637956,5.26574064294,-2.52513539095,-2.52540571906,-9634.21973840516,-6955.509735631901,1,1,1,11.390779103932413,33475,33475,-0.0176529,-4.55089e-05,-1.68704e-06,0.6444657897262451,True,True,171.42755329843658,,True,NUCLEATED,38,7,,CSV_VERIFIED,0,2,1,1,0,1_STEP,CLEAN,0->1,1,1,0,0,0,81.6801811255,81.6801811255,2.68422493146,1.44981753619e-05,219.247967703,219.247978583,2.68422479825,2.68422493146,5.33707085853e-06,-1.34800876657e-05,74.1698225737,206.321372527,46.8764436766,140.027404083,0.0274040833175,0.273045501271,113.116232239,2.38389705968e-05,242.414383834,242.414372272,5.17134758573,5.17134733907,2.33853323427e-05,4.62847170657e-06,74.1804393539,230.785605936,OK
34017,0,34017,62.2012381576,125,539.927026657,119.141580133,2.10524767887,0.304969904699,1343.22731049,0.817438312405,1.127345140827592,0.587294924559,0.19210676409,0.661959873304,4.40540725962,-4.75998628914,-8032.09605905036,-5816.834764247201,1,1,1,23.752733259972384,34017,34017,0.0577546,0.0337293,0.000434346,4.161502944087956,True,True,188.70120333756432,,True,NUCLEATED,42,8,,CSV_VERIFIED,0,2,1,1,0,1_STEP,CLEAN,0->1,1,1,0,0,0,78.7541827292,78.7541827292,2.72031458012,8.43718851882e-06,214.236143282,214.236151524,2.72031447547,2.72031458012,6.08586700435e-06,5.84366091653e-06,-119.19995978,-178.012625049,45.7163396213,140.113553152,0.113553151999,0.263003255387,134.825204671,2.64942369595e-06,242.619758664,242.619761225,5.30706877833,5.30706883436,1.73414942501e-06,2.00304061176e-06,-106.685964666,-217.90468613,OK
34840,0,34840,91.9732324818,125,401.778943895,419.139898888,3.02324730873,-0.462225231614,313.016374904,1.73185734879,1.251354398339189,1.28971077694,0.281168619621,5.72579487599,-3.12116345318,-2.65014966898,-1660.7284581765218,-7429.224611092079,1,1,1,10.822995314388304,34840,34840,-0.0199584,0.0831746,0.000848922,7.040598953588408,True,True,180.4335845501804,,True,NUCLEATED,39,7,,CSV_VERIFIED,0,2,1,1,0,1_STEP,CLEAN,0->1,1,1,0,0,0,78.0253898914,78.0253898914,2.83863796742,8.97740316514e-06,221.48582844,221.485834168,2.83863789401,2.83863796742,4.93487595713e-06,-7.49938443322e-06,64.7908883828,211.797339413,48.4412122025,139.989197565,-0.0108024346813,0.201417354271,181.006969561,7.74169650856e-06,241.504743541,241.504736944,4.98552229724,4.98552216105,5.89382813316e-06,5.01962695502e-06,74.7620942759,229.64139525,OK
36204,0,36204,38.8815706541,125,536.498207912,118.130886613,3.22140050908,0.0927848351056,254.147473709,1.1768854014,1.2698038860896457,0.521156388812,0.243983435663,0.738282265391,4.30990347384,-4.74143569996,-9033.140828858484,-7470.483716661787,1,1,1,23.582396312958874,36204,36204,0.0578805,0.0393664,0.000626318,3.804011054392592,True,True,179.2969805412626,,True,NUCLEATED,42,8,,CSV_VERIFIED,0,2,1,1,0,1_STEP,CLEAN,0->1,1,1,0,0,0,82.1282546465,82.1282546465,2.61872973995,2.97398178153e-05,215.071732642,215.071702933,2.61873010169,2.61872973995,1.64162391027e-05,2.47984648196e-05,110.436294036,184.552635151,53.0525430672,139.884747324,-0.115252676032,0.162876792096,292.553759648,1.64824082147e-05,241.030594887,241.030578565,4.54324299933,4.54324269168,7.44365270613e-06,1.47058428846e-05,77.8562575291,228.109953389,OK
40195,0,40195,106.837877133,125,551.783077988,110.984353176,3.1191850035,0.22080818914,2120.15185951,1.03790928902,1.2605523242118908,1.04390846937,0.252544509871,0.391302011695,4.74456955424,-4.91063034344,-2510.946253867485,-6884.779716087611,1,1,1,24.612332150481766,40195,40195,0.0623428,0.083039,0.00212646,4.240033980799581,True,True,173.6713210583969,,True,NUCLEATED,42,8,,CSV_VERIFIED,0,2,1,1,0,1_STEP,CLEAN,0->1,1,1,0,0,0,83.414867827,83.414867827,2.65058664042,1.22487523753e-05,221.09834395,221.098334275,2.65058675641,2.65058664042,-3.97428734189e-06,1.15860681371e-05,71.6023302179,209.183135087,51.2979186053,139.999931057,-6.89432887668e-05,0.186292842573,170.748127735,2.63450153719e-06,241.945214442,241.945211923,4.71647234469,4.71647229558,4.19201239092e-08,2.63416800009e-06,74.4207299757,230.21520745,OK
40307,0,40307,73.1514123557,125,391.107904337,396.90509739,6.20842815836,0.119257688312,245.580550328,1.29155441522,1.4110966165784515,3.01045396354,0.250992043998,5.46700530988,-2.65281404314,-2.50183699578,-9991.028996731475,-7601.913301417258,1,1,1,14.150199818814592,40307,40307,-0.018382,0.0257467,0.00028453,0.43058358321223206,True,True,166.9626158107115,,True,NUCLEATED,39,7,,CSV_VERIFIED,0,2,1,1,0,1_STEP,CLEAN,0->1,1,1,0,0,0,84.6396453991,84.6396453991,2.54596921615,6.2382759421e-06,215.489931324,215.489931652,2.54596921227,2.54596921615,-6.17833775893e-06,8.62687235552e-07,41.0022914826,211.553120031,49.9886925057,139.551347121,-0.448652878637,0.218053389931,203.468422283,1.77693384404e-05,241.143188815,241.143171905,4.8239547131,4.82395437482,-2.61611209877e-06,1.75757032888e-05,39.4828044185,237.888935571,OK
40870,0,40870,101.598405384,125,543.213318264,112.400886812,2.89870170204,-0.259328789951,536.228489114,1.50092598584,1.2385988339998633,1.36629409532,0.285026199209,0.408593753692,4.48727850576,-4.84733547347,-4154.921298620634,-7678.289318983721,1,1,1,23.925157185631612,40870,40870,0.0609641,0.0735117,0.00180507,3.698521928970274,True,True,178.5415101173653,,True,NUCLEATED,42,8,,CSV_VERIFIED,0,2,1,1,0,1_STEP,CLEAN,0->1,1,1,0,0,0,83.3660841375,83.3660841375,2.64830833049,1.20032638415e-05,220.779083875,220.779095101,2.64830819583,2.64830833049,3.93292882168e-07,-1.19968188933e-05,71.3540021261,208.930635038,53.5453387738,139.998476366,-0.00152363365336,0.155208655178,278.3176632,4.82394591379e-06,241.178862017,241.178865366,4.50419901228,4.50419907482,-4.37232056755e-06,-2.03795658289e-06,78.426705067,228.071250745,OK
41482,0,41482,96.6483320908,125,529.867347343,114.291450011,5.26580093294,0.332169333253,714.370552893,1.04452385497,1.3831264249258153,3.40131695425,0.238038879936,0.613371497698,4.27212191968,-4.57502165341,-8887.904654175112,-7143.206924417697,1,1,1,22.882680297290648,41482,41482,0.0589496,0.0609625,0.00139033,3.3224993076166105,True,True,171.97468725028256,,True,NUCLEATED,42,8,,CSV_VERIFIED,0,2,1,1,0,1_STEP,CLEAN,0->1,1,1,0,0,0,83.3522402228,83.3522402228,2.60017119292,8.18319630814e-06,216.73010179,216.730093893,2.60017128766,2.60017119292,4.22468514305e-07,-8.17228377945e-06,-45.9503036248,-211.802990108,50.3093775839,140.182205981,0.18220598098,0.199844553341,204.225033203,2.04660030377e-05,241.224260158,241.224267747,4.79481702503,4.79481717587,-1.71974145595e-05,1.10953239162e-05,-46.2957985477,-236.740031946,OK
42401,0,42401,106.48141679,125,416.333586466,431.236267884,2.95472380055,0.371099882289,3241.759151,0.864262637908,1.244455839837957,0.573454866563,0.234289834551,6.08474764868,-3.1052966947,-2.68785127467,-121.18780682401302,-6170.210128342581,1,1,1,10.290081700282347,42401,42401,-0.0198015,0.0740328,0.000713659,5.3356182208894705,True,True,172.16696543798548,,True,NUCLEATED,39,7,,CSV_VERIFIED,0,2,1,1,0,1_STEP,CLEAN,0->1,1,1,0,0,0,80.2211725584,80.2211725584,2.76076497906,2.21033984026e-05,221.471818818,221.471803778,2.76076516653,2.76076497906,-2.03990705739e-05,-8.51105990274e-06,-76.5788596584,-207.81107955,43.4842836539,139.979212082,-0.0207879179825,0.34513383617,119.615870746,1.36305807561e-06,243.160761456,243.160761441,5.59192289775,5.5919228974,-1.29506043169e-06,4.25142088899e-07,-78.4227009447,-230.167408398,OK
47895,0,47895,64.5295077673,125,417.197936718,433.079181965,4.77500209308,-0.383738590329,79.9186645032,1.7581973224,1.3643558754261034,1.64407339031,0.262369635487,6.01923767524,-3.31586173284,-2.8695844029,3109.317814981606,-7377.187889236771,1,1,1,11.825124659134048,47895,47895,-0.0199254,0.0793521,0.000760018,6.295841516761113,True,True,168.30570973702436,,True,NUCLEATED,39,7,,CSV_VERIFIED,0,3,1,1,0,1_STEP,CLEAN,0->2,1,1,0,0,0,76.1211462169,76.1211462169,2.82568364204,7.84063444933e-06,215.094282552,215.094277678,2.82568370607,2.82568364204,6.56538434444e-06,4.28617276573e-06,19.8565140721,214.175790498,44.4065819764,140.003258365,0.00325836486232,0.26402522337,144.689219007,2.92423973513e-06,241.247661897,241.247659402,5.43270054033,5.43270048413,1.97302795315e-06,2.15831849471e-06,46.0812822588,236.805721629,OK
49511,0,49511,52.2473947786,125,397.493262386,408.889818019,5.01670389113,0.037246416534,596.449135775,1.33678613318,1.374041167059356,0.186338635508,0.254500012089,5.72480459629,-2.86320595518,-2.55948496775,-6015.272920922598,-7636.825737881783,1,1,1,9.248269907747321,49511,49511,-0.0191754,0.0527549,0.00055816,2.3248023911003295,True,True,167.39290278289994,,True,NUCLEATED,39,7,,CSV_VERIFIED,0,2,1,1,0,1_STEP,CLEAN,0->1,1,1,0,0,0,83.5562651303,83.5562651303,2.64047963867,1.69713917305e-05,220.628610629,220.62861676,2.64047956529,2.64047963867,1.33395858616e-05,-1.0492072546e-05,64.5337822164,210.979560102,50.0099861279,140.006298157,0.00629815736772,0.222343702702,191.090146056,2.18908352996e-05,242.309300309,242.309287989,4.84521830679,4.84521806044,2.02181297146e-05,8.39260990124e-06,49.1614669523,237.269777223,OK
50302,0,50302,90.9526175704,125,443.380935704,457.894276357,10.738158421,-0.380533812844,693.667610919,1.86831177392,1.4779383055862838,2.79739939305,0.248827173067,6.43633114667,-3.55665231377,-3.12435294914,14060.654606079956,-7336.027905516568,1,1,1,14.63921014378448,50302,50302,-0.0199916,0.0778204,0.000670009,6.00864945891926,True,True,165.80877713727355,,True,NUCLEATED,39,7,,CSV_VERIFIED,0,2,1,1,0,1_STEP,CLEAN,0->1,1,1,0,0,0,77.1438436808,77.1438436808,2.80840800803,5.1983240066e-06,216.651393139,216.651388363,2.80840806994,2.80840800803,2.37025088137e-06,4.6264979452e-06,14.669642356,216.154175862,45.2122057024,139.937802839,-0.0621971610543,0.261348285868,173.991212161,1.45222229145e-05,240.614777125,240.614791211,5.32189866403,5.32189897558,-4.74456338057e-06,-1.37253078911e-05,20.9295395701,239.702785433,OK
51127,0,51127,104.021226579,125,546.99159022,118.524231633,8.18950810398,0.171551327786,845.557252232,1.27688625624,1.4492903821987537,4.83542119623,0.253551965833,0.531110255819,4.59600369518,-4.82800999664,-4142.099448259098,-7588.975570532825,1,1,1,24.207147636113632,51127,51127,0.0586324,0.0377576,0.000555998,3.9727553185095847,True,True,167.03217730169723,,True,NUCLEATED,42,8,,CSV_VERIFIED,0,2,1,1,0,1_STEP,CLEAN,0->1,1,1,0,0,0,84.0191499067,84.0191499067,2.55359320509,4.09682020072e-05,214.55077041,214.550730299,2.5535936825,2.55359320509,-2.98427673653e-06,4.08593645088e-05,28.2296747073,212.685492099,56.3359067358,139.955027966,-0.0449720341829,0.124266921208,248.624089351,1.98197727784e-05,238.207224525,238.20724278,4.22833745522,4.22833777926,-9.95443684519e-06,-1.71386283023e-05,29.9747127836,236.313771095,OK
52519,0,52519,101.241751032,125,385.551572825,394.993959275,9.73452697238,0.473716540168,888.831883026,0.974922178584,1.4684282828275645,5.20706579426,0.231123827822,5.4177125172,-2.55546922025,-2.31189024757,-9471.625215776321,-7002.905799274232,1,1,1,19.304825184520723,52519,52519,-0.0187767,0.0417116,0.000468544,1.2878475961391571,True,True,165.8673280623592,,True,NUCLEATED,39,7,,CSV_VERIFIED,0,2,1,1,0,1_STEP,CLEAN,0->1,1,1,0,0,0,84.0908519506,84.0908519506,2.48859748555,2.35935982114e-05,209.268268819,209.268282722,2.48859732022,2.48859748555,-2.07274348554e-05,-1.12708172231e-05,27.56109853,207.445400485,45.178755012,139.751676072,-0.248323928251,0.299360988181,83.5340458575,7.84150074366e-06,241.354738444,241.354732116,5.34221756178,5.34221742171,5.27601410561e-06,5.8011041251e-06,25.6173501266,239.991377224,OK
54233,0,54233,85.0027777639,125,439.752035294,429.224168416,4.02837701912,-0.281571590202,1671.14499508,1.61290740118,1.3274758270899718,0.14472001162,0.266568211205,5.94568412704,-2.77510204937,-3.07745071067,3823.425727132878,-7346.362735189425,1,1,1,9.73503055855729,54233,54233,-0.0170606,-0.0515883,-0.000481475,6.870818513044448,True,True,170.38506096695485,,True,NUCLEATED,40,7,,CSV_VERIFIED,0,2,1,1,0,1_STEP,CLEAN,0->1,1,1,0,0,0,79.879018873,79.879018873,2.79030983166,2.58273683231e-05,222.887186181,222.887211705,2.79030951213,2.79030983166,-2.08718769966e-06,-2.57428942041e-05,51.768135286,216.791969253,46.9946418954,140.161597183,0.161597183341,0.245119209991,187.215988951,9.00541464045e-06,242.448960274,242.448968677,5.1590766627,5.1590768415,-5.1461534724e-06,-7.39016896186e-06,57.7258844551,235.476581855,OK
54686,0,54686,84.2880275685,125,386.765511935,374.623818409,6.79392861568,0.443554309549,656.853957373,0.965094867031,1.4246554345574411,4.21090896923,0.215529772745,5.02029923098,-2.09100317313,-2.39652752713,-14017.924249043326,-6628.369663401191,1,1,1,16.595206256318818,54686,54686,-0.0159275,-0.0495453,-0.00059501,6.640833792756557,True,True,166.59340111211404,,True,NUCLEATED,40,7,,CSV_VERIFIED,0,2,1,1,0,1_STEP,CLEAN,0->1,1,1,0,0,0,79.7839684775,79.7839684775,2.69986694177,1.08267871516e-05,215.406090004,215.406098975,2.69986682932,2.69986694177,7.70610780368e-06,7.60494724144e-06,-42.347093927,-211.202526611,43.9018719638,139.821416363,-0.178583636815,0.314876089648,73.0100791996,2.51372218932e-05,242.072074961,242.072087053,5.51393514974,5.51393542517,2.362152816e-05,8.59670471138e-06,-36.8449826581,-239.251618027,OK
57341,0,57341,69.6397729177,125,432.386445192,425.847290679,3.63416525986,-0.453383541775,1432.88734704,1.77283327692,1.3022754656006803,0.0178969359424,0.263024624127,5.76391799117,-2.81135832123,-2.99683399734,6414.591424299614,-6909.840107264332,1,1,1,9.145611812078517,57341,57341,-0.0174313,-0.0317543,-0.000302574,3.54706745553824,True,True,172.3953493474334,,True,NUCLEATED,40,7,,CSV_VERIFIED,0,2,1,1,0,1_STEP,CLEAN,0->1,1,1,0,0,0,77.4420620745,77.4420620745,2.85083078075,1.73723809953e-05,220.774199583,220.774214287,2.85083059088,2.85083078075,1.23718025808e-05,1.21958239716e-05,-50.5297272761,-214.913921985,50.3788833414,139.763758017,-0.236241982728,0.161427371387,203.593202759,2.48119581824e-06,240.623116701,240.623119153,4.77626935616,4.77626940483,9.92791822443e-07,2.273916684e-06,-61.36983639,-232.665484059,OK
57484,0,57484,111.927621379,125,434.622269909,430.611103802,6.25463542459,0.238819972288,1987.87657136,1.17110620736,1.4122566858219634,0.373480482712,0.251462047412,6.03513411583,-2.79602188149,-2.91072195365,2463.0040394385596,-7348.931735167528,1,1,1,10.21346599886365,57484,57484,-0.0177642,-0.019777,-0.000185075,2.089418126434646,True,True,166.17569074016518,,True,NUCLEATED,38,7,,CSV_VERIFIED,0,2,1,1,0,1_STEP,CLEAN,0->1,1,1,0,0,0,81.2312123679,81.2312123679,2.73056452495,1.4488366677e-05,221.807080707,221.807066811,2.73056469603,2.73056452495,-1.67023511555e-06,1.4391771386e-05,37.7937645432,218.563520317,48.6728279536,139.996572425,-0.00342757468309,0.224198735186,147.864459922,7.94401574267e-06,242.103799848,242.103792185,4.97410588261,4.97410572518,-8.47424270563e-07,7.89868712037e-06,38.5747150646,239.010964724,OK
59086,0,59086,89.3664164061,125,444.957792428,435.422054259,15.4393528001,-0.0954649366529,420.11998674,1.60172765537,1.506117116653885,5.96211658037,0.25870656779,6.09773057407,-2.88657052597,-3.1640201825,4312.340547063093,-7773.989274152254,1,1,1,21.97423427145356,59086,59086,-0.0172529,-0.0476162,-0.000433186,6.09681464135401,True,True,165.70128487811832,,True,NUCLEATED,40,7,,CSV_VERIFIED,0,2,1,1,0,1_STEP,CLEAN,0->1,1,1,0,0,0,79.5066463491,79.5066463491,2.64714664685,1.84516937541e-05,210.465770548,210.465752285,2.64714687655,2.64714664685,3.56467388127e-06,1.81040907674e-05,10.7948184493,210.188754378,51.5242397393,139.980877578,-0.0191224221002,0.164707638903,215.381661889,7.35649351376e-06,236.959201585,236.959194334,4.59898492019,4.59898477946,1.68643728456e-06,7.16058140819e-06,14.6112196738,236.508298957,OK
59825,0,59825,112.286543732,125,430.853789564,419.268522041,3.33300797456,0.195585220729,2100.62609581,1.08245850488,1.279312665425284,1.25477037712,0.258126057839,5.75850098826,-2.61592878399,-2.94142598829,-1717.6899844939362,-7037.746858322676,1,1,1,11.295087212030698,59825,59825,-0.0167972,-0.0550391,-0.000535959,7.597045165173014,True,True,169.7451268237387,,True,NUCLEATED,40,7,,CSV_VERIFIED,0,2,1,1,0,1_STEP,CLEAN,0->1,1,1,0,0,0,81.4481425626,81.4481425626,2.70827497269,5.38451441329e-06,220.583960715,220.583966074,2.70827490689,2.70827497269,-2.10637130846e-06,-4.95542080734e-06,66.3823420812,210.358428366,44.9714005834,140.031112479,0.0311124793486,0.314290994255,82.1946158773,1.44040038939e-05,242.744657367,242.744644077,5.39775622325,5.39775592771,-1.48358805875e-06,1.43273966459e-05,70.0051742943,232.431160244,OK
59876,0,59876,86.087062038,125,408.828455894,421.894095329,3.49067996464,-0.370898550763,167.506889414,1.67176793082,1.2917915330430227,1.50544846698,0.277035758629,5.82069364273,-3.11018324348,-2.75147079304,-1724.7723574988686,-7604.789417075342,1,1,1,11.401652060785391,59876,59876,-0.0195067,0.0630533,0.000631301,3.616217675124402,True,True,174.8622098897157,,True,NUCLEATED,39,7,,CSV_VERIFIED,0,3,1,1,0,1_STEP,CLEAN,0->1,1,1,0,0,0,78.013424425,78.013424425,2.83450455404,1.69695629226e-06,221.1294053,221.129406809,2.83450453469,2.83450455404,-1.12374377479e-06,-1.27155832995e-06,54.4867827423,214.311465849,45.1276453357,140.068025716,0.0680257157952,0.271848902045,161.417787169,5.14812703079e-06,242.276068272,242.276073047,5.36868401774,5.36868412355,5.60132042072e-07,-5.11756426639e-06,65.6038649172,233.22484037,OK
69556,0,69556,102.150857348,125,413.676597018,408.196774539,2.83622792454,0.276578296495,1833.35327855,0.95159237501,1.2318240529561726,1.0436633544,0.245802421893,5.5394497347,-2.58236951089,-2.73121345883,-4370.467543155495,-6724.387990913881,1,1,1,10.514602558656438,69556,69556,-0.0172831,-0.0251777,-0.000260552,2.7240241683695587,True,True,172.64088402873065,,True,NUCLEATED,40,7,,CSV_VERIFIED,0,2,1,1,0,1_STEP,CLEAN,0->1,1,1,0,0,0,83.3395452493,83.3395452493,2.62215050058,9.22180924905e-06,218.528822311,218.528830293,2.6221504048,2.62215050058,-1.41652122354e-06,9.11236706071e-06,-79.0847057482,-203.716605846,52.1934748508,139.993967992,-0.00603200839606,0.17711188401,157.203729251,1.56616130017e-05,241.052923202,241.052914534,4.61844941137,4.61844924529,9.36557694442e-06,-1.25527722163e-05,-81.1347696114,-226.988239661,OK
69978,0,69978,88.0006627847,125,421.62246646,426.043290924,5.25718740734,-0.339344305709,43.1098952285,1.72904588115,1.3828261273785756,3.65012095584,0.264046660482,5.88456081089,-3.05746298959,-2.93361536193,-519.4975229874563,-7589.797586760512,1,1,1,15.955415701924338,69978,69978,-0.0186068,0.0215521,0.000209143,0.3275742814232122,True,True,167.65116443622557,,True,NUCLEATED,39,7,,CSV_VERIFIED,0,3,1,1,0,1_STEP,CLEAN,0->1,1,1,0,0,0,77.7235473344,77.7235473344,2.77776627643,8.89099241565e-06,215.89784328,215.89784867,2.77776620708,2.77776627643,-7.73586928932e-06,-4.38247332834e-06,29.2315897513,213.909777461,40.4644915202,140.154386979,0.154386978759,0.416849968582,192.155563743,8.89099241565e-06,242.374045344,242.374051067,5.98979589854,5.98979603998,-7.73586928932e-06,-4.38247332834e-06,44.3263701577,238.286279011,OK
70755,0,70755,53.1829279937,125,552.84309108,114.412555269,4.8677316474,-0.181209074663,221.519422832,1.55039653307,1.3681807923904645,0.716348383938,0.268217487396,0.435928197423,4.63644032297,-5.03192012888,-973.755467036209,-7791.1366243165,1,1,1,24.804569230010625,70755,70755,0.0609099,0.0626115,0.00138642,3.4440177500385944,True,True,174.8743569492136,,True,NUCLEATED,42,8,,CSV_VERIFIED,0,2,1,1,0,1_STEP,CLEAN,0->1,1,1,0,0,0,82.705929806,82.705929806,2.66924620692,4.32805950943e-05,220.762446327,220.762489424,2.66924568583,2.66924620692,-1.06017864932e-05,-4.19620308716e-05,34.1437620834,218.106077905,53.758869651,139.993790873,-0.00620912731227,0.147462007104,255.280058663,1.2802957885e-05,240.928979239,240.928971731,4.48166006471,4.48165992506,-8.76056366438e-06,9.33639410523e-06,45.651187112,236.564456654,OK
71882,0,71882,91.7002447135,125,413.417546303,421.833702089,7.38315622891,0.0768991109801,1097.95424054,1.35919702833,1.4361721318489042,0.569518624948,0.255074043998,5.9285626788,-2.92018967655,-2.68786749312,-1727.2203719798536,-7604.985196770392,1,1,1,10.186262668927023,71882,71882,-0.0189929,0.0405513,0.000403104,1.2027683512726066,True,True,166.20761242661084,,True,NUCLEATED,39,7,,CSV_VERIFIED,0,2,1,1,0,1_STEP,CLEAN,0->1,1,1,0,0,0,82.9766712408,82.9766712408,2.65834636581,2.15702878844e-05,220.580747629,220.58073244,2.65834654886,2.65834636581,-1.74267223802e-05,-1.27116744175e-05,-33.1849867252,-218.070224654,52.856238039,139.987290253,-0.0127097467052,0.16861989381,212.99386504,1.06368093397e-05,241.085931593,241.085934218,4.56116327112,4.56116332078,-9.85274910213e-06,4.00812275993e-06,-32.9270209382,-238.82679436,OK
72440,0,72440,61.5670438502,125,437.883718665,441.797641158,6.40322025557,-0.454059427117,655.648916482,1.8871925516,1.4158762930366655,0.512167808873,0.24336620855,6.00031992829,-3.2111755957,-3.09738735255,12934.05162263109,-6863.99770175748,1,1,1,9.93200855446544,72440,72440,-0.0187336,0.0199928,0.000181606,0.301159567487508,True,True,166.5673027554337,,True,NUCLEATED,38,7,,CSV_VERIFIED,0,2,1,1,0,1_STEP,CLEAN,0->1,1,1,0,0,0,77.1268666408,77.1268666408,2.81937872811,9.95923034823e-06,217.449854284,217.449847173,2.81937882031,2.81937872811,7.63186156157e-06,6.3985121891e-06,21.1673192118,216.417152106,51.0205288396,139.923927835,-0.0760721651068,0.146822382871,286.055553277,1.98828271757e-05,238.997529471,238.997509604,4.68434049797,4.68434010857,1.91504282266e-06,1.97903872496e-05,32.3462814866,236.798515974,OK
73625,0,73625,42.7529148793,125,541.654348126,119.698862333,18.7536980821,-0.00312301278189,55.5776070181,1.52064698018,1.5175239623258803,4.78029316076,0.258306664403,0.670922276648,4.39188060633,-4.83085768436,-6366.11189569557,-7810.617964393676,1,1,1,23.94725654239081,73625,73625,0.0576716,0.0305896,0.000329708,4.399141442146391,True,True,157.08211077998965,,True,NUCLEATED,42,8,,CSV_VERIFIED,0,2,1,1,0,1_STEP,CLEAN,0->1,1,1,0,0,0,85.1079769301,85.1079769301,2.51435564744,3.11960085985e-05,213.991693057,213.991722436,2.51435530224,2.51435564744,-8.81282505479e-06,2.99253248442e-05,-12.0911874739,-213.649825375,55.0735733721,140.091882364,0.0918823643038,0.139216728318,182.189865844,7.46124772237e-06,238.991587663,238.991580336,4.33949665928,4.33949652624,-1.85005754801e-06,-7.22824353793e-06,-14.4121179316,-238.556638621,OK
73941,0,73941,108.448383471,125,413.308345133,423.41190055,5.00459574748,0.162396600355,1397.97497072,1.21045835845,1.3735773703798293,2.25748969924,0.2554500578,5.91438163673,-2.98195269127,-2.7025604852,-2314.5779714098608,-7420.351086744905,1,1,1,13.112022953604047,73941,73941,-0.019196,0.048944,0.000484487,1.9284166474411488,True,True,167.1052113977037,,True,NUCLEATED,39,7,,CSV_VERIFIED,0,2,1,1,0,1_STEP,CLEAN,0->1,1,1,0,0,0,82.2990457208,82.2990457208,2.64779031744,1.13529775769e-05,217.910627737,217.910616394,2.64779045527,2.64779031744,1.86082033939e-06,1.11994396077e-05,44.6890170446,213.27900374,49.7546446467,139.999883448,-0.000116551861709,0.208682600397,130.493313937,1.55454724369e-06,241.013986614,241.013985134,4.84405000429,4.84404997454,-1.73942076598e-07,1.54478519117e-06,47.5472116984,236.277388684,OK
74099,0,74099,75.2671578125,125,520.170287651,119.530328107,9.06226550744,0.0978199110679,92.3822388787,1.36291669806,1.460893286844744,7.21440180309,0.254073882622,0.763048400633,4.01298030312,-4.45716408243,-11321.040729542836,-7701.157690553916,1,1,1,23.021564821281437,74099,74099,0.0558277,0.0304006,0.000351976,4.217648901635341,True,True,167.06690530154455,,True,NUCLEATED,42,8,,CSV_VERIFIED,0,2,1,1,0,1_STEP,CLEAN,0->1,1,1,0,0,0,90.2001977938,90.2001977938,2.25636222404,1.79414422059e-05,203.524303226,203.524318903,2.25636205024,2.25636222404,6.30185947728e-06,-1.67982712073e-05,30.2033705754,201.270709269,68.8725115639,139.935012124,-0.0649878758724,0.053572861799,75.7481411155,2.33469958928e-05,230.136754999,230.136731929,3.34148922079,3.34148888581,-5.17343789891e-07,2.33412633039e-05,30.240698076,228.141241738,OK
75850,0,75850,81.3665439677,125,405.973938334,408.01269526,2.09821692995,0.171963072365,1766.9137364,0.953225219169,1.126047300819027,0.529610786298,0.238542875686,5.60752135523,-2.70315965296,-2.64831396298,-5572.2757374227485,-6473.767763265285,1,1,1,9.67530355225803,75850,75850,-0.0181122,0.00938365,9.77793e-05,0.33163636299709487,True,True,180.6405085634405,,True,NUCLEATED,38,7,,CSV_VERIFIED,0,2,1,1,0,1_STEP,CLEAN,0->1,1,1,0,0,0,83.9852001614,83.9852001614,2.58856514126,1.21324336802e-05,217.401152841,217.40116152,2.58856503793,2.58856514126,3.06713004842e-06,-1.17383414616e-05,107.666686792,188.868064564,53.3324060004,140.014459015,0.014459015434,0.165877163233,246.20647386,7.8028269551e-06,240.833772437,240.833765863,4.51571175009,4.51571162683,-8.88699916206e-07,7.75205269269e-06,105.773454232,216.362848765,OK
78081,0,78081,53.3740424375,125,384.760514858,401.342575743,4.96848247842,0.0428766476931,115.775438754,1.32929136706,1.3721811630832914,1.27518786318,0.255689600357,5.56698253872,-2.86721763175,-2.43641555263,-8585.146472787199,-7722.377177622896,1,1,1,10.703319878164065,78081,78081,-0.0196843,0.0749986,0.000828842,5.507037182921397,True,True,167.6182083403392,,True,NUCLEATED,39,7,,CSV_VERIFIED,0,2,1,1,0,1_STEP,CLEAN,0->1,1,1,0,0,0,84.5113841603,84.5113841603,2.58979268483,1.51739490855e-06,218.866963628,218.866964483,2.58979267471,2.58979268483,1.00162472621e-06,-1.13983999594e-06,54.4071107789,211.996731258,53.7743373987,140.016008983,0.0160089827407,0.168054808862,237.324879391,1.82884631123e-05,240.869749907,240.869765739,4.47926950956,4.47926980399,-1.21875316449e-05,-1.36356868332e-05,49.0680526131,235.818919158,OK
80432,0,80432,32.0984031195,125,406.557369783,411.514226606,2.05491674037,0.0489254786739,1737.36736377,1.06895055162,1.117895570183834,0.0722723340088,0.233037626106,5.78220004013,-2.79237571382,-2.65835946113,-4957.667467861287,-6776.029501363599,1,1,1,9.233303327566981,80432,80432,-0.0184844,0.0230949,0.000238766,0.3600986268156524,True,True,180.41142534924782,,True,NUCLEATED,39,7,,CSV_VERIFIED,0,3,1,1,0,1_STEP,CLEAN,0->2,1,1,0,0,0,109.312457586,109.312457586,2.48778667707,1.30042308806e-05,271.946088305,271.94607562,2.48778679311,2.48778667707,-1.19969105252e-05,-5.0183820747e-06,-267.830413853,-47.1332617142,54.4698482515,140.01340102,0.0134010204767,0.240459726316,160.291162247,5.56343441086e-06,295.781889949,295.781884452,5.43019485905,5.43019475814,-5.21590271989e-06,-1.93550026105e-06,-289.900229535,-58.6922766407,OK
80454,0,80454,94.2222176607,125,534.346313833,108.551298308,4.20650925911,0.259324866932,682.785721195,1.0750787538,1.337401843663834,2.32688204123,0.243302353058,0.546610025413,4.3789026919,-4.66804683358,-8267.6742151089,-7222.450257378825,1,1,1,23.30855590996255,80454,80454,0.0619281,0.0949779,0.00265718,5.2409615912436704,True,True,175.52192566234706,,True,NUCLEATED,42,8,,CSV_VERIFIED,0,2,1,1,0,1_STEP,CLEAN,0->1,1,1,0,0,0,82.7109840294,82.7109840294,2.65340489497,1.63396733472e-05,219.465723338,219.465729892,2.65340481574,2.65340489497,1.28007265738e-05,-1.01551132085e-05,55.9879807055,212.204028559,48.9646849808,139.89361513,-0.106384869946,0.226760526926,234.47629652,1.70923177756e-05,242.086183717,242.086200624,4.94409764531,4.94409799061,-6.41333187605e-06,-1.58435002821e-05,56.9155222143,235.300539051,OK
83150,0,83150,112.801546078,125,547.81773717,121.796043459,5.30554051748,-0.149977692706,428.949221643,1.53504540455,1.3844996942993932,5.03446010374,0.265921862214,0.460724058091,4.50777277953,-4.92014700881,-4363.015566146053,-7739.562793928806,1,1,1,24.236710643575783,83150,83150,0.0573358,0.0186337,-5.60264e-05,5.561178574551954,True,True,172.41362674936042,,True,NUCLEATED,38,8,,CSV_VERIFIED,0,2,1,1,0,1_STEP,CLEAN,0->1,1,1,0,0,0,83.5340868535,83.5340868535,2.57601720119,1.71114552561e-05,215.185260757,215.185244621,2.57601739437,2.57601720119,-2.67490637004e-06,1.69010880387e-05,38.9905074427,211.623337032,56.352702625,139.997995923,-0.00200407658545,0.122965743259,183.860803296,3.50999361834e-06,238.264443189,238.264441398,4.22809256861,4.22809253681,-2.62924999214e-06,2.32531711377e-06,44.6403633769,234.045258115,OK
83742,0,83742,80.8784818661,125,544.398743659,119.060579835,8.61809609208,0.0635442913752,471.820164389,1.39169088562,1.455278018890087,3.43723259182,0.255927686956,0.630210538379,4.4969939831,-4.82928569259,-6210.191526321178,-7705.992125278287,1,1,1,24.112055582361045,83742,83742,0.05818,0.0344587,0.000451837,4.151746366124101,True,True,167.55685889731785,,True,NUCLEATED,42,8,,CSV_VERIFIED,0,2,1,1,0,1_STEP,CLEAN,0->1,1,1,0,0,0,83.5033595705,83.5033595705,2.60861883639,1.1925963737e-05,217.82843261,217.828436677,2.60861878768,2.60861883639,-1.16346403258e-05,-2.61987700947e-06,27.498127221,216.085814094,46.0558842529,139.854430049,-0.145569951491,0.292154104627,181.618001911,1.62163013686e-06,242.462083063,242.46208327,5.2645191162,5.26451912069,-1.62155828555e-06,-1.52652326976e-08,28.6511602221,240.763312698,OK
83902,0,83902,83.1867042452,125,388.578929846,385.291267171,8.41659626996,0.203490772256,259.45844862,1.24761585845,1.4525378377418807,6.66472786104,0.246611379732,5.23926218492,-2.37442250614,-2.45850685282,-12747.043101443114,-7498.413405356408,1,1,1,22.95108451827648,83902,83902,-0.0171539,-0.013985,-0.000162926,1.5905361469560502,True,True,166.48987939542243,,True,NUCLEATED,38,7,,CSV_VERIFIED,0,2,1,1,0,1_STEP,CLEAN,0->1,1,1,0,0,0,88.2551727577,88.2551727577,2.30715402425,2.34409893332e-05,203.61826751,203.618276989,2.30715391685,2.30715402425,2.26387792782e-05,6.07993862723e-06,-31.2147151784,-201.211432131,55.3407263935,140.007173407,0.00717340650672,0.138849148528,224.212751407,1.36830766658e-05,237.358793728,237.35878799,4.28904369705,4.28904359337,-1.30526457892e-05,-4.10548717506e-06,-30.2897503389,-235.418198074,OK
85669,0,85669,97.9959174422,125,408.284176871,398.488798601,6.59919560215,0.328452611526,1266.11317142,1.08574201661,1.4204068446202451,1.88234379433,0.238752627919,5.38381823407,-2.35216288176,-2.61333832207,-5296.477156717643,-7154.278684354689,1,1,1,11.950813779212776,85669,85669,-0.0166469,-0.0435224,-0.000467654,5.452528734449589,True,True,166.3304060691471,,True,NUCLEATED,40,7,,CSV_VERIFIED,0,2,1,1,0,1_STEP,CLEAN,0->1,1,1,0,0,0,84.6848819265,84.6848819265,2.53984841429,9.4060518949e-06,215.086759844,215.086763075,2.53984837613,2.53984841429,-9.26946168462e-06,-1.59715131625e-06,38.5196352083,211.609432596,57.1365453287,139.999430825,-0.000569174675235,0.122024038293,221.086311703,1.24338328983e-05,238.780554929,238.78056445,4.1791213234,4.17912149004,-9.38344361574e-06,-8.1578910543e-06,37.2309744686,235.8601449,OK
86139,0,86139,98.2924322231,125,375.407921909,379.170629476,5.86785933694,0.439074406097,630.499514512,0.947429889845,1.401998092471877,4.68047125056,0.229309102617,4.97060886866,-2.35974771227,-2.26591274547,-10440.213207397619,-6929.738735635929,1,1,1,17.467026086392284,86139,86139,-0.0178756,0.0156934,0.000186793,0.28285454834249935,True,True,166.9489846454503,,True,NUCLEATED,38,7,,CSV_VERIFIED,0,2,1,1,0,1_STEP,CLEAN,0->1,1,1,0,0,0,89.1412894321,89.1412894321,2.29254451487,9.27159206448e-06,204.360375415,204.360374136,2.29254452922,2.29254451487,8.73311234364e-06,-3.11370650565e-06,-41.418127178,-200.119218919,64.8298234044,139.74928266,-0.250717339851,0.0724032839441,268.850414804,2.25182130433e-05,233.482173332,233.482150924,3.60146242996,3.60146208432,-1.81521608051e-06,-2.24449305912e-05,-41.7599468888,-229.717287333,OK
86856,0,86856,114.794328119,125,438.373677804,436.814277244,5.01548886359,-0.0843087267944,2401.77310369,1.45840364804,1.3739947232229452,0.502415512935,0.259703712692,6.12252647663,-2.92347489548,-2.968579284,4757.83340781568,-7345.426897685324,1,1,1,10.471863782088631,86856,86856,-0.0181017,-0.0078377,-7.12697e-05,1.0595393780659383,True,True,166.61463399793914,,True,NUCLEATED,38,7,,CSV_VERIFIED,0,2,1,1,0,1_STEP,CLEAN,0->1,1,1,0,0,0,82.0107196038,82.0107196038,2.69233455755,2.50584345335e-05,220.800318302,220.800294479,2.69233484804,2.69233455755,1.2418732211e-05,2.17646555576e-05,44.5615246705,216.256909904,53.1350930995,139.96890683,-0.0310931696941,0.157653746927,243.483797289,1.31233262141e-05,240.657920054,240.657911289,4.52917094929,4.52917078433,-7.85693737244e-06,1.0511433111e-05,47.2198838348,235.979908161,OK
90438,0,90438,94.0328743981,125,411.223786325,403.57755487,4.87310286764,0.106197014968,702.045855848,1.26200041994,1.3683980663473199,2.47304336268,0.255799854391,5.48875747944,-2.52957029556,-2.73547153308,-6098.270600355662,-7556.697580232574,1,1,1,13.172314818767017,90438,90438,-0.0169708,-0.0345796,-0.000364202,3.9948815208512767,True,True,167.4656339122503,,True,NUCLEATED,40,7,,CSV_VERIFIED,0,2,1,1,0,1_STEP,CLEAN,0->1,1,1,0,0,0,84.5154858792,84.5154858792,2.5570964172,2.40563104866e-05,216.11422861,216.11424614,2.55709620979,2.5570964172,-1.23202857302e-05,2.06619610336e-05,-46.4625026096,-211.060644505,50.9436774737,139.532732119,-0.467267880651,0.199754486906,219.611757897,2.36853494324e-05,240.930070285,240.930046601,4.72934193669,4.72934147177,-5.02094384976e-06,-2.31470495008e-05,-48.9182461431,-235.911644397,OK
93837,0,93837,116.37321369,125,545.695705158,111.327080281,4.65555031011,0.220784215007,776.740759129,1.13659539001,1.3592138444092525,3.85736394349,0.260854142719,0.411046564501,4.5736559353,-4.85823261728,-5189.340959324238,-7546.75083752219,1,1,1,24.13305628696073,93837,93837,0.0616613,0.0801928,0.00204299,4.047279833052988,True,True,173.40145007403834,,True,NUCLEATED,42,8,,CSV_VERIFIED,0,2,1,1,0,1_STEP,CLEAN,0->1,1,1,0,0,0,83.6677753872,83.6677753872,2.59506242833,1.92640279855e-05,217.123081171,217.12310037,2.59506219887,2.59506242833,-2.57333263816e-06,-1.90913785086e-05,46.6373856809,212.055149982,50.3496516683,140.127902346,0.127902345774,0.199866698086,197.981308484,8.17773678447e-06,241.135435615,241.135437583,4.78921755415,4.78921759324,-8.1743175102e-06,-2.36457519501e-07,51.2449474179,235.627361894,OK
94436,0,94436,94.087608919,125,374.916810139,385.943316853,8.92972923884,0.451368039224,923.875100144,0.990977643326,1.459275484529599,3.51612202252,0.225689570874,5.24847895635,-2.46196804205,-2.18469825228,-11051.854321148672,-6866.409647746831,1,1,1,15.042547191788724,94436,94436,-0.0188395,0.0472264,0.000555166,1.7586170657280382,True,True,165.96475798866788,,True,NUCLEATED,39,7,,CSV_VERIFIED,0,2,1,1,0,1_STEP,CLEAN,0->1,1,1,0,0,0,83.5921893094,83.5921893094,2.54394021574,1.06190887646e-05,212.653530611,212.653532106,2.54394019786,2.54394021574,1.01582608744e-05,-3.09431449559e-06,32.7133254959,210.122255881,53.2597965645,140.167849699,0.167849699285,0.155802400679,253.61741237,1.2226756547e-05,239.51296832,239.512968566,4.49706877925,4.49706878388,1.21086948399e-05,-1.69501767925e-06,28.4172266264,237.821200115,OK
97218,0,97218,74.0518562394,125,529.945898861,105.187214529,3.16970614137,0.209087186836,289.94777308,1.05455141355,1.2651928349054684,1.28433926827,0.237336233522,0.59969542919,4.29183157198,-4.62410159013,-9958.051148730083,-7172.259808018012,1,1,1,23.0556633435482,97218,97218,0.0631094,0.113981,0.00345742,7.701021408045,True,True,182.70151149587645,,True,NUCLEATED,42,8,,CSV_VERIFIED,0,2,1,1,0,1_STEP,CLEAN,0->1,1,1,0,0,0,81.6081838936,81.6081838936,2.69908412889,6.13217787745e-06,220.267353404,220.267353935,2.69908412239,2.69908412889,5.52551003898e-06,-2.65938796152e-06,77.9995350279,205.994610393,53.4853852615,140.035364024,0.0353640239694,0.157553465339,250.50216662,1.86384401966e-05,240.910248766,240.91026158,4.50422573545,4.50422597504,-1.68368505602e-05,-7.99449286559e-06,74.587470099,229.073039148,OK
107062,0,107062,95.8304557623,125,375.924959491,393.200143368,4.08969539895,0.309409882474,65.3790478315,1.0164123659,1.3309847659899807,3.13445195675,0.242092474917,5.31140784054,-2.76967683988,-2.33056065321,-11112.317408125704,-7256.463072619969,1,1,1,14.036701190154885,107062,107062,-0.0196728,0.0760292,0.00087391,5.691598254948774,True,True,168.70104231287155,,True,NUCLEATED,39,7,,CSV_VERIFIED,0,3,2,1,0,1_STEP,CLEAN,0->1,1,1,0,0,0,83.8439318886,83.8439318886,2.57675399016,6.36432345793e-06,216.045191281,216.045186044,2.57675405261,2.57675399016,-4.87276814911e-06,-4.09398872033e-06,-57.124564208,-208.356206626,50.9090091568,140.038802238,0.0388022383483,0.198887924404,171.170995438,8.93925260843e-06,240.911980764,240.911979742,4.73220722136,4.73220720129,8.36992936646e-06,-3.13919091452e-06,-58.2651972147,-233.76002496,OK
114985,0,114985,98.787006763,125,558.521404105,121.989825644,2.62637496473,-0.268952235547,2673.19853268,1.47929656172,1.2069915435702954,0.363730332486,0.275443499287,0.385509040298,4.79578580269,-5.02193649498,1415.9726965486825,-6871.7990731019245,1,1,1,25.04289013062644,114985,114985,0.0581763,0.0178157,-8.93031e-05,5.767833461764531,True,True,171.76425504119692,,True,NUCLEATED,38,8,,CSV_VERIFIED,0,2,1,1,0,1_STEP,CLEAN,0->1,1,1,0,0,0,83.1475593724,83.1475593724,2.67847226696,9.53586110938e-06,222.708439199,222.708431844,2.67847235542,2.67847226696,2.99033369238e-06,-9.05486341728e-06,-80.7255814053,-207.563073299,53.3503532432,139.999886248,-0.000113751684808,0.15395327497,244.51028769,1.9597974735e-05,241.618318202,241.618337283,4.52889818932,4.52889854697,2.60745007666e-06,1.94237436611e-05,-85.9584659604,-225.810880652,OK
116440,0,116440,81.2472271522,125,426.143745835,417.224833633,5.50214315067,-0.186219921527,286.936709002,1.57832473874,1.3910113819653083,2.59572181069,0.265825990994,5.71974491279,-2.72529107423,-2.97388418396,-1535.15634036266,-7753.920971746781,1,1,1,13.68120835495269,116440,116440,-0.0170498,-0.0421356,-0.000415838,5.16646196587464,True,True,166.67109458603846,,True,NUCLEATED,40,7,,CSV_VERIFIED,0,2,1,1,0,1_STEP,CLEAN,0->1,1,1,0,0,0,81.7996426278,81.7996426278,2.6466955759,9.84888701869e-06,216.49874326,216.498752254,2.64669546596,2.6466955759,-5.31160535182e-06,-8.29381842661e-06,32.3171332527,214.073138743,54.2226153796,139.999725282,-0.000274718286079,0.141132598461,224.325238787,1.6128748027e-05,238.96236323,238.962347226,4.40706080953,4.40706051439,7.77937710959e-07,1.61099759726e-05,41.1411028711,235.394181523,OK
120360,0,120360,107.85148163,125,394.652382167,408.441244203,3.94538961804,0.476684001289,1323.47360451,0.825684794022,1.3225634850238992,2.25736485067,0.23659877805,5.55964309075,-2.8478572613,-2.48187976059,-5438.034693439993,-6811.333446033808,1,1,1,12.550281473810406,120360,120360,-0.0194422,0.0637825,0.000679005,3.7188594746378985,True,True,168.84384739704325,,True,NUCLEATED,39,7,,CSV_VERIFIED,0,2,1,1,0,1_STEP,CLEAN,0->1,1,1,0,0,0,82.7270808108,82.7270808108,2.62113295997,1.66651220324e-05,216.838692649,216.838678195,2.62113313468,2.62113295997,-4.14857149897e-06,1.61404971074e-05,57.7270544744,209.013410602,47.2615563029,139.998430025,-0.00156997453692,0.257017277155,151.217966521,2.17090484714e-05,241.932331474,241.932309909,5.11900898743,5.11900853114,7.77042111268e-06,2.02707508807e-05,60.0395958282,234.36403296,OK
122020,0,122020,88.9860911359,125,557.729732524,121.688259152,8.32929047954,-0.174027314834,268.89589798,1.62622790689,1.451309982647143,6.63168437272,0.260980135382,0.392326790402,4.68832019505,-5.1026250798,44.04218073886568,-7742.798390699952,1,1,1,25.076842419885747,122020,122020,0.0582332,0.019582,-3.44728e-05,5.564633518843733,True,True,168.37259342721373,,True,NUCLEATED,38,8,,CSV_VERIFIED,0,2,1,1,0,1_STEP,CLEAN,0->1,1,1,0,0,0,81.6136933988,81.6136933988,2.61038467499,1.33847717647e-05,213.043147803,213.043134518,2.61038483778,2.61038467499,-2.7598091803e-07,1.33819262337e-05,21.5259342267,211.952865,56.2854940022,140.023081202,0.023081201943,0.117972243666,280.233146147,4.06199428508e-05,236.778410628,236.778370142,4.20673949524,4.20673877595,1.58331916012e-06,4.05890731311e-05,28.4213487102,235.066464382,OK
123060,0,123060,72.5499597919,125,526.143407988,106.82474373,4.04994139817,0.18109280214,239.238720474,1.14662375264,1.3287212647406876,1.7396562903,0.242131676927,0.636112134684,4.21428727882,-4.5574544059,-10410.515477746936,-7355.700482512845,1,1,1,22.737049910043275,123060,123060,0.0619976,0.103715,0.00305124,6.2541654832643685,True,True,178.67871995996293,,True,NUCLEATED,42,8,,CSV_VERIFIED,0,2,1,1,0,1_STEP,CLEAN,0->1,1,1,0,0,0,83.0375241333,83.0375241333,2.63911207218,1.54619127784e-05,219.145318273,219.145332384,2.63911190224,2.63911207218,-1.00966167601e-05,-1.17102124987e-05,62.7608620486,209.966056104,56.48812545,140.301068678,0.301068678228,0.129282513879,299.3562512,2.27712993196e-05,239.759544934,239.759522208,4.24442381517,4.24442341284,7.04973230828e-06,2.16525598275e-05,59.7676123313,232.190593916,OK
123959,0,123959,37.3779462657,125,414.322273121,428.007961736,3.1358844812,0.343530933353,1380.74559875,0.911427166993,1.262101237932639,0.430908447302,0.179226765288,6.36876083121,-3.13881487416,-2.75782904214,-9840.362418582257,-5800.761091330622,1,1,1,10.521330824606865,123959,123959,-0.0196372,0.0673051,0.000656716,4.240182841227976,True,True,171.28566124171175,,True,NUCLEATED,39,7,,CSV_VERIFIED,0,3,1,1,0,1_STEP,CLEAN,0->2,1,1,0,0,0,89.5654608076,89.5654608076,2.11494774191,1.85564745357e-05,189.426281101,189.426269088,2.11494787603,2.11494774191,-8.38818264924e-06,-1.65523756312e-05,-184.21519328,-44.125712872,48.8313925602,140.443666013,0.443666013261,0.144747579586,220.709678173,1.53830424072e-05,207.048386269,207.048375581,4.24006720704,4.24006698817,-6.73868771727e-06,-1.38285242e-05,-196.882112484,-64.0817293802,OK
125648,0,125648,102.460532193,125,532.760310034,120.960181056,2.39415821079,0.28556820895,55.3826482401,0.885539967259,1.1751392412897783,1.38152932632,0.262940122643,0.597707191443,4.2092429172,-4.68764988955,-9150.477746980994,-7287.297763542888,1,1,1,23.079142694499353,125648,125648,0.0563603,0.0229193,9.26049e-05,4.966011102119464,True,True,186.37433548929928,,True,NUCLEATED,38,8,,CSV_VERIFIED,0,3,2,1,0,1_STEP,CLEAN,0->1,1,1,0,0,0,80.7300705262,80.7300705262,2.75980256842,2.23916674773e-05,222.799034452,222.799055987,2.75980230166,2.75980256842,-1.44153093774e-05,-1.7134340605e-05,91.2572560487,203.252362769,45.7750113064,139.995785748,-0.00421425249613,0.300111806819,193.587039703,7.28186062884e-06,243.274052756,243.274059649,5.31456018934,5.31456033992,-5.08152480978e-07,-7.26410870472e-06,94.3082126012,224.250364058,OK
125752,0,125752,109.114628251,125,438.834707133,450.79598695,10.607679042,-0.47731736852,922.85231623,1.9744021088,1.476802783875067,5.04678789554,0.249477234147,6.31539648413,-3.37070896669,-3.01902935582,10673.787818076446,-7375.373989709008,1,1,1,19.671762371869384,125752,125752,-0.0196658,0.0628366,0.000555108,3.5877618802673212,True,True,165.70482557767497,,True,NUCLEATED,39,7,,CSV_VERIFIED,0,2,1,1,0,1_STEP,CLEAN,0->1,1,1,0,0,0,77.6604098967,77.6604098967,2.73027482261,1.41766745862e-05,212.034251816,212.034261855,2.73027469335,2.73027482261,-1.07553807799e-05,-9.23579377223e-06,16.3741619314,211.401066138,50.6871056332,140.257821691,0.257821690501,0.165836411714,222.891865945,6.57423732036e-06,237.260605346,237.260599416,4.6808868327,4.6808867157,3.35708115585e-06,5.65248639604e-06,21.2345090459,236.30846467,OK
128097,0,128097,111.600096145,125,542.607657042,116.164446931,2.28612781846,-0.321992768353,437.729276829,1.4862859167,1.1584523115185124,1.18079253493,0.303384587997,0.438271540016,4.43893993346,-4.84551015411,-5542.68912182398,-7668.0546379689895,1,1,1,23.85268186927748,128097,128097,0.0592599,0.0512828,0.00101845,3.4340427546829777,True,True,183.33347390148631,,True,NUCLEATED,42,8,,CSV_VERIFIED,0,3,2,1,0,1_STEP,CLEAN,0->2,1,1,1,0,0,81.8022407587,81.8022407587,2.72397148271,1.25514253121e-05,222.826983157,222.826971048,2.72397163073,2.72397148271,7.93551483351e-06,9.7244990458e-06,90.4456495561,203.645399897,47.3895182311,140.002910841,0.00291084094923,0.255425796074,120.199365031,1.63574034538e-05,242.987994182,242.987978206,5.12746284942,5.1274625123,9.62229703984e-06,1.32278512022e-05,97.4033150862,222.611229561,OK
131572,0,131572,94.8562705398,125,413.280306987,421.392611078,4.89110444292,0.06760003261,1473.97046509,1.30147129264,1.3691229174512853,0.929759065231,0.255723554522,5.88760529437,-2.92207271334,-2.69829319954,-1681.1270410706466,-7450.306875020831,1,1,1,10.688907346054874,131572,131572,-0.0189545,0.0390303,0.000388544,1.0934955919863376,True,True,167.16577865666147,,True,NUCLEATED,39,7,,CSV_VERIFIED,0,2,1,1,0,1_STEP,CLEAN,0->1,1,1,0,0,0,83.6251910674,83.6251910674,2.62107654282,1.88478170868e-05,219.188041278,219.188026696,2.6210767172,2.62107654282,1.4817241074e-05,1.16485868625e-05,47.4889516537,213.981767705,55.8777755541,139.975089661,-0.024910338728,0.134751758426,278.835355324,1.44311891359e-05,239.83445449,239.834443503,4.29212602169,4.29212582507,1.13939796067e-05,8.85643543399e-06,48.7231178728,234.833181951,OK
132414,0,132414,86.7408063382,125,416.120867102,429.30499585,5.46823297492,-0.12399207099,758.405061514,1.51423256615,1.3899205671026018,1.73754867819,0.264020414361,6.06292036213,-3.15888615283,-2.79051403889,-877.9634137898993,-7702.670953553924,1,1,1,12.237702401097852,132414,132414,-0.0195951,0.0650834,0.000630972,3.907730529957386,True,True,166.14098987304826,,True,NUCLEATED,39,7,,CSV_VERIFIED,0,2,1,1,0,1_STEP,CLEAN,0->1,1,1,0,0,0,80.9073783787,80.9073783787,2.72030966074,1.35417231464e-05,220.093113425,220.093123029,2.72030954204,2.72030966074,7.75217796322e-06,-1.11032428866e-05,37.8647357537,216.811531897,44.3611286729,140.025419904,0.0254199042321,0.325035801218,215.977257002,6.09392940141e-06,242.58252552,242.582530926,5.46835783437,5.46835795624,-3.7312947761e-06,-4.81803018288e-06,43.250646163,238.695754663,OK
132471,0,132471,111.108302536,125,391.091824077,404.955070935,16.3361403557,0.44791588888,777.990737744,1.04522569387,1.50965864500721,2.04183302647,0.244680076513,5.5945790446,-2.68139689179,-2.31667369078,-5503.048123919831,-7395.647683288406,1,1,1,12.354396129822856,132471,132471,-0.0194111,0.0634026,0.000685851,3.6647249350449687,True,True,165.41370224176987,,True,NUCLEATED,39,7,,CSV_VERIFIED,0,2,1,1,0,1_STEP,CLEAN,0->1,1,1,0,0,0,84.6984406429,84.6984406429,2.54273498141,1.84306769231e-05,215.36567097,215.365687894,2.5427347816,2.54273498141,5.97447851038e-06,-1.74354655335e-05,16.5841185168,214.726195993,56.0654356977,139.958572003,-0.0414279969673,0.132492141172,261.918282414,5.64261569138e-06,239.252325262,239.25232046,4.26737654464,4.267376459,3.2654378931e-06,4.60174175796e-06,15.3461473807,238.759650912,OK
134318,0,134318,117.256919551,125,416.824624741,422.329628783,6.73799727083,0.185648664863,779.192958744,1.23672778353,1.423459745366881,6.67122336442,0.258524292056,5.872169082,-2.93502579897,-2.78235385907,-3682.8079693837226,-7639.140529074738,1,1,1,23.43801369985241,134318,134318,-0.01868,0.026542,0.000262085,0.4546455253516187,True,True,166.49188814643793,,True,NUCLEATED,39,7,,CSV_VERIFIED,0,2,1,1,0,1_STEP,CLEAN,0->1,1,1,0,0,0,81.6078811993,81.6078811993,2.56750119753,7.15171282385e-06,209.528326179,209.528332707,2.56750111753,2.56750119753,3.82486355323e-06,6.04296410001e-06,-30.02431157,-207.366005377,49.2755374898,139.984203361,-0.0157966393437,0.203984003112,70.3832087604,3.89746498782e-06,238.611244661,238.611247007,4.84238745668,4.84238750427,3.42455640903e-06,1.86081883391e-06,-35.1839978981,-236.002992292,OK
134476,0,134476,116.350496059,125,408.177964316,402.224839277,3.3306029112,0.0748553700237,362.269589777,1.20418846168,1.2791139150719246,2.51767613548,0.274680695919,5.36702152973,-2.57196519906,-2.73140829582,-6859.573822967815,-7674.4881968528525,1,1,1,13.016860638611792,134476,134476,-0.0171361,-0.0268164,-0.000285181,2.9352382077346935,True,True,169.95260985617108,,True,NUCLEATED,40,7,,CSV_VERIFIED,0,3,2,1,0,1_STEP,CLEAN,0->1,1,1,0,0,0,84.2704524595,84.2704524595,2.5751913666,1.21583886013e-05,217.012534876,217.012541633,2.57519128641,2.5751913666,7.68253117031e-06,-9.42364728738e-06,63.6171041118,207.478443115,51.4690763397,139.996017381,-0.00398261941328,0.191629131804,168.880802893,5.02653076795e-06,240.916737296,240.91674139,4.68080553274,4.68080561229,1.6112623069e-06,-4.76128610142e-06,69.4520548236,230.688721853,OK
138338,0,138338,70.4613693335,125,543.221459341,120.360125118,4.971088148,0.253789330974,1196.9771696,1.1156867072,1.3722825558792537,0.456409373056,0.229091727891,0.736190073841,4.49976041428,-4.77391908106,-8023.251185500541,-6965.197244900001,1,1,1,24.05746814556649,138338,138338,0.0575319,0.0268233,0.000206569,4.717065860756954,True,True,170.10351705748275,,True,NUCLEATED,42,8,,CSV_VERIFIED,0,2,1,1,0,1_STEP,CLEAN,0->1,1,1,0,0,0,77.1986466465,77.1986466465,2.88633108271,2.68169393339e-05,222.820831564,222.820853359,2.88633080038,2.88633108271,9.09714400688e-06,-2.52267755798e-05,60.6900702201,214.396451359,41.8991716527,139.998012688,-0.00198731203855,0.380713551459,98.3226075382,1.19602936819e-05,243.978430554,243.97844169,5.82298935589,5.82298962168,-6.51718102123e-06,-1.00287076183e-05,49.1768871771,238.970936189,OK
138380,0,138380,46.5893845607,125,420.844417525,412.077906843,3.30589110156,0.39865765493,983.509413708,0.867003724966,1.2770564197673242,0.897551017143,0.174835063984,5.94915873747,-2.62670205856,-2.86802079917,-11622.918691882873,-5701.871915096236,1,1,1,10.943356500628532,138380,138380,-0.0169857,-0.0407452,-0.000411747,4.944892033662475,True,True,170.8163330711231,,True,NUCLEATED,40,7,,CSV_VERIFIED,0,4,8,3,0,1_STEP,CLEAN,0->1,1,1,0,0,0,58.6285116792,58.6285116792,3.68561531105,1.10949293472e-05,216.082130052,216.082140309,3.6856151361,3.68561531105,-8.50486267402e-06,-7.12493986746e-06,100.23422335,191.427760257,35.4552821766,140.111812235,0.111812234702,0.33701383976,231.275235732,1.41629308136e-05,242.868543555,242.868555617,6.84999606956,6.84999640977,-1.07409725166e-05,-9.23147434753e-06,73.9029675207,231.351422819,OK
139185,0,139185,70.9241295121,125,449.654967933,119.175253111,19.2310441347,0.367718934691,301.975704086,1.1422889587,1.5188438615589694,6.44727828823,0.228325646103,1.64909360053,2.96792780229,-3.24487044057,-36125.33904797872,-6986.304933645546,1,1,1,21.251011703280245,139185,139185,0.0491786,0.0280392,0.000376541,3.7215330224277263,True,True,157.69139866425164,,True,NUCLEATED_ACTION_CHECK_WARN,42,8,,CSV_VERIFIED,0,3,2,1,0,1_STEP,CLEAN,0->1,1,1,0,0,0,74.2199788275,74.2199788275,0.0406989326679,88.6197109906,85.651155465,3.02067392091,1.15401751413,0.0406989326679,88.219292249,8.41484706629,85.3145516309,7.58602086149,73.8494351391,0.0127137901017,-139.98728621,0.000900760185649,8.04766836397,88.4161029926,85.759416216,2.70503707187,1.16127382768,0.0366290827652,88.0171682027,8.38959891648,85.4185901792,7.63818836541,OK
140874,0,140874,113.459733797,125,440.196812386,441.078361536,2.5697487066,-0.215210091834,4782.02704885,1.41659119101,1.1996842333935844,0.081597702888,0.260653157926,6.21631555836,-2.99387777945,-2.96820234218,5282.95113355231,-6000.41153221316,1,1,1,9.955950171663767,140874,140874,-0.0184082,0.00448964,4.12419e-05,0.44127686312196857,True,True,171.39340880487273,,True,NUCLEATED,38,7,,CSV_VERIFIED,5.55111512313e-17,2,1,1,0,1_STEP,CLEAN,0->1,1,1,0,0,0,81.8084451954,81.8084451954,2.70573614028,1.35834171428e-05,221.352078246,221.352066745,2.70573628086,2.70573614028,2.3819801237e-06,-1.33729350543e-05,-83.0951312044,-205.163207505,52.8322451437,139.997343503,-0.0026564971696,0.15942034245,221.038925143,2.55874232366e-05,240.852594195,240.852619527,4.55881807673,4.55881855621,1.25795962274e-05,2.22816064646e-05,-87.6647004347,-224.332058405,OK
141653,0,141653,92.6333249681,125,545.583775509,117.330901366,2.06874413407,0.30136648066,2281.23830198,0.814403364917,1.1205288031766159,0.626370779283,0.228410572378,0.507049878693,4.55996083893,-4.82252034565,-4867.049826067191,-5900.684004799838,1,1,1,24.09453259351696,141653,141653,0.0590181,0.0446731,0.00078801,3.6383515942907314,True,True,187.38824932202425,,True,NUCLEATED,42,8,,CSV_VERIFIED,0,2,1,1,0,1_STEP,CLEAN,0->1,1,1,0,0,0,82.0100250067,82.0100250067,2.68751308909,7.82091388163e-06,220.40300987,220.403015642,2.68751301871,2.68751308909,-1.85514362814e-06,7.59770597371e-06,-105.906874737,-193.290508415,44.9233953391,140.007388043,0.00738804296418,0.312363737804,89.9767263828,2.19541557046e-05,243.454572458,243.454551628,5.41932707045,5.41932660678,-1.53634170343e-05,-1.56828049064e-05,-106.698398528,-218.827741848,OK
143198,0,143198,112.988466695,125,429.359061083,428.744897638,5.65618178149,0.25866369567,2098.90342573,1.13416833927,1.395806900961522,0.766435111219,0.251231498352,5.97843988394,-2.82656339687,-2.8439808099,2134.935994230271,-7282.649233974501,1,1,1,10.689463695289076,143198,143198,-0.0180999,-0.00301422,-2.83216e-05,0.7700639205929304,True,True,166.43941034338917,,True,NUCLEATED,38,7,,CSV_VERIFIED,0,2,1,1,0,1_STEP,CLEAN,0->1,1,1,0,0,0,82.4601483889,82.4601483889,2.6651263344,1.70214193744e-05,219.766700744,219.76671301,2.66512618565,2.6651263344,-1.38836791909e-05,-9.84744482816e-06,41.0244286656,215.903679933,54.6876320554,139.999963553,-3.64469988767e-05,0.14148973594,271.705173578,1.98916684978e-05,240.049973863,240.049954138,4.38947463698,4.38947427628,9.55092941177e-07,1.9868726006e-05,42.3451471053,236.285586671,OK
143459,0,143459,82.8662141082,125,409.909083534,407.821550619,3.42398523433,0.282337138954,2048.2013857,1.00041271986,1.2866422161750948,0.506133929957,0.223697705285,5.61532398165,-2.59435808707,-2.65077422872,-4511.5305924235045,-6518.828245837564,1,1,1,9.741422294870471,143459,143459,-0.0176513,-0.00958988,-0.000100242,1.2084809267451415,True,True,169.72195601616056,,True,NUCLEATED,38,7,,CSV_VERIFIED,0,2,1,1,0,1_STEP,CLEAN,0->1,1,1,0,0,0,82.3571297201,82.3571297201,2.64458038836,2.05098651041e-05,217.800065614,217.800050099,2.64458057674,2.64458038836,1.7912743796e-05,9.98940319967e-06,74.5071365885,204.659608078,52.704266009,139.954917631,-0.0450823691967,0.165028982611,228.329487397,1.80345325699e-05,240.811365077,240.811382575,4.56910575391,4.56910608591,-8.84864827753e-07,-1.8012811531e-05,69.709746084,230.500899893,OK
147311,0,147311,75.565777304,125,527.149283876,122.007897765,6.37836050363,0.193894011886,132.914263827,1.2201522186,1.4152821598455463,4.15505563048,0.244382740433,0.823023491305,4.11433549243,-4.57759524901,-12792.954730326419,-7457.44960115687,1,1,1,22.78448022317209,147311,147311,0.0554259,0.0167833,-9.81179e-05,5.537023555358273,True,True,171.8401837507955,,True,NUCLEATED,38,8,,CSV_VERIFIED,0,2,1,1,0,1_STEP,CLEAN,0->1,1,1,0,0,0,81.3672100537,81.3672100537,2.68556713201,2.382875132e-05,218.517127975,218.517104944,2.68556741507,2.68556713201,1.04263421676e-05,2.14266371247e-05,42.0021811976,214.44242116,46.51055067,140.152418007,0.15241800748,0.275174439739,154.143251971,1.91611073732e-05,242.087067188,242.0870505,5.20499249527,5.20499213647,1.2010600237e-05,1.49296188067e-05,39.469730647,238.847835373,OK
149991,0,149991,114.141882966,125,441.879971378,440.414057237,2.72311605956,0.0214199581173,4679.95016481,1.19743666176,1.2188582581805048,0.0875767446714,0.254308094044,6.21640040272,-2.9448166766,-2.98756131579,4856.431039376619,-6083.093077093243,1,1,1,10.004107011120013,149991,149991,-0.0181557,-0.00744613,-6.65541e-05,1.0305116814049795,True,True,171.74807140922076,,True,NUCLEATED,38,7,,CSV_VERIFIED,0,2,1,1,0,1_STEP,CLEAN,0->1,1,1,0,0,0,81.818999856,81.818999856,2.70562657429,2.95774241541e-05,221.371634207,221.371660292,2.70562625548,2.70562657429,2.24208540842e-05,1.92906537402e-05,-79.9348700181,-206.435987625,52.2008756294,139.983338606,-0.0166613940683,0.168474187761,225.969491017,1.3607565639e-05,241.069413783,241.069426976,4.61811053697,4.6181107897,7.70102067575e-06,1.12187398211e-05,-83.5904423624,-226.113025294,OK
151407,0,151407,104.064992717,125,531.479343226,122.371808898,50.599859795,0.122103429959,214.170974026,1.42862710297,1.5510359985290614,3.75748655741,0.256635525454,0.878382915582,4.3519371232,-4.48854911723,-11643.10890302862,-7766.776149625448,1,1,1,23.047904513661365,151407,151407,0.055663,0.014849,-0.000162266,5.806208775750202,True,True,155.51409637819597,,True,NUCLEATED,38,8,,CSV_VERIFIED,0,2,1,1,0,1_STEP,CLEAN,0->1,1,1,0,0,0,81.863863256,81.863863256,2.68376449208,1.55900841616e-05,219.703344305,219.703329391,2.68376467426,2.68376449208,-4.94520200779e-06,-1.47849822884e-05,-5.94741830518,-219.622830585,44.9652690194,140.602325436,0.602325435994,0.322964217105,278.216131261,2.30668213997e-05,242.809037891,242.809060947,5.39992405663,5.39992456939,-2.03509783562e-07,2.30659236376e-05,-5.03148363115,-242.756901146,OK
152941,0,152941,75.3669959991,125,459.004386722,464.149750277,12.4830638812,-0.410370122694,416.777166185,1.91371839147,1.490858494023101,4.1512258252,0.240599463147,6.37964384146,-3.55193520615,-3.39495313026,21455.96363911578,-7090.806654986028,1,1,1,17.50490727052041,152941,152941,-0.0190879,0.0279888,0.000232442,0.5049726356013802,True,True,165.8658689752506,,True,NUCLEATED,39,7,,CSV_VERIFIED,0,2,1,1,0,1_STEP,CLEAN,0->1,1,1,0,0,0,75.4218172873,75.4218172873,2.80443271931,1.09188108212e-05,211.515401753,211.515412151,2.80443258146,2.80443271931,2.93492618702e-06,-1.05169690513e-05,8.06363449329,211.36164027,50.2087953464,140.000000637,6.36845385316e-07,0.157698547308,256.574160299,5.95173176852e-06,236.134747368,236.13474309,4.70305542563,4.70305534042,-3.86281124029e-06,4.52789138191e-06,14.7448886367,235.6739425,OK
153669,0,153669,74.0879823655,125,383.089760161,401.230967277,3.97911084253,0.146923281337,47.3992649004,1.17712574594,1.3245828209533586,1.88922048288,0.248093721218,5.56814165984,-2.8920334277,-2.42179333377,-10445.205934584901,-7506.090395863898,1,1,1,11.809899167251517,153669,153669,-0.0198648,0.0820587,0.000909839,6.824151675165216,True,True,168.7006712929392,,True,NUCLEATED,39,7,,CSV_VERIFIED,0,3,2,1,0,1_STEP,CLEAN,0->2,1,1,1,0,0,81.5283517397,81.5283517397,2.70514369594,1.25276165611e-05,220.545910176,220.545906749,2.70514373798,2.70514369594,-1.0588751225e-05,6.69473854582e-06,62.3658422025,211.544322122,43.2856228656,139.772959928,-0.227040072096,0.385369761677,120.741291083,1.25168120345e-05,243.251216774,243.251204272,5.61967694284,5.61967665401,3.67649417627e-06,1.19646969906e-05,60.0649742111,235.718801403,OK
155003,0,155003,116.103191782,125,537.337173619,123.634722026,4.32935732469,0.486543694988,890.823285023,0.835667032847,1.3437962693154315,3.45437747492,0.251595166759,0.518458084216,4.33311198503,-4.70402509151,-5675.668753485141,-7247.539182059188,1,1,1,23.29675732882312,155003,155003,0.0556656,0.00778051,-0.000384141,6.773184171028038,True,True,172.51375938753912,,True,NUCLEATED,38,8,,CSV_VERIFIED,0,2,1,1,0,1_STEP,CLEAN,0->1,1,1,0,0,0,84.3229805956,84.3229805956,2.56549139313,2.72277568083e-05,216.329908004,216.329880961,2.56549171383,2.56549139313,9.41388611242e-06,2.55485711748e-05,50.6735989102,210.31123477,53.9696694474,139.942856959,-0.057143041499,0.150170658907,251.690627605,2.18646192545e-05,240.081048622,240.081070476,4.44844393305,4.44844433797,-4.31066423094e-06,-2.14354787451e-05,54.7721191363,233.74970561,OK
156259,0,156259,49.4539571864,125,416.769122726,424.36989416,3.25742627515,-0.359139669597,81.7232846656,1.64028422796,1.272938329689197,0.430354416936,0.280926984624,5.89322682593,-3.0767370052,-2.86544394514,498.3756679478431,-7615.524901347255,1,1,1,9.779522364007896,156259,156259,-0.0189327,0.0369008,0.000362338,0.9522611613281003,True,True,177.69940129016163,,True,NUCLEATED,39,7,,CSV_VERIFIED,0,2,1,1,0,1_STEP,CLEAN,0->1,1,1,0,0,0,75.5077539448,75.5077539448,2.86059103055,2.19447727781e-05,215.996782596,215.996803672,2.86059075143,2.86059103055,-9.43161673552e-06,-1.98145819546e-05,34.8280361664,213.170396604,45.3150782021,140.000015504,1.55044735948e-05,0.240615175953,106.340872012,4.53662160594e-06,241.176171081,241.176167062,5.32220577895,5.32220569026,-9.23682552109e-07,4.44159274792e-06,66.0255389152,231.962440297,OK
157453,0,157453,76.8384584863,125,545.161543181,109.735570767,2.50666381097,0.06066401593,1668.87503157,1.13050570234,1.1912069885331176,0.419629607978,0.252713158983,0.497796621168,4.59327122082,-4.83098724543,-4349.040343891631,-7011.426669791843,1,1,1,24.177300799110732,157453,157453,0.0623355,0.0895986,0.00239996,4.735952954120716,True,True,180.28453183698826,,True,NUCLEATED,42,8,,CSV_VERIFIED,0,2,1,1,0,1_STEP,CLEAN,0->1,1,1,0,0,0,85.0265667679,85.0265667679,2.58849933534,2.83682426659e-06,220.09120992,220.091211565,2.588499316,2.58849933534,2.78880566831e-06,5.19744998926e-07,-92.5971403038,-199.664494319,54.5619362474,139.9999907,-9.29968123842e-06,0.150510658929,239.346535576,5.50119100132e-06,241.235033685,241.23503916,4.42130632226,4.4213064226,2.56172633001e-06,4.8683324294e-06,-90.9425904857,-223.436314669,OK
159790,0,159790,116.38983081,125,421.725202062,412.745316011,2.57674245617,-0.169977756737,1945.73534222,1.37140895506,1.2006018577007223,1.08749980321,0.281175909231,5.55464608321,-2.5959493763,-2.84360124242,-2320.279875378553,-7094.915145029726,1,1,1,10.651842643691833,159790,159790,-0.0169732,-0.0418235,-0.000421206,5.124034885968066,True,True,173.40931273770119,,True,NUCLEATED,40,7,,CSV_VERIFIED,0,2,1,1,0,1_STEP,CLEAN,0->1,1,1,0,0,0,84.4089955539,84.4089955539,2.58631878704,1.52587922274e-05,218.308558181,218.308570996,2.58631863522,2.58631878704,1.24635816044e-05,8.80283328416e-06,-81.3982526804,-202.565917754,59.1187059055,140.108719309,0.108719308792,0.108096038564,258.858062448,1.52587922274e-05,238.584161658,238.584174392,4.03567970584,4.03567992123,1.24635816044e-05,8.80283328416e-06,-86.7911898895,-222.237916548,OK
160519,0,160519,56.7040257209,125,400.247568284,390.591128348,8.13475981203,0.0462039604573,98.1104133339,1.40226031644,1.4484807321258124,3.0707814999,0.25603866201,5.30864963438,-2.38142933908,-2.63381503452,-9330.793109292925,-7751.988605685631,1,1,1,14.245272236082435,160519,160519,-0.0165217,-0.0417621,-0.000466084,5.170276842561605,True,True,166.66016535375846,,True,NUCLEATED,40,7,,CSV_VERIFIED,0,2,1,1,0,1_STEP,CLEAN,0->1,1,1,0,0,0,86.7389829605,86.7389829605,2.45921481698,2.60846974372e-05,213.309766825,213.309792106,2.45921452552,2.45921481698,2.5671160523e-06,-2.59580691802e-05,31.9389336798,210.90509984,56.6795170472,140.00000658,6.57983886754e-06,0.133758471825,226.626819534,1.5403286739e-05,238.872438599,238.872448718,4.21444026067,4.2144404392,1.02263129059e-05,-1.15188439834e-05,30.5003066517,236.917228619,OK
163197,0,163197,107.439366633,125,423.884009536,423.824916271,4.70935890018,0.221293096816,1971.17529793,1.13842079026,1.3615610328785637,1.14019173115,0.250232502762,5.90252002511,-2.80712420357,-2.80877976202,-503.76451979058766,-7200.466767906464,1,1,1,11.18203955747256,163197,163197,-0.0180957,-0.000285748,-2.61405e-06,0.6359673440063461,True,True,167.20871317656466,,True,NUCLEATED,38,7,,CSV_VERIFIED,0,2,1,1,0,1_STEP,CLEAN,0->1,1,1,0,0,0,82.0244786931,82.0244786931,2.67960282979,1.41670214239e-05,219.793039366,219.793025218,2.67960300227,2.67960282979,2.44075465538e-06,1.39551858725e-05,49.0187493476,214.257187431,51.1574013252,140.031325934,0.0313259337489,0.185846342926,264.083431164,5.17317028903e-06,241.085464731,241.085469827,4.71262140932,4.71262150895,-1.93716306499e-06,-4.79677913802e-06,50.6109963159,235.713233308,OK
165173,0,165173,58.5522162401,125,557.166681193,113.879650112,4.9028461058,-0.376556086283,144.32669253,1.75566888033,1.3695929537120388,1.29619745833,0.261337180488,0.230446986009,4.71337514216,-5.11761619638,4189.805453484686,-7352.252214140047,1,1,1,25.01004585947922,165173,165173,0.0615147,0.0662547,0.00150244,3.5194477979368637,True,True,175.4122616948253,,True,NUCLEATED,42,8,,CSV_VERIFIED,0,2,1,1,0,1_STEP,CLEAN,0->1,1,1,0,0,0,78.8792825594,78.8792825594,2.74370693269,2.36282839985e-05,216.421610837,216.421634404,2.74370663392,2.74370693269,-3.89088167267e-06,-2.33057255739e-05,20.1142265668,215.484875402,50.0380384131,139.997241665,-0.00275833520931,0.168065497133,231.347206436,5.60320619832e-06,240.494751225,240.494745697,4.80623859072,4.80623848024,1.90251673369e-06,5.27032729334e-06,43.6643939276,236.497666098,OK
166639,0,166639,114.079501643,125,541.603707118,108.220717696,2.69406733424,0.276036307639,1209.48899973,0.935705913835,1.2153736482198993,1.45664952492,0.268053235817,0.38895652744,4.52142438762,-4.78596049657,-5387.667364247391,-7135.526774747537,1,1,1,23.78968679238163,166639,166639,0.06272,0.098079,0.00274542,5.568492399087438,True,True,181.3221798112376,,True,NUCLEATED,42,8,,CSV_VERIFIED,0,2,1,1,0,1_STEP,CLEAN,0->1,1,1,0,0,0,84.1376096692,84.1376096692,2.61417902773,8.66237415339e-06,219.950766468,219.950774641,2.61417893059,2.61417902773,5.64194350829e-06,6.57306621163e-06,-79.8590781623,-204.941131315,52.0710312176,139.629778955,-0.370221045317,0.180105924143,186.373661428,2.50876749319e-05,241.656838604,241.656863397,4.64090748644,4.64090796257,5.08553285248e-06,2.45668229344e-05,-84.5823417955,-226.371056234,OK
169697,0,169697,80.531923194,125,544.177630911,111.925760743,2.27913577288,0.203345840244,2173.25178125,0.952552498145,1.1573264504673315,0.471128669861,0.228607915069,0.510290187459,4.57699154057,-4.79579972342,-4744.044417125877,-6270.796523230585,1,1,1,24.051672438869975,169697,169697,0.0612605,0.0764437,0.00190953,3.8367019396181505,True,True,182.1780405661332,,True,NUCLEATED,42,8,,CSV_VERIFIED,0,2,1,1,0,1_STEP,CLEAN,0->1,1,1,0,0,0,83.994626158,83.994626158,2.60173280628,9.16085096229e-06,218.531565274,218.531574427,2.60173269732,2.60173280628,-3.91895967142e-06,-8.28027447897e-06,101.742676888,193.402359657,53.5119370138,140.014769242,0.0147692420492,0.157223639423,210.516620912,1.04737397939e-05,241.215935501,241.215945163,4.50770330813,4.50770348869,-2.78098431803e-07,-1.04700471122e-05,98.9898430575,219.968494361,OK
172201,0,172201,112.616663055,125,544.878799631,109.828528741,14.0502881954,0.478312522557,869.738339208,1.0010110593,1.499743223000958,4.32363295269,0.24425458524,0.507581075598,4.71032901996,-4.70306910821,-3938.8324161670007,-7370.01837494723,1,1,1,24.037446440159222,172201,172201,0.0622685,0.0890038,0.00237839,4.68489615692127,True,True,162.59931950500328,,True,NUCLEATED,42,8,,CSV_VERIFIED,0,2,1,1,0,1_STEP,CLEAN,0->1,1,1,0,0,0,82.3851476922,82.3851476922,2.62480336322,1.04332399677e-05,216.244820764,216.244812742,2.62480346059,2.62480336322,-7.31612464931e-06,-7.43819980507e-06,-18.0185221806,-215.492819754,49.5637594254,139.983728136,-0.016271864373,0.203262113886,109.887183463,1.73067070215e-06,240.873516087,240.8735155,4.85987178695,4.85987177511,-1.66708469404e-06,-4.64811469494e-07,-17.7768350481,-240.216641571,OK
175304,0,175304,103.12914076,125,392.79403541,411.065384092,3.61940845471,0.225167345162,984.973880344,1.07411805361,1.3012328422129396,1.91139681195,0.252915935545,5.65561436441,-2.9715312686,-2.48611928682,-6101.889796957062,-7262.66973364458,1,1,1,11.949302629188761,175304,175304,-0.0199822,0.0853507,0.000904757,7.4852356229635575,True,True,169.2473803494855,,True,NUCLEATED,39,7,,CSV_VERIFIED,0,2,1,1,0,1_STEP,CLEAN,0->1,1,1,0,0,0,83.8789204051,83.8789204051,2.59330219288,1.3271110945e-05,217.523374953,217.523388223,2.59330203467,2.59330219288,-3.89351839413e-06,-1.26871155204e-05,62.1871087815,208.44467408,49.6114778074,140.003983494,0.00398349449583,0.221846928843,193.663672233,1.192125115e-05,241.60546548,241.605453569,4.86995099034,4.86995075024,3.65543496221e-06,1.13469830448e-05,64.9097379074,232.722854217,OK
180983,0,180983,86.845127928,125,539.314271873,107.228485835,4.66538738873,0.0827846099408,509.082579859,1.27676735483,1.3596468154266912,2.19919875257,0.256438938609,0.519730308306,4.46738340244,-4.76528021284,-6965.279980785346,-7604.216393465054,1,1,1,23.75033775170828,180983,180983,0.0629794,0.1036,0.00297686,6.2215675624078814,True,True,175.28340952062507,,True,NUCLEATED,42,8,,CSV_VERIFIED,0,2,1,1,0,1_STEP,CLEAN,0->1,1,1,0,0,0,84.2223086481,84.2223086481,2.60140084236,4.83209693693e-06,219.095979989,219.095984663,2.60140078686,2.60140084236,1.4742282956e-07,-4.82984754596e-06,48.9955994279,213.547371053,51.6799786449,140.000687681,0.000687681285399,0.186605727426,157.201307973,2.05321178259e-05,241.463157295,241.463136766,4.67227664613,4.67227624889,4.70256516254e-06,1.99863389171e-05,51.2298228148,235.966017861,OK
181195,0,181195,68.8561538161,125,382.873105585,395.113770619,7.82648682314,0.0723907929007,126.38682897,1.37125948563,1.4437136545446363,4.29965380292,0.254958589741,5.420782072,-2.72048144343,-2.40575222298,-9869.929720165677,-7717.630713447242,1,1,1,16.96902827600416,181195,181195,-0.0191041,0.0541419,0.000611082,2.4789398885387888,True,True,166.66356021748965,,True,NUCLEATED,39,7,,CSV_VERIFIED,0,2,1,1,0,1_STEP,CLEAN,0->1,1,1,0,0,0,88.4375375147,88.4375375147,2.36017408963,1.22452247677e-05,208.727990525,208.727984593,2.36017415671,2.36017408963,-1.14775231889e-05,-4.26755094415e-06,-31.1372142823,-206.392460898,60.4653446358,139.910153923,-0.0898460773562,0.101387604479,256.763648338,1.96112682115e-05,236.468912857,236.468927776,3.91081725047,3.9108174972,-1.06192734923e-05,1.64873548927e-05,-31.6250647373,-234.344622358,OK
182572,0,182572,99.1107487711,125,529.987088854,122.884219084,6.50616761543,0.261518409137,792.89516347,1.15369444434,1.4182894701629791,4.02144403702,0.246127767464,0.648297251916,4.22972154178,-4.55426229893,-7219.653868698442,-7379.674805962479,1,1,1,22.77052723226082,182572,182572,0.0553198,0.0119139,-0.000253108,6.142851003697356,True,True,169.20598905031957,,True,NUCLEATED,38,8,,CSV_VERIFIED,0,2,1,1,0,1_STEP,CLEAN,0->1,1,1,0,0,0,86.6874683253,86.6874683253,2.45006940859,4.78596248864e-06,212.390316237,212.390314252,2.45006943149,2.45006940859,4.63185980312e-06,1.20470399141e-06,36.6436283625,209.205379787,60.4089569268,140.041038818,0.0410388177942,0.0961519207041,270.477909068,4.78596248864e-06,237.01521158,237.015209654,3.9235110758,3.92351104392,4.63185980312e-06,1.20470399141e-06,37.674048357,234.001873071,OK
183936,0,183936,55.1393909504,125,549.080703693,116.344796844,2.05219891863,-0.4282597385,1072.77178149,1.5599407197,1.1173746251027408,0.072364514522,0.308783822911,0.408071273958,4.57964305877,-4.93696436457,540.4548599147672,-7322.298091133128,1,1,1,24.37825048519393,183936,183936,0.0597452,0.0507661,0.000986853,3.483752790396186,True,True,210.3318314060999,,True,NUCLEATED,42,8,,CSV_VERIFIED,0,2,1,1,0,1_STEP,CLEAN,0->1,1,1,0,0,0,75.153321668,75.153321668,2.97994547529,8.42125011325e-06,223.952797221,223.952800858,2.97994542691,2.97994547529,5.50183956119e-06,-6.37551683496e-06,89.7461018488,205.184045643,45.5286088649,139.999667583,-0.000332417157182,0.225726110736,272.169453925,1.09882042651e-05,242.485657497,242.485651617,5.32600629674,5.32600616761,1.09078446481e-05,1.32648335989e-06,104.061227789,219.021813897,OK
188284,0,188284,45.5680478101,125,415.739096338,405.462169014,2.4097329386,0.388009652184,833.761726825,0.77896895945,1.1774400319132086,0.779335348313,0.163051643986,5.71052003322,-2.53825441402,-2.81716993132,-10621.19452836451,-5441.303295846944,1,1,1,10.344338774078693,188284,188284,-0.0167132,-0.0467277,-0.00048557,6.008788523541096,True,True,178.61285411376895,,True,NUCLEATED,40,7,,CSV_VERIFIED,0,2,1,1,0,1_STEP,CLEAN,0->1,1,1,0,0,0,67.0409657114,67.0409657114,3.03458884563,2.17814867969e-05,203.441784563,203.441766748,3.03458911136,3.03458884563,-9.96635644122e-07,-2.17586737757e-05,-124.543875234,-160.864485975,39.4023203063,139.70756808,-0.292431919928,0.310505948273,134.566332202,1.09778439162e-05,241.931311416,241.931311025,6.14002702213,6.14002701221,-1.01997452745e-05,4.05934149626e-06,-97.4054725412,-221.456391559,OK
188629,0,188629,103.265658854,125,406.962967225,394.263867662,4.13893161512,0.162513050821,500.768840171,1.17049421745,1.3337312476050631,2.79965919579,0.25797546707,5.22992250377,-2.36425904108,-2.7005290969,-7320.685569245611,-7529.891423169118,1,1,1,13.534852048945456,188629,188629,-0.0162484,-0.0555673,-0.000605949,7.789820735471904,True,True,168.3576506205016,,True,NUCLEATED,40,7,,CSV_VERIFIED,0,2,1,1,0,1_STEP,CLEAN,0->1,1,1,0,0,0,86.2938027003,86.2938027003,2.47832418215,1.76447838315e-05,213.864016088,213.864018002,2.47832415997,2.47832418215,-1.65190683291e-05,6.20151417004e-06,-52.9989589351,-207.1929722,57.5807809965,140.015685751,0.015685750747,0.123428863611,299.224556044,1.40694060901e-05,238.582791634,238.582789219,4.14344487006,4.14344482813,1.28898248974e-05,-5.63920223452e-06,-56.6990899913,-231.747624924,OK
190606,0,190606,53.2591873161,125,544.443968107,109.196163675,3.30550507368,-0.101003393548,435.194911831,1.37819997652,1.277024055621049,0.367852236702,0.27100120745,0.51136713521,4.53007182711,-4.87224928623,-4184.822723232529,-7809.99410783691,1,1,1,24.18825864811086,190606,190606,0.0625195,0.092709,0.00252268,5.017468910658198,True,True,180.51133747145388,,True,NUCLEATED,42,8,,CSV_VERIFIED,0,2,1,1,0,1_STEP,CLEAN,0->1,1,1,0,0,0,83.9840694248,83.9840694248,2.6493910674,9.62836832447e-06,222.506634259,222.506643338,2.6493909593,2.6493910674,-5.84227599022e-06,-7.65331874717e-06,68.4289466534,211.723124739,53.7188248072,140.053645732,0.0536457319509,0.157590768588,240.89030235,3.13856166732e-06,241.580498996,241.580496709,4.49712926266,4.49712922008,-1.39699794798e-06,2.81050993112e-06,69.7247185142,231.299807876,OK
191425,0,191425,105.576421058,125,554.826315599,117.180823783,3.61710726719,-0.153229849324,1322.73910696,1.45490544091,1.301069542324881,1.49449441306,0.270360831793,0.40180036174,4.71808659788,-5.00168652058,-1748.9555384084315,-7487.975185569077,1,1,1,24.843033119232842,191425,191425,0.0598809,0.0462502,0.000823457,3.6456999728350907,True,True,173.36265474184248,,True,NUCLEATED,42,8,,CSV_VERIFIED,0,2,1,1,0,1_STEP,CLEAN,0->1,1,1,0,0,0,82.8166142151,82.8166142151,2.67493585857,1.03067533581e-05,221.529120908,221.529131049,2.67493573612,2.67493585857,9.38858241736e-07,1.0263903253e-05,-59.2403193163,-213.461321971,49.9102542913,140.044752098,0.0447520984889,0.206198965462,182.602753903,9.35929553824e-06,242.178385013,242.178377629,4.85227712124,4.85227697329,3.57564919197e-06,-8.64934366459e-06,-64.5263768251,-233.423899508,OK
195258,0,195258,106.567411122,125,557.434353584,123.140430545,10.5668136463,0.085035296617,994.129529963,1.39130331575,1.4764414290038848,1.83905112326,0.256671758852,0.458096670846,4.80872478552,-4.95958418802,796.9757373484226,-7685.874808811391,1,1,1,24.954298805931153,195258,195258,0.0576113,0.0109716,-0.000296333,6.590358431002627,True,True,164.68500766394624,,True,NUCLEATED,38,8,,CSV_VERIFIED,0,2,1,1,0,1_STEP,CLEAN,0->1,1,1,0,0,0,84.2530465735,84.2530465735,2.60320225142,1.32895469233e-05,219.327733536,219.327720529,2.6032024058,2.60320225142,4.00950901776e-06,1.26702760374e-05,21.8390035573,218.237743348,56.7138136738,140.000003383,3.38334109529e-06,0.123360825776,299.012970978,3.91193902272e-06,239.748964026,239.748965997,4.22734689303,4.22734692779,-3.55173248048e-06,-1.63965340989e-06,22.9056780755,238.652248394,OK
196606,0,196606,83.8416350809,125,529.616238459,118.215982729,4.3905168779,0.220201040638,42.6299069353,1.12483243182,1.3468529969700023,2.82839774062,0.243625533143,0.71387478031,4.17641945538,-4.63177478967,-11470.038564315093,-7384.137418396509,1,1,1,22.96203806005844,196606,196606,0.0572331,0.0384137,0.00060594,3.798858209109518,True,True,176.45261554832723,,True,NUCLEATED,42,8,,CSV_VERIFIED,0,3,2,1,0,1_STEP,CLEAN,0->1,1,1,0,0,0,80.4313377429,80.4313377429,2.75168424584,9.55919041985e-06,221.321637359,221.321644939,2.75168415159,2.75168424584,-7.53701050775e-06,-5.87976139729e-06,55.4435928316,214.264498172,44.917777091,140.456151803,0.456151802965,0.318162007435,3.68163479978,1.74848639325e-05,242.957815905,242.957828365,5.40894567006,5.40894594744,-1.47719632496e-05,-9.35465491034e-06,55.0697747973,236.634359748,OK
196984,0,196984,84.1253618174,125,545.059590724,123.319110538,3.24250447055,0.254873357356,2422.72935794,1.0139310316,1.271647764618409,0.30615959387,0.226022755734,0.585480198154,4.54884064684,-4.76712056727,-3094.622215306985,-6462.828251528751,1,1,1,23.98452319363888,196984,196984,0.056471,0.0097118,-0.000328618,6.607942730256702,True,True,171.46245693293145,,True,NUCLEATED,38,8,,CSV_VERIFIED,0,2,1,1,0,1_STEP,CLEAN,0->1,1,1,0,0,0,83.829458507,83.829458507,2.60877244089,1.99923871893e-05,218.691980307,218.691981088,2.60877243157,2.60877244089,-1.84141327337e-05,7.78558033753e-06,-77.231081666,-204.600934199,56.5623810693,139.847807085,-0.152192914682,0.123197943194,280.9426156,2.4716878398e-05,240.185657912,240.185681874,4.24638520111,4.24638562474,1.53052207e-06,2.46694462836e-05,-73.2358613297,-228.74802487,OK
199197,0,199197,105.126458362,125,392.636543351,401.894558809,5.19577494147,0.175705094245,508.11347649,1.20403528173,1.3806572410313032,4.16343052214,0.256006551616,5.42913716475,-2.74534306248,-2.50224103241,-7156.979872703379,-7567.983753498079,1,1,1,16.637780313147722,199197,199197,-0.0188458,0.0418559,0.000455364,1.2997860831237242,True,True,167.3128354676145,,True,NUCLEATED,39,7,,CSV_VERIFIED,0,2,1,1,0,1_STEP,CLEAN,0->1,1,1,0,0,0,87.4771729149,87.4771729149,2.39373312499,2.1344627246e-05,209.397021191,209.397006487,2.39373329308,2.39373312499,-1.22817554553e-05,1.74571359394e-05,41.1420925299,205.31546631,64.5344225075,139.987329598,-0.012670402444,0.0745094233145,296.082404031,2.25748932502e-05,233.966544621,233.966567038,3.62545344841,3.62545379578,-1.69305673491e-06,-2.25113163576e-05,44.9848506966,229.601191656,OK
200962,0,200962,91.5980790439,125,552.099290781,117.245134111,5.574470751,0.0297581228612,890.042802948,1.36353253967,1.393295056317435,1.97965844583,0.258556245324,0.508206971005,4.66722793308,-4.95228444078,-3447.5878720174005,-7630.330394895698,1,1,1,24.69951615950638,200962,200962,0.059619,0.0456641,0.000809016,3.6475135331205957,True,True,170.57933917361248,,True,NUCLEATED,42,8,,CSV_VERIFIED,0,2,1,1,0,1_STEP,CLEAN,0->1,1,1,0,0,0,82.8647656618,82.8647656618,2.66445793871,2.24989801718e-05,220.789667546,220.789682707,2.66445775575,2.66445793871,1.9116897276e-05,1.18637408649e-05,-40.3904033871,-217.063798477,42.7499188208,140.092276903,0.0922769029332,0.394682919454,179.555761817,1.69110784768e-05,243.643635695,243.643652375,5.69927715458,5.69927754475,5.70319821247e-06,1.59203676276e-05,-43.2424171739,-239.775550405,OK
205187,0,205187,61.9601833131,125,538.438607656,106.126761703,2.28173718005,0.135359422084,778.838074878,1.02196979172,1.1577460059312215,0.540431293767,0.23787985029,0.572993664409,4.45351302935,-4.75572897821,-7730.743703960016,-7016.82151780478,1,1,1,23.747206657742254,205187,205187,0.0634183,0.109989,0.00324159,7.082872080133276,True,True,187.84751566596913,,True,NUCLEATED,42,8,,CSV_VERIFIED,0,2,1,1,0,1_STEP,CLEAN,0->1,1,1,0,0,0,82.8798855262,82.8798855262,2.63615876713,2.12536025986e-05,218.484524468,218.484536849,2.63615861775,2.63615876713,-8.7468111101e-06,1.93703102408e-05,-109.478193268,-189.076737414,51.337948516,140.013276669,0.0132766689209,0.188863791647,178.733815549,2.35173492564e-05,241.807921972,241.80792701,4.7101204657,4.71012056383,2.30049636569e-05,-4.88235221904e-06,-99.7044651757,-220.295462397,OK
206952,0,206952,95.3100994451,125,414.970632115,428.432609443,2.37864820805,-0.270154842705,2188.25280071,1.44637639284,1.1728225424084837,0.437842717892,0.283982779938,6.00235437351,-3.11956071255,-2.74432522719,-345.23971212474953,-7011.485580272012,1,1,1,9.970883136166881,206952,206952,-0.0196168,0.0662857,0.000645348,4.085817106594373,True,True,172.01177289855136,,True,NUCLEATED,39,7,,CSV_VERIFIED,0,2,1,1,0,1_STEP,CLEAN,0->1,1,1,0,0,0,80.6838368018,80.6838368018,2.75834357347,2.49189731531e-05,222.553767547,222.553742725,2.75834388111,2.75834357347,-7.73978277874e-06,-2.36865148458e-05,-87.5267457785,-204.619764985,48.005030826,139.91338943,-0.0866105698676,0.23312442714,134.712135061,1.07248203684e-05,242.256777057,242.256766333,5.04648727204,5.04648704865,-4.25344791622e-06,-9.84530104963e-06,-93.6769655278,-223.412112831,OK
208141,0,208141,79.3280105735,125,382.818761166,401.476159769,2.16240235684,0.344414615233,183.318921507,0.786023300276,1.1376384799522712,0.990147951583,0.218236717379,5.52139370712,-2.89733004452,-2.41372561057,-10125.073972974958,-6476.524158981127,1,1,1,10.039917485475002,208141,208141,-0.0199277,0.0844757,0.000936424,7.308941654373187,True,True,182.73841206997352,,True,NUCLEATED,40,7,,CSV_VERIFIED,0,3,2,1,0,1_STEP,CLEAN,0->1,1,1,0,0,0,77.8806933002,77.8806933002,2.83082258008,8.32696380582e-06,220.466418173,220.466425146,2.83082249054,2.83082258008,6.03546422889e-07,-8.30506218753e-06,106.802685922,192.869457981,39.3921829519,140.305532261,0.305532260744,0.502494919077,58.2306751014,2.25349983529e-05,243.939297002,243.939277375,6.19258133779,6.19258083954,1.83426566356e-05,1.30909548282e-05,103.306206038,220.984633891,OK
208537,0,208537,112.638829719,125,419.811676307,418.122661206,5.97777986936,-0.302753787916,336.181108301,1.71262565734,1.4050449336374877,6.51721975485,0.263469354282,5.70198434859,-2.8314069163,-2.87818078601,-3134.875756412559,-7692.532271143743,1,1,1,22.87870662731836,208537,208537,-0.0178427,-0.00801987,-7.9767e-05,1.0866772602142727,True,True,166.9400341507801,,True,NUCLEATED,38,7,,CSV_VERIFIED,0,2,1,1,0,1_STEP,CLEAN,0->1,1,1,0,0,0,82.0207236693,82.0207236693,2.54140334331,4.20403588658e-06,208.447737427,208.447741354,2.54140329544,2.54140334331,2.04811551434e-06,3.67139490869e-06,-29.8622049207,-206.29761985,57.796631595,139.961601798,-0.0383982015749,0.103585451222,295.069672644,2.50059588637e-05,234.466860633,234.466835628,4.05675649536,4.05675606272,-3.82741590018e-06,-2.47113104917e-05,-37.7871352844,-231.401903929,OK
209561,0,209561,100.243645768,125,550.641994351,121.147001517,3.79311275681,0.284259119437,2086.9454552,1.02479220875,1.3130257894949433,0.924641373974,0.239844691065,0.511034853022,4.66520633848,-4.87045398165,-2553.389436040311,-6836.695033866585,1,1,1,24.452809474938576,209561,209561,0.0578488,0.0225322,6.31944e-05,5.186353347211013,True,True,169.99935655669452,,True,NUCLEATED,38,8,,CSV_VERIFIED,0,2,1,1,0,1_STEP,CLEAN,0->1,1,1,0,0,0,82.380467215,82.380467215,2.68810669461,2.05534513246e-05,221.447473349,221.447485426,2.68810654802,2.68810669461,-1.93436449813e-05,-6.94750028346e-06,61.8918828112,212.622619434,47.7028961367,139.909649714,-0.0903502863474,0.245474455799,120.727447885,2.07119758557e-05,242.850887352,242.850875041,5.09090447372,5.09090421565,1.92638657537e-05,7.60850971425e-06,62.5132295671,234.667103823,OK
210736,0,210736,97.8982707233,125,426.117940143,424.739728172,15.4234055676,0.0491527472203,616.918110597,1.4568778665,1.5060504273808202,0.58086247425,0.257322555558,5.97890336083,-2.80382373944,-2.84257918343,-577.2788930623155,-7755.589492847136,1,1,1,10.42411615551808,210736,210736,-0.017966,-0.00668048,-6.43379e-05,0.9914573865160766,True,True,165.65510904453276,,True,NUCLEATED,38,7,,CSV_VERIFIED,0,2,1,1,0,1_STEP,CLEAN,0->1,1,1,0,0,0,81.3475405505,81.3475405505,2.7307909361,1.13042078645e-05,222.143121927,222.14312641,2.73079088099,2.7307909361,1.00311146095e-05,-5.21170366916e-06,15.84763388,221.577117771,43.9208639714,139.95558106,-0.0444189399027,0.348414534058,180.752405033,9.87074034051e-06,243.25302921,243.253019451,5.53843907461,5.53843885241,-8.40679722863e-07,9.8348753156e-06,15.8596514354,242.735468517,OK
211133,0,211133,101.537143924,125,542.385863063,124.605204556,2.7193443103,-0.00138339940018,45.7114149059,1.21979291221,1.2184095123690335,1.50011147033,0.281008406764,0.598349127091,4.35043005554,-4.85890193758,-7678.1921017616605,-7797.037183805191,1,1,1,23.875915050916127,211133,211133,0.0557156,0.00226683,-0.000552131,7.637220114884832,True,True,181.4625724224741,,True,NUCLEATED,38,8,,CSV_VERIFIED,0,3,2,1,0,1_STEP,CLEAN,0->2,1,1,1,0,0,80.7120700829,80.7120700829,2.77378473723,1.93655085997e-05,223.877891457,223.877908106,2.77378453095,2.77378473723,1.5156872254e-05,1.20537192103e-05,-79.4779073833,-209.295419255,40.5241643222,140.079271551,0.0792715510018,0.492082528179,60.0120205324,1.335614531e-05,244.264897381,244.264887281,6.02763564571,6.02763539648,-1.16926335581e-05,-6.4551481793e-06,-84.4618156763,-229.197604231,OK
211260,0,211260,109.34559965,125,552.284055837,106.665218498,5.89493786983,-0.483049064187,3.08126156326,1.9068925893,1.4027589247503427,7.28837058467,0.258833791044,0.261241002975,4.6645751074,-5.03997276407,-2792.966271186845,-7515.581970252318,1,1,1,24.710309509990225,211260,211260,0.064371,0.10917,0.00313334,6.939276609422693,True,True,174.10040991574164,,True,NUCLEATED,42,8,,CSV_VERIFIED,0,3,2,1,0,1_STEP,CLEAN,0->1,1,1,0,0,0,78.5264089845,78.5264089845,2.74514485348,7.72732259119e-06,215.566375123,215.566367486,2.74514495074,2.74514485348,3.25571614345e-08,7.72725400511e-06,33.7109191034,212.914151754,44.8074987652,139.999540922,-0.000459077504075,0.281974407439,67.8969059642,1.55391871047e-05,241.18731172,241.187296197,5.38274437017,5.38274402374,3.35560235255e-06,1.51725498426e-05,41.1750511447,237.646658924,OK
212797,0,212797,47.2013268648,125,418.842562525,410.080341854,6.37463072673,-0.0442645996359,231.248806094,1.45947169762,1.4151926302154987,0.632414137101,0.261136342661,5.69241689243,-2.63388656221,-2.87392904379,-4436.978261207368,-7809.566839440334,1,1,1,10.108976328201264,212797,212797,-0.0169543,-0.0404641,-0.000412677,4.902973996552185,True,True,166.90713821752587,,True,NUCLEATED,40,7,,CSV_VERIFIED,0,2,1,1,0,1_STEP,CLEAN,0->1,1,1,0,0,0,82.2484906851,82.2484906851,2.70088493288,1.70907419497e-05,222.143697316,222.143709244,2.70088478787,2.70088493288,1.40329384895e-05,9.75551627235e-06,-36.4755122068,-219.128636346,38.8937074526,139.653687458,-0.346312541764,0.593602531699,129.022555728,1.30990105714e-05,244.230003823,244.230008617,6.27942204072,6.27942216397,-1.13122035221e-05,6.60440227595e-06,-37.4117568395,-241.347581752,OK
213033,0,213033,37.6510114725,125,413.219633986,419.601856642,2.04386270654,0.336665205922,4211.62225652,0.772396672522,1.1157697844404992,0.00838583551639,0.128533922811,5.93977411555,-2.82094609118,-2.6452817318,-3002.0605964712777,-3844.9075117116436,1,1,1,9.26577437203843,213033,213033,-0.0187433,0.03052,0.000305357,0.6081984918014782,True,True,185.11122082919144,,True,NUCLEATED,39,7,,CSV_VERIFIED,0,3,1,1,0,1_STEP,CLEAN,0->2,1,1,0,0,0,106.083609539,106.083609539,2.58762921804,1.47894319979e-05,274.505044199,274.505047599,2.58762918598,2.58762921804,2.4295822984e-09,-1.47894317983e-05,267.139637737,63.1619603885,61.2776921181,140.028676703,0.0286767034706,0.140169265979,298.724939535,1.52246483394e-05,296.931554855,296.931570048,4.84567131352,4.84567156144,-1.45642428045e-05,-4.43539723047e-06,289.086540228,67.8035436206,OK
217308,0,217308,91.5032338533,125,548.835291394,120.250222444,3.34270920021,-0.154528301794,956.09189273,1.43526169628,1.2801116937357695,1.06804774956,0.273770505401,0.478786667919,4.55717339717,-4.91999168583,-2679.4474065818454,-7605.504386476078,1,1,1,24.353108519741866,217308,217308,0.058066,0.0277226,0.000228965,4.694175572549664,True,True,175.64321942632316,,True,NUCLEATED,42,8,,CSV_VERIFIED,0,2,1,1,0,1_STEP,CLEAN,0->1,1,1,0,0,0,83.7240907391,83.7240907391,2.6410726251,9.24340419259e-06,221.121395584,221.121404113,2.64107252324,2.6410726251,9.69292453517e-07,-9.19244217861e-06,63.4119887446,211.833876584,53.6977190322,140.09726322,0.0972632201191,0.154665480787,217.991998001,8.5684905507e-06,241.271276394,241.271279801,4.49313826998,4.49313833342,6.56061372635e-06,-5.51156764008e-06,68.9610937899,231.205960901,OK
218940,0,218940,99.4251160453,125,523.048398412,122.66720824,8.3854864232,0.360764381643,580.469236631,1.08301586673,1.452103204626361,7.39908001186,0.239579131029,0.74967331235,4.10506112622,-4.43920429464,-10668.563489660399,-7254.614474554846,1,1,1,23.57165476467765,218940,218940,0.0547859,0.0129765,-0.000215659,5.9302019805971025,True,True,167.75738239612934,,True,NUCLEATED,38,8,,CSV_VERIFIED,0,2,1,1,0,1_STEP,CLEAN,0->1,1,1,0,0,0,86.3931872976,86.3931872976,2.38899588272,7.39094413232e-06,206.392972894,206.392968749,2.3889959307,2.38899588272,6.68465876503e-06,3.1529973616e-06,31.8186626116,203.92555497,56.9533977229,139.999999581,-4.19338277879e-07,0.116456710411,289.636519917,1.62616757401e-05,236.698542049,236.698545914,4.15600388234,4.1560039502,-1.61659680348e-05,-1.7616967311e-06,31.0187048382,234.657281494,OK
219861,0,219861,98.3098255268,125,416.664821955,425.397445467,2.05412262288,-0.251634168094,2464.8166901,1.37211185642,1.1177434710208967,0.416924612005,0.290114383822,5.92559677834,-3.008351959,-2.76532820477,-1069.9605376357104,-6777.184961930179,1,1,1,9.905445683419288,219861,219861,-0.0190678,0.0425438,0.000416619,1.3565701930640197,True,True,179.50577557730108,,True,NUCLEATED,39,7,,CSV_VERIFIED,0,2,1,1,0,1_STEP,CLEAN,0->1,1,1,0,0,0,81.3940659781,81.3940659781,2.7285512027,1.57030086946e-05,222.087862726,222.087876617,2.72855103203,2.7285512027,-1.278462912e-05,-9.11798992806e-06,99.8216845188,198.390146101,50.1469479455,140.011026414,0.011026413589,0.198815622459,172.863249302,1.23561923617e-05,241.745768664,241.745756528,4.82074739477,4.82074715276,3.22773674481e-06,1.19271624951e-05,105.841776592,217.344277576,OK
220661,0,220661,65.2155991697,125,553.93811802,115.549431331,3.45811022117,-0.314329881754,529.773966951,1.60905048587,1.289299811889312,0.521992237276,0.276746093462,0.381544726605,4.66206145054,-5.03771274191,448.6088330802904,-7588.148124031903,1,1,1,24.818805853400598,220661,220661,0.0605082,0.0559188,0.00115196,3.43810638271518,True,True,178.25212309444728,,True,NUCLEATED,42,8,,CSV_VERIFIED,0,2,1,1,0,1_STEP,CLEAN,0->1,1,1,0,0,0,79.8157266064,79.8157266064,2.78482315368,2.0377533353e-05,222.27270225,222.272683481,2.78482338883,2.78482315368,-1.21991512173e-05,-1.63225174262e-05,-53.2265866994,-215.805664045,49.0126620617,139.997374862,-0.00262513775414,0.197222684178,232.372512077,1.54948882795e-05,242.173254219,242.173267517,4.94103450071,4.94103477203,-4.06710914907e-06,1.49515947633e-05,-65.394227825,-233.176928589,OK
224822,0,224822,92.9118914388,125,379.52559286,389.937284102,5.38071976354,0.400000409016,554.141103551,0.975526737737,1.3870440300781475,3.88507199133,0.227768788662,5.272805849,-2.59398887923,-2.32921890443,-11168.03651396346,-6911.914910492963,1,1,1,15.82969623077507,224822,224822,-0.0188217,0.0452131,0.000520957,1.5763767270760574,True,True,167.22470635151618,,True,NUCLEATED,39,7,,CSV_VERIFIED,0,2,1,1,0,1_STEP,CLEAN,0->1,1,1,0,0,0,83.3612342845,83.3612342845,2.56106822015,5.44388607663e-06,213.493808862,213.493807918,2.56106823147,2.56106822015,-5.02650442554e-06,2.09049010412e-06,46.566500162,208.353467658,47.4659149933,140.04358037,0.0435803703289,0.25158323191,204.303524239,3.91873046145e-06,241.384426504,241.384429915,5.08542659587,5.08542666773,1.25363473888e-06,-3.71279522341e-06,45.3610340143,237.083989236,OK
225306,0,225306,75.854404659,125,540.332378159,118.859890899,4.11861779987,0.327645215105,1583.92879104,0.99879548837,1.3326056217519178,0.630097565384,0.216073441537,0.676552413465,4.47174146715,-4.71033947747,-7051.684743991607,-6527.122337011568,1,1,1,23.751053780180595,225306,225306,0.057909,0.0353877,0.000488217,4.058515937529681,True,True,170.7673987693905,,True,NUCLEATED,42,8,,CSV_VERIFIED,0,2,1,1,0,1_STEP,CLEAN,0->1,1,1,0,0,0,78.250983452,78.250983452,2.82407499305,6.47772015015e-06,220.986650514,220.986645548,2.8240750565,2.82407499305,-5.47451957828e-06,-3.46272923151e-06,-67.2887776863,-210.493040509,43.1618739297,139.818529346,-0.18147065399,0.337920365339,143.627797355,1.74676025043e-05,243.62060093,243.620585914,5.64434716914,5.64434682125,-1.22774961639e-05,-1.24249839112e-05,-58.6558755841,-236.45398169,OK
226597,0,226597,66.4020814665,125,548.190427252,109.026912815,2.02347824569,-0.203066120863,318.23736255,1.31628891794,1.1118006454210139,0.376825780932,0.303405238506,0.493305359609,4.58622889674,-4.95259973742,-4681.039476236709,-7975.03517790094,1,1,1,24.523562365351147,226597,226597,0.0629227,0.094282,0.00256703,5.1705315422633475,True,True,194.43501284357197,,True,NUCLEATED,42,8,,CSV_VERIFIED,0,2,1,1,0,1_STEP,CLEAN,0->1,1,1,0,0,0,79.7125976161,79.7125976161,2.8349177884,1.72105966877e-05,225.978675408,225.978660942,2.83491796989,2.8349177884,1.74516868201e-06,-1.71218872972e-05,-102.524564013,-201.382907699,44.8643838354,140.026057476,0.0260574764434,0.300690386765,183.057679037,2.38690141004e-05,243.545811916,243.545791154,5.42848895039,5.4284884876,-1.97227317486e-05,-1.34440948561e-05,-107.37684488,-218.597291121,OK
235676,0,235676,118.4906826,125,426.171757706,422.329189347,6.28827745269,0.408905348006,1329.12986499,0.991836614474,1.413090836176872,4.12459057814,0.253105523747,5.8304349299,-2.75187087105,-2.85962494905,-1181.6237825210628,-7421.601258385094,1,1,1,17.20111772988544,235676,235676,-0.017669,-0.018474,-0.000179545,1.9666666397060486,True,True,166.40504652107825,,True,NUCLEATED,38,7,,CSV_VERIFIED,0,2,1,1,0,1_STEP,CLEAN,0->1,1,1,0,0,0,81.4496115692,81.4496115692,2.63148392882,1.02484813128e-05,214.333333669,214.333343853,2.63148380379,2.63148392882,2.76999655798e-06,9.86704050303e-06,-34.3704777751,-211.559561777,50.2529514556,139.996107454,-0.00389254608712,0.19134986271,133.48843843,9.94836480091e-06,239.546211487,239.546221393,4.76680880521,4.76680900235,2.46400856506e-06,9.63839322726e-06,-37.863460753,-236.534872223,OK
237211,0,237211,107.613286857,125,390.22705225,407.261715054,3.23192128138,0.161775253587,321.516933577,1.10823650692,1.2707258456786463,2.14601768474,0.266531468236,5.55729477526,-2.94646800346,-2.49749740921,-7763.8241536542755,-7560.206815395443,1,1,1,12.259788003961617,237211,237211,-0.0198011,0.0785721,0.000845674,6.15394344011983,True,True,170.4363663782016,,True,NUCLEATED,39,7,,CSV_VERIFIED,0,3,2,1,0,1_STEP,CLEAN,0->2,1,1,1,0,0,83.5543940712,83.5543940712,2.61458752706,9.61906439289e-06,218.460284516,218.46027657,2.61458762217,2.61458752706,7.61056305257e-06,5.88266349687e-06,67.5177852802,207.764878124,47.9102800127,139.992429135,-0.00757086498021,0.257484461797,188.713842074,2.18308426406e-05,242.125319325,242.125340817,5.05372373654,5.05372418514,-2.72468889988e-06,-2.16601422155e-05,71.8951838121,231.205001682,OK
241039,0,241039,101.69780088,125,419.448225681,434.218922865,6.44357759428,0.0438932330583,1547.09899769,1.37292393846,1.4168312779862582,0.405927913911,0.256897073047,6.17360813015,-3.15530405351,-2.73857925519,1415.1297398557672,-7549.3370100222455,1,1,1,10.188867595258358,241039,241039,-0.019815,0.0740293,0.000704346,5.334849013441631,True,True,166.30499425997942,,True,NUCLEATED,39,7,,CSV_VERIFIED,0,2,1,1,0,1_STEP,CLEAN,0->1,1,1,0,0,0,81.9185085545,81.9185085545,2.70523250008,4.25971129096e-05,221.608654243,221.608611699,2.70523301942,2.70523250008,-4.87491188785e-06,-4.23172454481e-05,-36.3207820276,-218.611976864,50.6029948978,139.999748842,-0.000251157687046,0.1953792485,185.677213392,6.83046302361e-06,241.663686023,241.663690925,4.77567951287,4.77567960973,5.45742929999e-06,4.10751634842e-06,-37.3532751018,-238.759439565,OK
244650,0,244650,113.615450447,125,439.052079724,429.124346879,5.1110588729,0.175023497757,2196.708511,1.20165328272,1.3775829169860045,0.911907099063,0.254638222483,5.97344822041,-2.70790170771,-2.99275277604,2260.326614629168,-7295.30221643782,1,1,1,11.041267224742798,244650,244650,-0.0171218,-0.0486418,-0.000454573,6.303319030145238,True,True,166.76981635715248,,True,NUCLEATED,40,7,,CSV_VERIFIED,0,2,1,1,0,1_STEP,CLEAN,0->1,1,1,0,0,0,81.3371831949,81.3371831949,2.71409355982,2.03905942485e-05,220.756704991,220.756725083,2.71409331279,2.71409355982,7.46199569913e-06,1.89761680535e-05,-44.6193998571,-216.200443928,49.2104875921,139.999955884,-4.41156044531e-05,0.214341677501,159.815473835,1.6778634723e-05,241.650759055,241.650742669,4.91055404811,4.91055371513,3.73186772029e-07,-1.67744840398e-05,-46.6836573698,-237.098556483,OK
245418,0,245418,69.5005374571,125,541.571564819,122.386490039,2.4045557025,-0.0839949169496,242.546777238,1.26077203714,1.1766780392371472,0.588559389381,0.28142320574,0.629889941156,4.36292783485,-4.8353439239,-6104.953233211212,-7861.422554820121,1,1,1,23.861777382552994,245418,245418,0.0565482,0.0150281,-0.00016344,5.900558002838459,True,True,184.35504775579705,,True,NUCLEATED,38,8,,CSV_VERIFIED,0,2,1,1,0,1_STEP,CLEAN,0->1,1,1,0,0,0,82.4258661305,82.4258661305,2.71196813466,1.63292418751e-05,223.536310561,223.536322418,2.71196799082,2.71196813466,5.40176106785e-06,-1.54099032307e-05,91.3564756311,204.015873156,50.4874354486,139.837567778,-0.162432222349,0.203099086577,231.783847345,9.91741094783e-06,242.422602868,242.422611525,4.80164224453,4.801642416,-7.79693333401e-06,-6.12885556146e-06,93.2800499671,223.757794634,OK
245842,0,245842,99.989093307,125,376.868727307,392.940038036,17.3052020238,0.309735648031,542.581281371,1.19815943102,1.513074426413086,6.72386629908,0.246172086194,5.49463373451,-2.60018634776,-2.19130817108,-12492.40832728756,-7463.3389398884765,1,1,1,23.29202985603733,245842,245842,-0.0195273,0.0706417,0.00081119,4.76872157366578,True,True,165.61478491316313,,True,NUCLEATED,39,7,,CSV_VERIFIED,0,2,1,1,0,1_STEP,CLEAN,0->1,1,1,0,0,0,86.9587947727,86.9587947727,2.35248140284,2.26565413259e-05,204.568924864,204.568947516,2.35248114235,2.35248140284,-2.45598468508e-06,-2.25230327461e-05,17.9382358518,203.780923334,50.7631501248,140.337901426,0.337901425609,0.19327782185,71.5646426717,4.11323608867e-05,239.183251149,239.183210371,4.71174957742,4.71174877412,-2.82780239204e-06,4.10350416808e-05,14.9526066593,238.715410446,OK
246021,0,246021,106.2240553,125,545.182703518,114.991350932,3.30765566918,-0.0545207112148,672.017406047,1.33175202897,1.2772042710161715,1.83582627563,0.273742329004,0.456497282572,4.51457682469,-4.8714093418,-5192.36825557567,-7638.604450201516,1,1,1,24.099878957355948,246021,246021,0.0599938,0.0584185,0.00125958,3.3834742620905773,True,True,178.04253415418822,,True,NUCLEATED,42,8,,CSV_VERIFIED,0,2,1,1,0,1_STEP,CLEAN,0->1,1,1,0,0,0,83.5383082921,83.5383082921,2.63958005472,2.65698518299e-05,220.506078569,220.506052373,2.6395803683,2.63958005472,3.43764146771e-06,2.63465300828e-05,64.7153465558,210.795765152,49.8698185308,140.00288522,0.00288521971399,0.213118795516,231.402864739,2.0300207197e-05,242.163488195,242.163508156,4.85591276106,4.85591316132,-9.32702449143e-06,-1.80306690496e-05,70.2496661259,231.750165964,OK
246300,0,246300,72.9156892513,125,402.701359875,414.19985684,7.86978418485,-0.00730457327513,259.671919897,1.45171002379,1.4444053855573726,3.55520183987,0.259367947207,5.79632978844,-2.95588108157,-2.64544628215,-5472.382409256393,-7784.012775237275,1,1,1,15.673468375633107,246300,246300,-0.0192482,0.0541428,0.000559456,2.4810247502292047,True,True,166.56767578309513,,True,NUCLEATED,39,7,,CSV_VERIFIED,0,2,1,1,0,1_STEP,CLEAN,0->1,1,1,0,0,0,84.1533656298,84.1533656298,2.54479053811,2.29447249307e-05,214.152706054,214.152688605,2.54479074546,2.54479053811,1.26438422597e-05,-1.91466356067e-05,-26.2996595896,-212.531666854,50.8302392933,139.979581725,-0.0204182745135,0.194991806909,42.3018073949,1.77570565465e-05,240.228295658,240.228281445,4.72609019744,4.72608991782,-1.23511819494e-05,-1.27577961125e-05,-30.2836803497,-238.311839276,OK
249789,0,249789,63.6601191146,125,398.63315575,399.373986501,3.11483638459,0.262093543519,1215.5820832,0.994955563055,1.2601465086333554,0.653946302663,0.215146525102,5.50238877719,-2.57641242823,-2.55687418278,-8187.284656465636,-6554.921843723093,1,1,1,9.757665826688296,249789,249789,-0.0178416,0.00331247,3.51661e-05,0.5010987194088442,True,True,171.100364561172,,True,NUCLEATED,38,7,,CSV_VERIFIED,0,2,1,1,0,1_STEP,CLEAN,0->1,1,1,0,0,0,81.2179786696,81.2179786696,2.62753422296,5.95174950385e-06,213.403017932,213.403018474,2.62753421628,2.62753422296,-5.56972813827e-06,2.09796344637e-06,93.1199550132,192.014379776,53.4130185703,139.954294765,-0.0457052347925,0.152057421342,277.729896283,9.68138189016e-06,239.995325697,239.995333584,4.4931990762,4.49319922386,-7.87215809048e-06,-5.6354487223e-06,77.954141963,226.982175748,OK
256155,1,6155,86.6526230162,125,548.269709073,116.545466912,3.08277497956,0.0639373133119,1101.47694611,1.19314156841,1.2571225244660391,0.905431544731,0.258684172657,0.543513278912,4.58039011518,-4.90526088716,-5198.549399405201,-7354.615054421562,1,1,1,24.420076170756275,256155,256155,0.0595885,0.0495119,0.00094597,3.5071736262865216,True,True,176.9604510046168,,True,NUCLEATED,42,8,,CSV_VERIFIED,0,2,1,1,0,1_STEP,CLEAN,0->1,1,1,0,0,0,82.2979410004,82.2979410004,2.70541637238,1.77275986642e-05,222.65019411,222.650196996,2.70541633732,2.70541637238,-1.5539521685e-05,8.5317653624e-06,-73.9560604175,-210.008595217,38.3783920298,140.022861156,0.0228611562607,0.61748558882,36.4486908561,1.0684155732e-05,244.641104833,244.641096742,6.37444905567,6.37444884487,4.13480275736e-06,-9.85162879237e-06,-75.6491324831,-232.650980931,OK
258735,1,8735,110.853865634,125,274.08201899,279.205944635,11.3857249617,0.338791481959,1125.56556871,1.13755972765,1.483191847332006,0.132140056506,0.248750099874,2.60399807957,-1.12163276328,-1.02793832261,-860.0229374390983,-7475.46239645453,1,1,1,4.661440500085638,258735,258735,-0.0156853,0.0134189,0.000266167,0.34067394471314666,True,True,165.32128000508536,,True,NUCLEATED,39,7,,CSV_VERIFIED,0,3,2,1,0,1_STEP,CLEAN,0->2,1,1,1,0,0,361.117712131,361.117712131,3.34297785206,6.54916336082e-06,1207.20850727,1207.20851364,3.34297783442,3.34297785206,6.37304996863e-06,-1.50856714271e-06,-1207.20525866,-2.80062388976,206.368701631,140.000046627,4.66270034565e-05,0.241968554637,208.821183157,1.5389557932e-05,1387.93447526,1387.93447352,6.72550858871,6.72550858028,-1.71243667736e-06,-1.52939875104e-05,-1387.93212689,-2.55318703852,OK
260813,1,10813,73.1342300563,125,418.4176468,425.671174598,7.16117323406,-0.126007350851,166.329930658,1.55839480687,1.4320515963552918,3.59320869983,0.262813051876,5.98367199608,-3.0752896182,-2.87294241316,-1940.2537047108533,-7797.380432563241,1,1,1,15.983276968507486,260813,260813,-0.0189097,0.0353518,0.000345003,0.8578147377910722,True,True,165.98547350984663,,True,NUCLEATED,39,7,,CSV_VERIFIED,0,2,1,1,0,1_STEP,CLEAN,0->1,1,1,0,0,0,80.7367291091,80.7367291091,2.67198512926,3.94202099296e-05,215.727378984,215.727339564,2.67198561751,2.67198512926,4.17523750031e-06,3.91984737294e-05,22.4865012215,214.552229786,45.5958162667,139.998627408,-0.00137259174707,0.282688779794,106.217902966,1.00387660153e-05,241.303027306,241.30303371,5.29221860827,5.29221874873,6.80090647804e-06,-7.38407029949e-06,32.3861418869,239.119821012,OK
263284,1,13284,108.131105327,125,536.582866183,122.191395664,4.50135068153,0.103667455308,323.456773385,1.24833688046,1.3521909242293688,3.73527736806,0.262844629641,0.560462394941,4.28956884154,-4.73252234448,-7248.007889885086,-7674.469010442423,1,1,1,23.33716711146456,263284,263284,0.0561897,0.0160152,-0.000129284,5.7294757509658645,True,True,174.55972426297976,,True,NUCLEATED,38,8,,CSV_VERIFIED,0,2,1,1,0,1_STEP,CLEAN,0->1,1,1,0,0,0,85.3189543672,85.3189543672,2.52866616626,1.87541241132e-05,215.743172003,215.743153249,2.52866638607,2.52866616626,4.21482205976e-06,1.82743658236e-05,47.8530673182,210.369199775,55.9179533582,139.849375831,-0.150624169371,0.133591280662,271.441775718,5.73412724696e-06,239.403764994,239.403759454,4.28133990279,4.2813398037,-2.22275721362e-07,5.72981751786e-06,52.6320203351,233.546640158,OK
263908,1,13908,55.5332419729,125,404.834297338,412.997443121,3.4470842576,0.0721418231866,1178.37169508,1.21624188906,1.2884464355859104,0.113580501795,0.246721323166,5.81646664432,-2.85609054311,-2.63545204342,-5273.204458006976,-7307.129502597348,1,1,1,9.31956733722349,263908,263908,-0.0188607,0.0382521,0.00039514,1.039520379889171,True,True,169.39260468090066,,True,NUCLEATED,39,7,,CSV_VERIFIED,0,3,4,2,0,1_STEP,CLEAN,0->2,1,1,1,0,0,82.8676484559,82.8676484559,2.64567743961,8.41264520877e-06,219.241067226,219.241067994,2.64567743036,2.64567743961,-7.21505408475e-06,4.32615232774e-06,-95.1270784982,-197.528439712,44.5095288476,140.026498046,0.026498045864,0.347613470738,93.330087132,1.33362324592e-05,243.399446409,243.399438509,5.46847950788,5.4684793304,8.04961933361e-06,-1.06329076357e-05,-69.327784625,-233.317270666,OK
266253,1,16253,61.2839546612,125,388.457318973,391.613067726,11.3041049146,0.0678394257285,110.782106061,1.41467100626,1.482562575013974,5.93819503213,0.255274361261,5.39079928348,-2.55404204258,-2.47268484281,-11073.47113271997,-7739.853964531088,1,1,1,21.137472041081423,266253,266253,-0.0180005,0.0137525,0.000154412,0.28500177623468986,True,True,166.3363390672529,,True,NUCLEATED,38,7,,CSV_VERIFIED,0,2,1,1,0,1_STEP,CLEAN,0->1,1,1,0,0,0,88.982160134,88.982160134,2.29819512408,2.80923405975e-05,204.498393452,204.49836655,2.29819542641,2.29819512408,1.12290109522e-05,2.57505128741e-05,24.2981728199,203.049727215,60.0216964006,139.838780151,-0.161219849215,0.101362861476,277.137092973,2.57243067176e-05,235.510052589,235.510028499,3.92374868943,3.92374828808,-6.58125697151e-06,2.48681927927e-05,23.4462824642,234.340045039,OK
266458,1,16458,75.1111095132,125,549.899414474,107.356924335,3.46138263509,-0.496398972047,1012.65739122,1.80899775531,1.289552121337972,0.577520938108,0.264557169997,0.176291822593,4.67869821173,-4.9340936726,4368.176687551079,-6911.368165146351,1,1,1,24.33596926386099,266458,266458,0.0638423,0.104592,0.00296281,6.3333956311585435,True,True,178.29549121468256,,True,NUCLEATED,42,8,,CSV_VERIFIED,0,2,1,1,0,1_STEP,CLEAN,0->1,1,1,0,0,0,78.0669038084,78.0669038084,2.83651485701,6.05730644569e-06,221.43793851,221.437932494,2.83651493409,2.83651485701,7.61711353718e-07,6.00922267774e-06,53.0199635405,214.99684667,49.4790667735,140.008712178,0.00871217839671,0.170429426448,208.75631805,9.01184094993e-06,241.643828468,241.643837158,4.88375881408,4.88375898971,-4.57599567262e-08,-9.01172477016e-06,65.2074430345,232.679455925,OK
266495,1,16495,95.039766995,125,366.724922927,381.69739314,5.59837149462,0.469036766164,14.4424105857,0.90583731454,1.394037131897642,6.12545623847,0.223592168154,5.11922215096,-2.59130142496,-2.22096198301,-14650.718322099005,-6840.867380671113,1,1,1,21.221896979925027,266495,266495,-0.0192543,0.0632423,0.000764612,3.6416427106692617,True,True,167.34999379855347,,True,NUCLEATED,39,7,,CSV_VERIFIED,0,3,2,1,0,1_STEP,CLEAN,0->2,1,1,1,0,0,83.9285340594,83.9285340594,2.49919562979,8.76567020618e-06,209.753817235,209.753825536,2.49919553089,2.49919562979,4.50089488844e-06,7.52189599547e-06,-44.1275777901,-205.059554089,42.8925422296,139.813188023,-0.186811977345,0.361063800357,47.7595013356,2.58473003915e-05,242.038931483,242.038957011,5.64291410353,5.64291469869,6.34436934791e-07,2.58395129076e-05,-43.7833274442,-238.045929584,OK
267921,1,17921,92.9856002838,125,392.595303975,389.051600563,5.79155866409,0.458299550034,1030.75508598,0.923736032453,1.3998170828858205,2.9754544612,0.219706270125,5.23158116918,-2.35381666219,-2.44536021439,-9341.65438859618,-6656.2146736237,1,1,1,13.894846375645528,267921,267921,-0.0171891,-0.0152737,-0.000174372,1.7015782811116713,True,True,166.79223160223094,,True,NUCLEATED,38,7,,CSV_VERIFIED,0,2,1,1,0,1_STEP,CLEAN,0->1,1,1,0,0,0,81.6098608025,81.6098608025,2.6402883222,4.84908763524e-06,215.473567302,215.473562453,2.64028838161,2.6402883222,1.07406963811e-06,4.72863884291e-06,45.0037457966,210.721430021,45.1242408074,140.330080486,0.33008048586,0.298472546678,50.5510560527,7.08244772219e-06,242.169326793,242.169330307,5.36672357164,5.36672364951,5.44077084942e-06,-4.53421198244e-06,42.3097912697,238.444677865,OK
269050,1,19050,98.0655189756,125,546.462112732,121.055992372,4.62129765708,0.166505551279,1269.14954189,1.19040781765,1.3576924982958152,1.69196865174,0.251208565185,0.548441521573,4.55171330613,-4.8331200392,-4143.381067989569,-7347.85802876863,1,1,1,24.151228251419408,269050,269050,0.0575245,0.0229061,7.8851e-05,5.107149631734777,True,True,170.56153157495518,,True,NUCLEATED,38,8,,CSV_VERIFIED,0,2,1,1,0,1_STEP,CLEAN,0->1,1,1,0,0,0,83.6282485734,83.6282485734,2.62963275228,2.2601022708e-05,219.911603498,219.911581464,2.62963301575,2.62963275228,-9.91983870446e-06,-2.03077085739e-05,-50.1229675812,-214.123332391,49.7107738882,139.884310231,-0.115689768777,0.214469288657,246.244504241,2.50683098637e-05,242.151349523,242.151330403,4.87120458169,4.87120419705,-1.99250865144e-05,-1.52122019056e-05,-51.771611521,-236.552269735,OK
272314,1,22314,66.9504331578,125,413.219495585,410.726426713,2.10661858576,-0.196610966107,365.876432272,1.32549759563,1.1275973797410601,0.392564729134,0.299554454601,5.67161998696,-2.73807922024,-2.80596718146,-4563.860222728814,-7933.279203068951,1,1,1,9.644470436170979,272314,272314,-0.0176494,-0.0115597,-0.000118966,1.35751574638036,True,True,180.5945879383821,,True,NUCLEATED,38,7,,CSV_VERIFIED,0,2,1,1,0,1_STEP,CLEAN,0->1,1,1,0,0,0,80.2139812848,80.2139812848,2.79557782273,1.72680792764e-05,224.244442487,224.244427152,2.7955780139,2.79557782273,1.38811956492e-05,1.02712691156e-05,98.7603549525,201.325513227,44.4588882249,140.044047381,0.044047380866,0.321234766184,198.148271606,1.92429418281e-05,243.194007228,243.193988151,5.47008746592,5.47008703683,5.85221982605e-06,1.83314574791e-05,103.711588161,219.970979069,OK
272365,1,22365,78.5844035192,125,428.169933095,422.388816662,3.43643195798,-0.418456957186,1261.95651699,1.71936289384,1.2876171836465478,0.433047850237,0.269767310574,5.73343526012,-2.78920082043,-2.95170922037,3522.182354071349,-7140.480038124813,1,1,1,9.735348107305116,272365,272365,-0.0174625,-0.0277826,-0.000269175,3.024121219352988,True,True,174.79274004505717,,True,NUCLEATED,40,7,,CSV_VERIFIED,0,2,1,1,0,1_STEP,CLEAN,0->1,1,1,0,0,0,78.7549821871,78.7549821871,2.80319183765,2.40764649974e-05,220.765299939,220.765323241,2.80319154177,2.80319183765,-1.17297738725e-05,-2.10259023985e-05,55.5818833808,213.65386001,51.9125729759,139.979396163,-0.0206038372396,0.151809862476,291.585258432,8.22821135942e-06,240.397917323,240.397915638,4.63082262238,4.63082258992,8.20877510995e-06,-5.65219753302e-07,65.2768304774,231.365714953,OK
273285,1,23285,97.7806111909,125,407.523796766,411.086758435,2.55835277051,-0.0329348152104,1390.85562086,1.2311204584,1.1981796862018932,0.832355883908,0.2744651912,5.61010059688,-2.77293689057,-2.67654327466,-3995.5795786629687,-7304.569223411303,1,1,1,10.148845678829133,273285,273285,-0.0183237,0.0165706,0.000171155,0.27678172336317997,True,True,173.68974842447875,,True,NUCLEATED,38,7,,CSV_VERIFIED,0,2,1,1,0,1_STEP,CLEAN,0->1,1,1,0,0,0,85.0101108713,85.0101108713,2.57080526884,1.96539449685e-05,218.544424691,218.544440933,2.57080507778,2.57080526884,3.97393582928e-06,-1.92479969568e-05,84.0030473796,201.755182324,57.6293668703,140.001935844,0.00193584416229,0.122770161073,254.899405846,1.44536873489e-05,239.528090537,239.528080663,4.15635471192,4.15635454059,1.3443854945e-05,5.30771534631e-06,87.9586465578,222.793587547,OK
276246,1,26246,56.4318687506,125,542.106777818,116.749769883,2.34840503561,0.395698255853,2889.27808918,0.76140251694,1.1682305556597898,0.314143167102,0.153747364705,0.602847852274,4.53820892488,-4.72377963315,-5361.785834453446,-4645.69847878924,1,1,1,23.850604601490403,276246,276246,0.0589639,0.0478127,0.000900883,3.5121493600086198,True,True,181.05460818584902,,True,NUCLEATED,42,8,,CSV_VERIFIED,0,2,1,1,0,1_STEP,CLEAN,0->1,1,1,0,0,0,78.9504890345,78.9504890345,2.52123824953,1.70265405988e-05,199.05300965,199.052992773,2.5212384633,2.52123824953,-9.37365084382e-06,-1.42139985444e-05,-130.615659062,-150.205360285,51.3819783163,139.905528721,-0.0944712786587,0.144641906046,240.926459357,8.01011239674e-06,239.150742035,239.150739702,4.65437007044,4.65437002504,-7.93363880767e-06,1.10420825838e-06,-100.520803811,-216.999182987,OK
281263,1,31263,92.8775632702,125,403.149730013,395.704404824,5.02400553233,0.276354306765,654.028928567,1.09432120983,1.3743198136583834,2.95406689734,0.240896926273,5.3646370187,-2.43271566949,-2.62928281909,-8928.746435200748,-7230.072494509811,1,1,1,14.033429782527955,281263,281263,-0.0168608,-0.0327945,-0.000358688,3.7513001478582866,True,True,167.40976197915225,,True,NUCLEATED,40,7,,CSV_VERIFIED,0,2,1,1,0,1_STEP,CLEAN,0->1,1,1,0,0,0,82.8324056056,82.8324056056,2.61402612524,1.90719669052e-05,216.5260566,216.52607227,2.61402593606,2.61402612524,-7.11220382123e-06,1.76962278025e-05,-48.1736253402,-211.099111813,41.7500514089,140.168519406,0.168519406279,0.434059248657,121.522230212,1.13031704939e-05,243.108775599,243.108769288,5.8229575149,5.82295736375,-1.04405950633e-05,-4.330777983e-06,-48.0957207047,-238.303752432,OK
283534,1,33534,49.2274439062,125,543.430154164,105.887859732,3.13890265389,0.168194618781,569.57312602,1.09338167492,1.262379584044341,0.613817520848,0.230366917381,0.645830353927,4.54195825078,-4.84742946872,-9273.170366067108,-7095.65089809009,1,1,1,24.272035261640575,283534,283534,0.0639685,0.112305,0.00330873,7.410362958499778,True,True,181.15330706466239,,True,NUCLEATED,42,8,,CSV_VERIFIED,0,2,1,1,0,1_STEP,CLEAN,0->1,1,1,0,0,0,78.2823278607,78.2823278607,2.78998944462,2.31041820166e-05,218.406846589,218.406868432,2.7899891656,2.78998944462,-1.65906996056e-05,-1.60795495351e-05,98.7193248562,194.823113457,43.9375269811,140.023411417,0.0234114169748,0.322591678546,297.646663639,2.40671431761e-05,243.378053331,243.378066519,5.53918415653,5.53918445669,1.49882418614e-05,-1.88302943834e-05,76.2275332647,231.132516136,OK
286544,1,36544,85.9168398652,125,538.092263898,109.770855478,4.65037864911,0.279603904194,1490.24467657,1.07560398151,1.358985515732494,0.864784206252,0.232412778817,0.555524582834,4.50615806894,-4.66476015946,-5705.554793456398,-6931.889679241105,1,1,1,23.5621211991104,286544,286544,0.0617002,0.0883649,0.00238227,4.62566908563256,True,True,170.06942640361856,,True,NUCLEATED,42,8,,CSV_VERIFIED,0,2,1,1,0,1_STEP,CLEAN,0->1,1,1,0,0,0,82.8712843775,82.8712843775,2.64780080206,1.57307543695e-05,219.426638048,219.426653242,2.64780061871,2.64780080206,-6.94954378918e-08,1.573060086e-05,-55.8858652632,-212.19052653,52.5988924966,139.998527028,-0.00147297217066,0.166032966209,291.65717665,9.37217687371e-06,241.377157786,241.377161519,4.58901597219,4.58901604315,-7.58455557724e-06,5.50565309912e-06,-52.2750880261,-235.648567729,OK
288280,1,38280,55.6553555396,125,409.000168621,398.49991848,5.3577768023,0.131530965336,501.709036891,1.2543616679,1.3862748728517074,0.796468121742,0.244845628822,5.54173142219,-2.4380584608,-2.71828031629,-9391.882950162024,-7458.057537673117,1,1,1,10.246880731799205,288280,288280,-0.0165689,-0.0466455,-0.000500547,6.013446660057387,True,True,167.2261563741386,,True,NUCLEATED,40,7,,CSV_VERIFIED,0,2,1,1,0,1_STEP,CLEAN,0->1,1,1,0,0,0,79.3166437432,79.3166437432,2.79467765858,9.44108063749e-06,221.664443655,221.664452223,2.79467755056,2.79467765858,-6.15963506706e-06,-7.15492134437e-06,60.7036850552,213.190497447,38.5539090321,139.979167131,-0.0208328685417,0.586342732974,31.1301186173,1.82268637448e-05,244.219081781,244.219063997,6.33448301126,6.33448254999,-5.89989243805e-07,1.82173124984e-05,45.7717422344,239.891449449,OK
288929,1,38929,92.7776549113,125,386.497810898,397.162212415,2.85745764872,0.275766767721,408.288580614,0.954768547634,1.2341558576830165,1.4817361012,0.24371415663,5.36685024699,-2.72300772562,-2.44680754248,-9036.593408728604,-7077.308725795519,1,1,1,10.811299481849787,288929,288929,-0.018947,0.047476,0.00052922,1.7834297765745006,True,True,172.80823232054107,,True,NUCLEATED,39,7,,CSV_VERIFIED,0,2,1,1,0,1_STEP,CLEAN,0->1,1,1,0,0,0,82.9389229294,82.9389229294,2.63712320382,1.7599575367e-05,218.72014092,218.720158157,2.63712299599,2.63712320382,-9.65150769238e-06,-1.47171142675e-05,80.5487562882,203.347972462,50.6750795115,139.708530535,-0.291469464538,0.205150077044,87.7726323337,1.03852324375e-05,241.573861259,241.573858523,4.76711361064,4.76711355663,1.03559862622e-05,-7.78846145654e-07,80.9558417831,227.605101272,OK
291557,1,41557,103.933125784,125,539.858734125,111.644815833,3.14040240401,0.365124528806,1903.31872577,0.888751151811,1.26251771542997,1.21003354864,0.238465009438,0.438051480463,4.51288228729,-4.70725413642,-4087.9878284127235,-6623.925536921437,1,1,1,23.585578464283557,291557,291557,0.0610083,0.0775587,0.00196601,3.8842886632208065,True,True,174.68970958452672,,True,NUCLEATED,42,8,,CSV_VERIFIED,0,2,1,1,0,1_STEP,CLEAN,0->1,1,1,0,0,0,84.3356517735,84.3356517735,2.59230893282,1.99570901119e-05,218.624057544,218.624063447,2.59230886282,2.59230893282,1.60501792364e-05,-1.18607416385e-05,72.1100824112,206.389472967,56.0580151383,139.917322761,-0.0826772387458,0.129208761866,275.713642972,1.2321019674e-05,240.206930031,240.206935646,4.28497030153,4.2849704017,8.70267393753e-06,-8.72186861542e-06,74.035839258,228.512721178,OK
293751,1,43751,70.2407683664,125,410.751813854,424.566934763,4.66291018056,0.437798411936,1809.81787915,0.906389469089,1.3595379476482938,0.2102320754,0.193106750337,6.2297562906,-3.02349730391,-2.64210958794,-8160.146032404444,-5948.546104336875,1,1,1,10.041058481470127,293751,293751,-0.019617,0.0672359,0.000666117,4.229537011678528,True,True,167.4041122075157,,True,NUCLEATED,39,7,,CSV_VERIFIED,0,3,2,1,0,1_STEP,CLEAN,0->2,1,1,1,0,0,107.774055583,107.774055583,2.04609346221,2.88754504208e-06,220.515787857,220.515790524,2.04609343746,2.04609346221,2.80141703084e-06,-6.99984992213e-07,-218.084729225,-32.6536915663,72.2888953009,140.069808534,0.0698085335511,0.0524029437579,290.106599581,4.53696051116e-06,241.046949325,241.046945106,3.33449485321,3.33449479484,-4.42517231606e-06,1.00092989413e-06,-238.196953368,-36.9573157199,OK
294068,1,44068,66.154172777,125,395.534482685,383.120212893,7.37211648882,0.174454446501,122.408146616,1.26062127335,1.4359729645755295,4.13575840759,0.245031999302,5.24142389032,-2.25057268721,-2.57003958738,-13861.417991224724,-7493.670181127428,1,1,1,16.662285410574306,294068,294068,-0.0160677,-0.0522456,-0.000601376,7.144763273420824,True,True,166.7546193477502,,True,NUCLEATED,40,7,,CSV_VERIFIED,0,2,1,1,0,1_STEP,CLEAN,0->1,1,1,0,0,0,82.5567447484,82.5567447484,2.61217183749,1.62789781735e-05,215.652418591,215.652403627,2.61217201875,2.61217183749,9.05708822118e-06,1.35267987094e-05,39.7436582289,211.958503662,43.2568536568,140.201097899,0.201097899021,0.373676583379,162.341330814,1.06570350206e-05,242.483497254,242.483507485,5.60566654194,5.60566677847,1.50670879798e-06,-1.05499869207e-05,34.2468602856,240.052908754,OK
294151,1,44151,90.0557485834,125,406.945190288,411.222204383,4.28328293001,-0.0454329135013,282.612535527,1.38688734512,1.3414387870253164,2.2860734602,0.266740415219,5.66847715457,-2.83109467004,-2.71544547049,-5863.776186624053,-7778.578201886434,1,1,1,12.858311940135888,294151,294151,-0.0184049,0.0199046,0.000205773,0.30364350585907685,True,True,168.16884728823908,,True,NUCLEATED,39,7,,CSV_VERIFIED,0,2,1,1,0,1_STEP,CLEAN,0->1,1,1,0,0,0,82.871564413,82.871564413,2.63672052317,5.34042442625e-06,218.509149389,218.509154674,2.63672045938,2.63672052317,-1.94608331918e-06,-4.97321754675e-06,49.732073385,212.774456276,44.7613801394,139.94614106,-0.053858940471,0.330730103372,167.708647718,7.61627476658e-06,242.64358461,242.643592191,5.42082446641,5.42082463576,-2.44059844094e-06,-7.21464625398e-06,55.0963587597,236.305523431,OK
294767,1,44767,97.0173304166,125,540.159850228,121.765722141,3.70950132187,0.2027138558,1335.9583264,1.10334932209,1.3074778473530664,1.39469335831,0.248216159648,0.566498068209,4.41924062714,-4.7335709503,-5016.4664782130585,-7158.480096479359,1,1,1,23.605692173397365,294767,294767,0.0566801,0.0185673,-5.20466e-05,5.485410401972819,True,True,172.83094053474588,,True,NUCLEATED,38,8,,CSV_VERIFIED,0,2,1,1,0,1_STEP,CLEAN,0->1,1,1,0,0,0,84.6747951139,84.6747951139,2.58447815856,8.79899152777e-06,218.840166204,218.840158552,2.58447824892,2.58447815856,6.33850508027e-06,6.10291776555e-06,62.1536079608,209.828375968,54.8228651356,139.971650048,-0.0283499517064,0.145866773044,207.489714474,2.34220596868e-05,240.718668879,240.71869215,4.39084437276,4.39084479723,-3.58554131837e-06,-2.31459882793e-05,63.6176069719,232.160025909,OK
296118,1,46118,98.8525038012,125,378.12516881,391.389541639,6.3038211423,0.484972138515,1104.83706497,0.907141998602,1.4134733071757928,3.38484659158,0.224099571266,5.24797865412,-2.58201043381,-2.24467386112,-7983.9883175577115,-6752.005294285891,1,1,1,14.63886118574605,296118,296118,-0.0191767,0.057943,0.000666757,2.9344602030624403,True,True,166.51487557948332,,True,NUCLEATED,39,7,,CSV_VERIFIED,0,2,1,1,0,1_STEP,CLEAN,0->1,1,1,0,0,0,85.8689044879,85.8689044879,2.44271963485,2.73120869252e-05,209.753678845,209.753659015,2.44271986578,2.44271963485,2.22346271805e-05,1.58610039516e-05,40.2158001992,205.86232099,59.3287564252,140.024987199,0.0249871985724,0.101709459168,208.099071942,2.32188200221e-05,236.837700487,236.837722415,3.99195457242,3.99195494202,3.90650959209e-06,-2.28878305225e-05,39.1261393151,233.583478856,OK
297832,1,47832,60.0973203598,125,377.538087684,372.894123624,3.46785215616,0.0599620124677,1410.50464042,1.230051638,1.2900496403962447,0.0133327285826,0.248371843926,4.74279564953,-2.15260242595,-2.26777792395,-4146.25485847094,-7280.493025861821,1,1,1,7.734016075508261,297832,297832,-0.0167698,-0.0188752,-0.000233115,2.0772853264810083,True,True,169.34919340720222,,True,NUCLEATED,40,7,,CSV_VERIFIED,0,3,1,1,0,1_STEP,CLEAN,0->2,1,1,0,0,0,131.37632279,131.37632279,2.32046678995,1.74390831139e-05,304.854396499,304.854394021,2.32046680882,2.32046678995,4.11140646359e-06,-1.69475059152e-05,303.468005959,29.040875052,87.8930454214,140.003336746,0.00333674622343,0.0590491179927,295.011468904,3.88428129451e-05,334.288149794,334.288131692,3.80335154154,3.80335133559,1.4730396738e-05,3.59413345527e-05,332.754785201,31.9815574702,OK
298678,1,48678,79.2367071308,125,542.231575628,123.724768803,7.11081633659,0.118274256064,758.679482228,1.31252997705,1.4310817360330248,1.27240530117,0.251230490406,0.691557771951,4.44346898272,-4.76755828915,-6255.054601662737,-7563.247834395776,1,1,1,23.881170604856038,298678,298678,0.0560589,0.00732854,-0.000399789,6.896889171363902,True,True,168.60455785622165,,True,NUCLEATED,38,8,,CSV_VERIFIED,0,2,1,1,0,1_STEP,CLEAN,0->1,1,1,0,0,0,82.644715119,82.644715119,2.67814179668,2.22433627013e-05,221.334249292,221.334265835,2.67814159651,2.67814179668,-1.73953996299e-05,-1.38624404769e-05,36.5268882242,218.299419024,45.987491246,139.527360256,-0.472639743557,0.297522387542,95.2185124584,1.20837549431e-05,243.21595963,243.215951082,5.28874163473,5.28874144887,-7.24495313355e-06,9.67097655967e-06,34.4529406943,240.763364938,OK
300583,1,50583,78.3708232038,125,409.258688275,421.887429573,7.64950300293,-0.0382688592382,548.894189036,1.47908423795,1.440806031722639,1.98929538784,0.260065860942,5.9229976443,-3.04406783745,-2.69717348545,-2219.7869232285975,-7757.503889660896,1,1,1,12.55020420053489,300583,300583,-0.0194582,0.0609356,0.000609687,3.3253933716956485,True,True,166.42694754652518,,True,NUCLEATED,39,7,,CSV_VERIFIED,0,2,1,1,0,1_STEP,CLEAN,0->1,1,1,0,0,0,83.6475283759,83.6475283759,2.59714940655,1.89093351851e-05,217.24511169,217.245128681,2.59714920343,2.59714940655,-1.03967992473e-05,-1.57946042228e-05,27.686225905,215.47369085,56.0538846779,139.999956439,-4.35606169447e-05,0.130999666023,264.68127171,1.18504197264e-05,239.038796895,239.038808742,4.26444658152,4.26444679285,-1.2097351396e-06,-1.17885108722e-05,30.7290559833,237.055418709,OK
300753,1,50753,65.6523703806,125,413.103993191,406.716571572,4.34275822999,-0.0622363167183,598.893395658,1.40674960057,1.3444730363943993,0.660002238449,0.264235895354,5.5594345306,-2.60167682174,-2.77473980008,-3663.639771313841,-7733.599808279313,1,1,1,9.92421310194015,300753,300753,-0.0171602,-0.0291981,-0.00030374,3.2340510663366433,True,True,167.99846451954616,,True,NUCLEATED,40,7,,CSV_VERIFIED,0,2,1,1,0,1_STEP,CLEAN,0->1,1,1,0,0,0,85.1674215868,85.1674215868,2.57097742012,9.00810756808e-06,218.963508851,218.963517829,2.57097731469,2.57097742012,-1.42571832206e-06,-8.8945673995e-06,51.9664526663,212.707559822,58.4680932159,139.983366493,-0.0166335071517,0.116021522149,280.989743522,9.00810756808e-06,239.352764421,239.352773408,4.09373303038,4.09373318409,-1.42571832206e-06,-8.8945673995e-06,53.9126410382,233.202000361,OK
300767,1,50767,67.9844176672,125,544.230685791,111.644856892,2.10072153544,0.115776612671,1385.80538607,1.01047361559,1.126510450241392,0.431006017905,0.240340142573,0.56385427305,4.54142314598,-4.83535209647,-6156.625189034474,-6777.90791386291,1,1,1,24.152756854438188,300767,300767,0.0613909,0.0781165,0.00197117,3.9246471455079854,True,True,187.33485455549578,,True,NUCLEATED,42,8,,CSV_VERIFIED,0,2,1,1,0,1_STEP,CLEAN,0->1,1,1,0,0,0,83.2075941747,83.2075941747,2.64147031856,2.13770441666e-05,219.790410593,219.790390291,2.64147056255,2.64147031856,1.61364819098e-05,1.40211258062e-05,112.412738151,188.868210374,47.9630596352,139.833440325,-0.166559674774,0.249604396634,188.651173971,1.03218094912e-05,242.873104147,242.873102479,5.06375335506,5.0637533203,-8.4399657367e-06,5.94194661169e-06,105.899310892,218.569624309,OK
303628,1,53628,116.575630357,125,438.776416683,431.596280601,6.28078416139,0.0176984378541,1576.45922144,1.39520643328,1.4129057952281288,2.50684890098,0.259436348117,6.02572219105,-2.80708503063,-3.01362195998,1976.1243885979266,-7558.31716038608,1,1,1,13.989276550345604,303628,303628,-0.0174446,-0.0354724,-0.000329205,4.073167380194212,True,True,166.36466694562154,,True,NUCLEATED,40,7,,CSV_VERIFIED,0,2,1,1,0,1_STEP,CLEAN,0->1,1,1,0,0,0,80.4162955036,80.4162955036,2.71674955392,2.62236706613e-06,218.470936126,218.470934937,2.7167495687,2.71674955392,2.49673140686e-06,8.01960916448e-07,34.6978529521,215.697957645,43.7941449819,140.203782715,0.203782715478,0.337476051501,210.625157373,1.04158052593e-05,242.20628017,242.20627036,5.5305630529,5.53056282888,4.99883165743e-06,9.13787071812e-06,38.1123325429,239.188904973,OK
305778,1,55778,91.6283980592,125,382.346146904,397.107468824,6.13694172717,0.262827425245,755.23032209,1.14331686684,1.4092683567644622,3.19659317655,0.241886855835,5.41696512324,-2.71733492109,-2.33707959214,-8553.252520436552,-7290.384320757097,1,1,1,14.405545248061152,305778,305778,-0.0194231,0.0657853,0.000739051,4.01064860046051,True,True,166.7415683404837,,True,NUCLEATED,39,7,,CSV_VERIFIED,0,2,1,1,0,1_STEP,CLEAN,0->1,1,1,0,0,0,86.5649796179,86.5649796179,2.44305676639,1.63238341423e-05,211.483143738,211.483159188,2.44305658792,2.44305676639,-8.14094663785e-06,-1.41489416193e-05,40.6399932433,207.541588687,57.8379946232,139.858307626,-0.141692373776,0.119483385103,290.443583707,3.0041546101e-05,238.043458807,238.043488752,4.11569350491,4.11569402264,-7.40168419185e-06,-2.91154523108e-05,39.9444506759,234.668125533,OK
307237,1,57237,54.0632749934,125,396.062555645,413.491573524,2.87969982156,0.191239446151,2049.94231359,1.04414123901,1.2365659828261564,0.0351399694727,0.216724122834,5.83559221806,-2.9491363694,-2.48282222467,-5110.0701877285865,-6454.377504016166,1,1,1,9.104096115470275,307237,307237,-0.0199104,0.0820292,0.000858819,6.8149153541320935,True,True,171.80948517044015,,True,NUCLEATED,39,7,,CSV_VERIFIED,0,3,1,1,0,1_STEP,CLEAN,0->2,1,1,0,0,0,124.054793134,124.054793134,2.28475771611,2.19630652714e-05,283.435152052,283.435145833,2.28475776624,2.28475771611,8.82784437009e-06,-2.01108279266e-05,281.168827587,35.7711589392,69.8421335664,139.985866934,-0.0141330662339,0.131141486123,69.4664266748,4.12494197731e-05,312.331076575,312.331102163,4.47195783728,4.47195820366,-2.1218995237e-05,-3.53732790783e-05,309.742129638,40.1312163016,OK
308189,1,58189,96.7629384065,125,427.411503897,434.389894157,3.25504946687,-0.366046597852,2197.58849568,1.6474906942,1.2727334868797666,0.430460240743,0.269691022425,6.07866802412,-3.08811182548,-2.88935491883,3231.911327360207,-7045.5056822493,1,1,1,10.122656733072928,308189,308189,-0.0189771,0.0349124,0.000328138,0.832818905518441,True,True,177.6667499708441,,True,NUCLEATED,39,7,,CSV_VERIFIED,0,2,1,1,0,1_STEP,CLEAN,0->1,1,1,0,0,0,78.9209331169,78.9209331169,2.82733450367,1.38607318346e-05,223.135880978,223.135877263,2.82733455074,2.82733450367,-1.17115163992e-05,7.41351944893e-06,64.44787439,213.626058491,41.3112698154,140.001043729,0.00104372891735,0.405024909938,64.8170832558,9.39563527888e-06,243.525742308,243.525750532,5.89489849614,5.89489869521,-6.7468410732e-06,-6.53896764228e-06,71.1120459609,232.911708778,OK
308212,1,58212,72.7433843151,125,543.49245579,111.883510718,3.15093470694,0.349294401059,2335.7373084,0.906666439057,1.2634844068913915,0.335472459256,0.199312112681,0.567287919379,4.60125007032,-4.7472240367,-5150.68803381901,-5904.169993054648,1,1,1,24.011460170115576,308212,308212,0.0612196,0.0766085,0.00191798,3.843310053571884,True,True,172.97566106540756,,True,NUCLEATED,42,8,,CSV_VERIFIED,0,2,1,1,0,1_STEP,CLEAN,0->1,1,1,0,0,0,79.3801528625,79.3801528625,2.73495048377,3.37827499342e-06,217.100789009,217.100787473,2.73495050312,2.73495048377,-2.13871921576e-06,2.61507591616e-06,87.1828702429,198.826305414,45.6100663291,139.900148175,-0.0998518253528,0.266185989951,133.181101952,9.85587101448e-06,242.968968639,242.968958895,5.32709088572,5.32709067209,1.61273786451e-06,9.72302782237e-06,75.3019842763,231.005478042,OK
309207,1,59207,97.3502911571,125,406.694971307,412.837182217,4.81042536791,-0.0297805227299,579.534473662,1.39561863072,1.3658337042793547,2.74288227805,0.264058107937,5.67214478502,-2.85147723474,-2.68511662485,-4581.795462434859,-7708.321007656717,1,1,1,13.78150232761884,309207,309207,-0.0186333,0.0287496,0.000296148,0.5341236700545738,True,True,167.56069769612677,,True,NUCLEATED,39,7,,CSV_VERIFIED,0,2,1,1,0,1_STEP,CLEAN,0->1,1,1,0,0,0,84.5061199373,84.5061199373,2.5490369607,5.37658678555e-06,215.409220595,215.409223125,2.54903693076,2.5490369607,4.13167147965e-06,-3.44049069854e-06,43.7269603984,210.924359076,56.9701921915,139.960083782,-0.0399162180098,0.123317184412,222.142861524,1.9195457469e-05,238.444027817,238.444019718,4.1854172971,4.18541715493,1.86866997703e-05,4.3900841837e-06,48.4991470177,233.459604943,OK
309238,1,59238,91.0756830224,125,540.538512232,105.741412922,5.17937685922,0.293384551469,1238.8138391,1.08230445519,1.380069725251624,1.60606850816,0.236049820992,0.529229941384,4.56862410184,-4.71819712887,-6404.978138333134,-7059.372162967864,1,1,1,23.82106953167157,309238,309238,0.0637845,0.112659,0.00333975,7.4704866263428285,True,True,170.1991126780149,,True,NUCLEATED,42,8,,CSV_VERIFIED,0,2,1,1,0,1_STEP,CLEAN,0->1,1,1,0,0,0,81.490860981,81.490860981,2.70915339088,1.86928908655e-05,220.771234458,220.771242353,2.70915329401,2.70915339088,1.4797737786e-05,-1.1421520272e-05,48.4604388488,215.386916573,43.4549216674,139.793063588,-0.20693641233,0.357233752793,98.6656405781,5.84737161521e-06,243.514165435,243.514170695,5.60383395232,5.60383407335,1.49594112786e-06,-5.65277940029e-06,46.8282967678,238.969159913,OK
309313,1,59313,106.263339293,125,421.23790749,428.911994506,2.32125870292,0.273731308905,3441.75571489,0.886752283026,1.1640226659028705,0.531304933843,0.243165977358,6.01988693508,-2.99123714374,-2.77562063492,-985.00803290578,-5921.722274627885,1,1,1,10.220559551425326,309313,309313,-0.0189918,0.0377763,0.000363792,1.0091924588743075,True,True,177.82156604011118,,True,NUCLEATED,39,7,,CSV_VERIFIED,0,2,1,1,0,1_STEP,CLEAN,0->1,1,1,0,0,0,80.9221856764,80.9221856764,2.73384255393,9.37519692226e-06,221.228515612,221.228514759,2.73384256446,2.73384255393,-8.10077356262e-06,4.7192992084e-06,93.517680136,200.490647218,45.2193645754,140.010778597,0.0107785970046,0.301608091438,107.661068325,2.90797900557e-05,242.834575381,242.834546405,5.3701456812,5.37014504041,1.37744538397e-05,2.56105175875e-05,96.5932172415,222.7967266,OK
311007,1,61007,114.254490814,125,415.654758449,424.306686843,2.56452595883,-0.16259469756,2190.73212064,1.36231591888,1.1989961414191082,0.944786922966,0.27909589699,5.86849681858,-2.98815217323,-2.7479748225,-1631.4525012069407,-7004.68713953248,1,1,1,10.641464591686947,311007,311007,-0.0190468,0.0420091,0.000413281,1.3141280606966734,True,True,173.60551600529698,,True,NUCLEATED,39,7,,CSV_VERIFIED,0,2,1,1,0,1_STEP,CLEAN,0->1,1,1,0,0,0,82.5953670524,82.5953670524,2.66705097515,2.0481832936e-05,220.286035458,220.28605424,2.66705074776,2.66705097515,5.54180984754e-07,-2.04743342714e-05,82.3690122358,204.306836012,52.9763419545,140.000773527,0.000773526763652,0.164244191283,222.249887878,2.4403227742e-05,240.781992228,240.782016249,4.54508528419,4.54508573762,-4.7437041589e-06,-2.39377274419e-05,87.7218387682,224.233910871,OK
313194,1,63194,59.5232682622,125,546.298843534,117.693828867,7.33295997633,-0.00855173776423,503.44088525,1.44381363862,1.4352617966207977,0.0408012519786,0.258580705525,0.582986043036,4.53597590929,-4.86949005319,-3741.53241371036,-7750.448461866678,1,1,1,24.263408021194458,313194,313194,0.0589253,0.0425916,0.000717093,3.727050042746251,True,True,169.21886854951322,,True,NUCLEATED,42,8,,CSV_VERIFIED,0,2,1,1,0,1_STEP,CLEAN,0->1,1,1,0,0,0,84.1587385784,84.1587385784,2.64464013445,1.02267479839e-05,222.569586899,222.569577709,2.64464024364,2.64464013445,-5.9335366821e-06,-8.32943676176e-06,-36.5114008012,-219.554409256,51.8534527879,139.966372739,-0.0336272612231,0.185889165741,226.197377948,2.19905436284e-05,242.34825931,242.348271522,4.67371498484,4.67371522034,1.97975168796e-05,9.57300028595e-06,-33.4199326387,-240.032887107,OK
313534,1,63534,101.668860415,125,391.742688293,410.204801982,2.80312800394,-0.0407536872175,774.484668893,1.26889085943,1.2281258827252648,1.26360332491,0.277199782176,5.59906053401,-2.98477018697,-2.49545675786,-5335.309557434772,-7570.226764678348,1,1,1,10.65676423328687,313534,313534,-0.0199954,0.0860084,0.000915602,7.622024042015879,True,True,172.09588852000024,,True,NUCLEATED,39,7,,CSV_VERIFIED,0,2,1,1,0,1_STEP,CLEAN,0->1,1,1,0,0,0,85.5842637447,85.5842637447,2.54201049985,1.65815197749e-05,217.55610833,217.55609706,2.54201063152,2.54201049985,-7.446637466e-06,1.48153430097e-05,76.1865075382,203.779970411,57.8376070514,139.997656278,-0.00234372213345,0.122842659944,269.257702023,2.05280503368e-05,239.366392483,239.366371965,4.13859432792,4.13859397317,6.33640116667e-06,1.95256464908e-05,80.9275850807,225.270938702,OK
314017,1,64017,115.280919114,125,416.315855359,430.262472349,6.37820253471,-0.355171435187,654.778862235,1.77837582305,1.4152783700293032,6.34531936618,0.261125508901,5.99667731545,-3.18351721468,-2.79330954436,-1016.1996496141746,-7623.327086788399,1,1,1,22.594399032656536,314017,314017,-0.0196878,0.0690617,0.000667559,4.513383551367482,True,True,166.59421723654526,,True,NUCLEATED,39,7,,CSV_VERIFIED,0,2,1,1,0,1_STEP,CLEAN,0->1,1,1,0,0,0,80.2175624035,80.2175624035,2.62306857111,6.99408173367e-06,210.416159802,210.416166792,2.62306848398,2.62306857111,-1.22037072411e-06,-6.88678986125e-06,29.1812674028,208.382854234,51.4174369722,140.001121993,0.0011219925556,0.1653622091,185.006862236,2.32609952384e-05,237.481537042,237.481513865,4.6186965167,4.61869606595,1.58002945392e-06,2.32072705505e-05,36.2537567769,234.697987966,OK
316323,1,66323,112.489891982,125,547.084341655,107.991144985,3.1634541926,0.111050224979,1386.5489254,1.15334612989,1.2646258789548683,1.59266531645,0.267153788222,0.369009128929,4.64012307989,-4.86609641541,-3926.5324099193776,-7304.053212544846,1,1,1,24.247544534927485,316323,316323,0.0633041,0.100322,0.00280771,5.818294916824229,True,True,176.5876462176814,,True,NUCLEATED,42,8,,CSV_VERIFIED,0,2,1,1,0,1_STEP,CLEAN,0->1,1,1,0,0,0,84.3966728537,84.3966728537,2.60495368652,2.92232186898e-05,219.849400384,219.849424081,2.60495340575,2.60495368652,8.86515356196e-06,-2.78461049864e-05,68.5169467061,208.899944623,52.9737532165,140.000219832,0.000219831625827,0.16717241118,179.790492279,8.87411174864e-06,241.330470148,241.330478491,4.55566116227,4.55566131975,3.5601718775e-07,-8.86696741222e-06,73.1147251864,229.988331841,OK
318931,1,68931,66.4766237898,125,405.980162528,408.109604211,2.16692603869,0.195027892649,2076.54805211,0.942148206166,1.138434094987292,0.35712194025,0.216305311732,5.64574471837,-2.69067664107,-2.63338413388,-5422.052893827153,-6146.503440370921,1,1,1,9.463546989662646,318931,318931,-0.0181237,0.0098044,0.000102158,0.32421783363166234,True,True,179.54850325223276,,True,NUCLEATED,38,7,,CSV_VERIFIED,0,2,1,1,0,1_STEP,CLEAN,0->1,1,1,0,0,0,84.1984881642,84.1984881642,2.53770340364,1.07486327802e-05,213.670779682,213.670789996,2.53770328114,2.53770340364,3.04294621032e-06,1.03089080413e-05,-115.732540339,-179.613978288,56.5378634419,139.995165846,-0.00483415392515,0.127194890233,262.743936058,3.5940238266e-05,239.168563979,239.168529231,4.23023703795,4.23023642336,-7.0477274272e-06,-3.52424497549e-05,-105.263393566,-214.758515478,OK
319330,1,69330,81.1500019871,125,412.97993983,421.104894018,2.33186338378,-0.0379037554883,1885.17658899,1.20358916081,1.1656763234306475,0.35684133757,0.267070201911,5.91275648325,-2.956272993,-2.73230243766,-3010.8270204874316,-7070.980102876792,1,1,1,9.806129432475826,319330,319330,-0.0189526,0.0390565,0.0003893,1.0952939292077146,True,True,175.96445837546423,,True,NUCLEATED,39,7,,CSV_VERIFIED,0,2,1,1,0,1_STEP,CLEAN,0->1,1,1,0,0,0,82.5419548632,82.5419548632,2.68583602932,4.73083261557e-06,221.694160916,221.694156302,2.68583608522,2.68583602932,2.90871813647e-06,3.73096985235e-06,94.3889810556,200.596663082,47.3412462923,139.983306725,-0.0166932748601,0.263833464479,73.7131258296,1.76569266738e-06,242.667677683,242.667677053,5.1259249954,5.12592498208,-1.26499003636e-06,1.23185664894e-06,96.0615009308,222.844766219,OK
321644,1,71644,89.8189424847,125,434.741602601,423.095749449,7.73459389578,-0.107093338074,618.523166378,1.5495194147,1.4422203042362611,3.30356322264,0.261111109298,5.85663584834,-2.71260115434,-3.04276996358,126.91443247515417,-7741.212986347953,1,1,1,15.438553929622472,321644,321644,-0.0168506,-0.0559882,-0.000535942,7.784000171193914,True,True,165.75831987966546,,True,NUCLEATED,40,7,,CSV_VERIFIED,0,2,1,1,0,1_STEP,CLEAN,0->1,1,1,0,0,0,81.5548355014,81.5548355014,2.64467575406,6.15637532961e-06,215.686098425,215.686096077,2.64467578286,2.64467575406,5.3800931005e-06,-2.99258340384e-06,-25.0080262965,-214.2313975,52.1602227574,139.953026601,-0.0469733985305,0.165666655607,202.693253848,4.53920655182e-06,239.222345376,239.222341011,4.58629838467,4.58629830098,-1.7830986373e-06,-4.17432094715e-06,-30.0549331371,-237.326845345,OK
325537,1,75537,61.0950159851,125,556.82030995,121.350008879,6.07595144241,-0.209520759082,148.291390094,1.61876022788,1.4076754133992082,1.79130295637,0.264311897397,0.412652044069,4.65203625209,-5.10812743745,751.2644853368654,-7727.557084635531,1,1,1,25.041106860590787,325537,325537,0.0582954,0.0215584,2.73398e-05,5.347621040044563,True,True,172.36455802499597,,True,NUCLEATED,38,8,,CSV_VERIFIED,0,2,1,1,0,1_STEP,CLEAN,0->1,1,1,0,0,0,82.1010785632,82.1010785632,2.66317984371,7.75351350715e-06,218.649935573,218.649937576,2.66317981931,2.66317984371,-7.65160678379e-06,-1.25295065019e-06,21.616178953,217.578802123,53.5955922765,139.999997238,-2.76241377151e-06,0.145255462503,248.75215388,5.57391382653e-06,240.26019398,240.260188407,4.48283494546,4.48283484148,7.55632385398e-07,5.52245733743e-06,35.9352413262,237.557612469,OK
326115,1,76115,89.1688527092,125,419.771346056,436.293549154,5.0487285868,-0.237795215825,1317.53410424,1.61535286421,1.3752575415904782,0.575368339204,0.263582688346,6.14712899562,-3.26497626179,-2.79752705614,3530.7140993479898,-7510.106541642445,1,1,1,10.299812038412758,326115,326115,-0.0200239,0.0833596,0.000788197,7.07374809198116,True,True,167.45415645495248,,True,NUCLEATED,39,7,,CSV_VERIFIED,0,2,1,1,0,1_STEP,CLEAN,0->1,1,1,0,0,0,81.5632023069,81.5632023069,2.70614966139,1.4512833472e-05,220.722226085,220.722232305,2.70614958514,2.70614966139,1.40375899125e-05,3.68353157117e-06,-40.8818330838,-216.903150765,53.591523917,139.996995435,-0.00300456539131,0.148790355819,279.296836763,1.82185573596e-05,240.402210568,240.402227684,4.48582523872,4.48582555808,-2.85696634148e-06,1.79931535754e-05,-45.9505184052,-235.969855499,OK
326453,1,76453,101.015131411,125,544.530648448,109.300766373,5.83889645664,0.103096927854,838.916747158,1.29789628337,1.4011767261542907,3.30509552006,0.256627476143,0.451246883973,4.5882467007,-4.81643865753,-4508.276796410832,-7592.409626012248,1,1,1,24.077056257951774,326453,326453,0.0624791,0.0920984,0.00249872,4.96003328877701,True,True,170.60090881176495,,True,NUCLEATED,42,8,,CSV_VERIFIED,0,2,1,1,0,1_STEP,CLEAN,0->1,1,1,0,0,0,85.0254957899,85.0254957899,2.54467483837,2.4909103776e-05,216.362216073,216.362239757,2.54467455982,2.54467483837,1.17695765672e-05,2.19531437009e-05,-38.1294439397,-212.975947113,57.1180972211,139.99997787,-2.21296150187e-05,0.120470070735,225.17795363,1.78051929893e-05,238.909677285,238.909659722,4.18273172442,4.18273141694,-5.90097409501e-06,-1.6798910742e-05,-41.044020111,-235.357647664,OK
326493,1,76493,44.1564328795,125,447.409930625,457.963078495,36.9138319048,-0.0730462414861,48.7040022201,1.61682419189,1.5437128344759075,4.07607885472,0.257885085232,6.51797704703,-3.59385196904,-3.27808307347,12409.613016673335,-7788.191149833475,1,1,1,17.54427651158888,326493,326493,-0.0195828,0.0565325,0.000483992,2.7667608062173423,True,True,165.58652389735147,,True,NUCLEATED,39,7,,CSV_VERIFIED,0,2,1,1,0,1_STEP,CLEAN,0->1,1,1,0,0,0,79.0947087999,79.0947087999,2.69890892195,1.6134956678e-05,213.469431336,213.469415259,2.69890912521,2.69890892195,1.48591289794e-06,1.60663900693e-05,1.61664337597,213.463309679,51.99019912,139.984845652,-0.0151543481344,0.158059133389,231.379821066,2.68332028691e-05,237.367134157,237.367108121,4.56561309967,4.56561259889,-6.06237930339e-06,2.61394019326e-05,3.9205116978,237.334755073,OK
329237,1,79237,113.070170817,125,420.085946724,413.918312218,6.80155880983,0.465994112956,1408.15562883,0.940059219281,1.4248170593490757,3.27616380114,0.243606867183,5.65587953212,-2.58443796963,-2.75443709204,-1908.8080481566394,-7211.0136231304805,1,1,1,15.121304085671623,329237,329237,-0.0172959,-0.0288587,-0.000290443,3.1768151117780024,True,True,166.18102000901376,,True,NUCLEATED,40,7,,CSV_VERIFIED,0,2,1,1,0,1_STEP,CLEAN,0->1,1,1,0,0,0,82.8428333965,82.8428333965,2.58572012567,9.05256631058e-06,214.208379115,214.208381581,2.58572009591,2.58572012567,8.21641685654e-06,-3.79992774235e-06,33.5567812978,211.563636082,56.0943214643,139.952952164,-0.0470478360077,0.123997662362,268.185411707,8.56908993459e-06,237.833750876,237.833742325,4.23988996868,4.23988981623,1.81248059754e-06,8.37521440864e-06,35.2979917743,235.199797688,OK
332027,1,82027,118.397512421,125,422.71390913,415.974184607,2.0193656944,-0.481400981357,2051.49317329,1.61324445866,1.110992065961065,0.828865803602,0.300549354529,5.63056205748,-2.68066909447,-2.86748007713,-2798.924281401846,-6778.273355970553,1,1,1,10.311095782696711,332027,332027,-0.0172651,-0.0317364,-0.000316104,3.5618705010173377,True,True,232.77175720239478,,True,NUCLEATED,40,7,,CSV_VERIFIED,0,2,1,1,0,1_STEP,CLEAN,0->1,1,1,0,0,0,81.2966776226,81.2966776226,2.72640270669,3.20937733493e-06,221.647484256,221.647481915,2.72640273548,2.72640270669,-3.02023904765e-06,-1.08547638067e-06,-100.895426372,-197.3517677,45.5950744867,140.007689304,0.00768930432901,0.295627501965,175.720572572,5.61139684105e-06,242.838143858,242.838139886,5.32597318005,5.32597309293,1.7871837958e-06,-5.3191868352e-06,-107.840590154,-217.579344672,OK
332726,1,82726,39.5328776402,125,407.633447436,420.050725083,2.77075003283,0.233310123215,1634.20217999,0.98895226929,1.2244326371005996,0.183813898073,0.201489747668,6.08081824195,-3.0008993504,-2.66123433043,-7321.567750620112,-6264.257814728351,1,1,1,9.738730971231085,332726,332726,-0.0194153,0.0595711,0.000600675,3.1448730418106967,True,True,172.84368832153572,,True,NUCLEATED,39,7,,CSV_VERIFIED,0,3,1,1,0,1_STEP,CLEAN,0->2,1,1,0,0,0,109.598298447,109.598298447,2.16582300753,2.88964989841e-05,237.370540845,237.370516362,2.16582323091,2.16582300753,-2.15745375923e-05,-1.92236047924e-05,-234.035470792,-39.6506251153,58.3962717329,139.917210868,-0.0827891319094,0.15324631996,111.034065799,2.45000200542e-05,261.989115041,261.98911881,4.48640139629,4.48640146084,-9.43777033776e-07,2.44818354616e-05,-257.124857238,-50.2504148276,OK
335388,1,85388,92.6964726151,125,519.677881336,105.182081242,4.53035870346,0.460576133895,401.57971604,0.87490273255,1.3535468988883015,3.43706536077,0.219155477688,0.605746489934,4.12860238626,-4.43117784161,-11759.58300075845,-6660.6710515218665,1,1,1,22.156484787296048,335388,335388,0.0621876,0.112061,0.00343879,7.4343639627436255,True,True,176.5599147228971,,True,NUCLEATED,42,8,,CSV_VERIFIED,0,2,1,1,0,1_STEP,CLEAN,0->1,1,1,0,0,0,79.4442801092,79.4442801092,2.76111392607,2.19798566852e-05,219.354726959,219.354708156,2.76111416275,2.76111392607,-1.57047616172e-05,-1.5377729431e-05,-54.6015997478,-212.450374309,47.0068514593,139.136692076,-0.863307924355,0.245896590555,102.06254691,2.609162547e-05,241.968878262,241.968855267,5.14752362157,5.14752313239,-1.71230944856e-05,-1.96868624952e-05,-53.6779427139,-235.939857832,OK
336825,1,86825,57.1138541407,125,546.872347456,117.539029484,5.49251474424,-0.083087562403,380.991671678,1.47388644323,1.390702982850693,0.661886247639,0.263594613265,0.53250534944,4.52112640456,-4.90626274739,-2865.9886245956877,-7793.646958799444,1,1,1,24.29354640073236,336825,336825,0.0590412,0.0435433,0.000747818,3.6914223133090807,True,True,173.0673415124903,,True,NUCLEATED,42,8,,CSV_VERIFIED,0,2,1,1,0,1_STEP,CLEAN,0->1,1,1,0,0,0,84.72952163,84.72952163,2.60685757416,1.54225976277e-05,220.877800761,220.877795216,2.6068576396,2.60685757416,1.32035131217e-05,-7.97017934763e-06,-38.5264485163,-217.491874868,55.7113647359,140.07870801,0.0787080098644,0.136001781011,235.94746071,4.31322297763e-06,240.820249657,240.820253966,4.32264136409,4.32264144143,5.61332621193e-07,4.27654044096e-06,-42.387115609,-237.060593679,OK
339469,1,89469,75.3296215863,125,540.877778854,111.826142944,5.1295057552,0.0250962022704,122.101821287,1.35316184499,1.3782606823501957,2.48771445069,0.259643619623,0.58711451896,4.43169946757,-4.82349537056,-7823.308926765518,-7761.22897990921,1,1,1,23.920999565765072,339469,339469,0.0610164,0.076619,0.00192749,3.8373817201807774,True,True,175.30648404237115,,True,NUCLEATED,42,8,,CSV_VERIFIED,0,2,1,1,0,1_STEP,CLEAN,0->1,1,1,0,0,0,82.8199834663,82.8199834663,2.66123292546,6.7774589426e-06,220.403266259,220.403266887,2.66123291789,2.66123292546,6.73820565537e-06,-7.2837783091e-07,-43.8676153293,-215.993592736,45.2546688841,140.022366321,0.022366320874,0.317992890895,284.519102627,1.13856854451e-05,243.051787673,243.051779746,5.37075607149,5.37075589634,6.48825507982e-06,-9.35608780812e-06,-46.9542957915,-238.473196812,OK
339779,1,89779,112.009143536,125,404.162484306,412.746089761,3.80059912168,-0.164201547097,308.746771606,1.47845992642,1.3135114093209008,2.90913828116,0.27417333206,5.62847455447,-2.91025012318,-2.67850906651,-5649.878039761911,-7755.365008348163,1,1,1,14.010183962798651,339779,339779,-0.0189046,0.0401952,0.000415975,1.1756959778878577,True,True,167.43287633154617,,True,NUCLEATED,39,7,,CSV_VERIFIED,0,3,1,1,0,1_STEP,CLEAN,0->2,1,1,0,0,0,82.9592082203,82.9592082203,2.6170449076,1.52101655885e-05,217.107958481,217.107973411,2.61704472762,2.6170449076,-9.33982666677e-07,-1.51814628284e-05,54.4439248524,210.170703673,48.1015438776,139.989397762,-0.010602238313,0.242388740495,170.876756916,6.75285977036e-06,241.52949105,241.529493182,5.02124197229,5.0212420166,5.6560211381e-06,-3.68924653058e-06,61.3501399707,233.607909482,OK
340627,1,90627,49.8677352329,125,411.22279778,414.057183943,2.08405815128,-0.152269047019,748.416369251,1.27627572719,1.1234120399076823,0.179603415049,0.287836960274,5.78896350748,-2.83997051331,-2.76266328347,-4040.1315222362546,-7775.4411454028095,1,1,1,9.440625160446247,340627,340627,-0.0182825,0.013305,0.000135486,0.28150735069815996,True,True,181.24469760694728,,True,NUCLEATED,38,7,,CSV_VERIFIED,0,2,1,1,0,1_STEP,CLEAN,0->1,1,1,0,0,0,81.2310441086,81.2310441086,2.76542658103,2.13572013509e-05,224.638498366,224.638488583,2.76542670146,2.76542658103,-1.21336492813e-05,1.75756821962e-05,105.871757462,198.125278347,45.794788689,140.094562655,0.0945626552416,0.291834651744,173.43610718,1.35080420643e-05,242.989006946,242.98901162,5.30604057585,5.3060406779,9.4288287132e-06,-9.6728687321e-06,104.571418904,219.336444407,OK
343049,1,93049,102.524119519,125,527.733086964,122.565982535,8.29533984448,0.364223201635,810.561480036,1.07802704983,1.4508256260769319,5.6893757939,0.241124144385,0.680159043336,4.21837145119,-4.48940140231,-7944.094191865218,-7271.037701317416,1,1,1,22.585106152653637,343049,343049,0.0552487,0.0136567,-0.000197219,5.9036354619728595,True,True,167.11460987336113,,True,NUCLEATED,38,8,,CSV_VERIFIED,0,2,1,1,0,1_STEP,CLEAN,0->1,1,1,0,0,0,86.3202203652,86.3202203652,2.42552385112,8.73157284312e-06,209.371757562,209.37175333,2.42552390016,2.42552385112,-6.94091824298e-06,5.29754832531e-06,30.4251421113,207.149326797,60.7913026112,139.999896099,-0.000103900617177,0.0890752977864,250.609727923,5.09228159257e-05,235.591284155,235.59123475,3.87541102157,3.87541020887,-5.84622330358e-06,5.05861132614e-05,30.469839382,233.612589682,OK
346554,1,96554,103.427006549,125,390.352326817,404.397975734,3.459977329,0.273560618168,657.475418604,1.01235090507,1.2894438234800998,2.10185622851,0.251589258037,5.50123068754,-2.84611728169,-2.47719720349,-7596.441318102386,-7250.710347005077,1,1,1,12.14578176917467,346554,346554,-0.0194256,0.0641228,0.000695635,3.767493650145416,True,True,169.91863923666358,,True,NUCLEATED,39,7,,CSV_VERIFIED,0,2,1,1,0,1_STEP,CLEAN,0->1,1,1,0,0,0,83.8017694849,83.8017694849,2.59500197304,1.23186649258e-05,217.465754923,217.465757157,2.59500194637,2.59500197304,1.08929599375e-05,-5.75264542228e-06,64.9815534151,207.530123789,48.8978382016,140.027613421,0.0276134213307,0.236067472354,107.885122024,7.65225540235e-06,241.814378368,241.814385908,4.94529793672,4.9452980909,-3.36951916936e-06,-6.87046965718e-06,67.7390260273,232.132759297,OK
346658,1,96658,98.4261140938,125,418.928870694,424.924744157,5.41530662186,0.0159659270413,1348.9621098,1.37222503096,1.3881916363976232,1.30977064737,0.258795804265,5.94880655539,-2.94247029781,-2.7752537106,-763.3377378303994,-7553.890210985862,1,1,1,11.445693900944207,346658,346658,-0.0187643,0.0291447,0.000284806,0.5498880261091761,True,True,166.86069558092206,,True,NUCLEATED,39,7,,CSV_VERIFIED,0,2,1,1,0,1_STEP,CLEAN,0->1,1,1,0,0,0,82.8430847569,82.8430847569,2.64596574506,1.40108318086e-05,219.19997844,219.199964482,2.64596591355,2.64596574506,1.4544480289e-06,1.39351350514e-05,41.5857685292,215.219084665,53.6730217146,139.999836747,-0.0001632533519,0.155632120272,238.125916397,1.9804501444e-05,240.269282631,240.269301316,4.47653727992,4.47653762804,-9.86743018815e-06,-1.71712579309e-05,43.892955289,236.226028736,OK
346668,1,96668,110.961146152,125,415.71549518,427.537905128,2.99930111034,-0.494927997785,2113.15487315,1.76672783575,1.2489758687755859,1.00756501301,0.271656176067,5.88979165013,-3.06886461203,-2.73938852673,1067.649174410003,-6939.72415565533,1,1,1,10.699215269099552,346668,346668,-0.0194283,0.0580268,0.000565691,2.9480221071659702,True,True,179.84323049464024,,True,NUCLEATED,39,7,,CSV_VERIFIED,0,2,1,1,0,1_STEP,CLEAN,0->1,1,1,0,0,0,80.9747403567,80.9747403567,2.72332065194,8.56559367645e-06,220.520180816,220.520182699,2.72332062868,2.72332065194,-8.52322725844e-06,8.5087727139e-07,69.619868512,209.24202268,52.288803913,139.778304015,-0.221695984527,0.161953370097,249.94463496,1.24464328264e-05,240.670819095,240.670830233,4.60272182733,4.60272204033,-8.78367929541e-06,-8.81820095809e-06,75.8824846017,228.395034304,OK
350042,1,100042,101.164066812,125,555.270738568,117.422467221,2.52582697907,-0.229097374673,2082.22653049,1.42497112489,1.193820831299411,0.620550438094,0.280733655309,0.392569956435,4.73979178424,-4.99441263448,-893.438675562792,-7084.6324041624075,1,1,1,24.855391428348767,350042,350042,0.0598156,0.0448412,0.000775821,3.699775756681855,True,True,176.15037487081952,,True,NUCLEATED,42,8,,CSV_VERIFIED,0,2,1,1,0,1_STEP,CLEAN,0->1,1,1,0,0,0,82.8747064243,82.8747064243,2.6868683216,9.17383630979e-06,222.673415315,222.673423353,2.6868682246,2.6868683216,1.07867632378e-06,-9.11019923094e-06,83.6134339256,206.378883501,51.2889868134,139.983423936,-0.0165760644483,0.183091582382,199.936381356,9.50331920548e-06,242.12592857,242.125921235,4.72081715029,4.72081700728,8.31856751192e-06,4.59505282569e-06,89.136926136,225.121242189,OK
351237,1,101237,119.179626882,125,541.161556167,119.794821206,2.30314524367,0.214613275083,1511.73048216,0.944872588846,1.161168450523104,1.16782573278,0.284400274274,0.436422690332,4.43341170759,-4.77093195971,-4641.09443393953,-7058.7201746288465,1,1,1,23.616041984637455,351237,351237,0.0575882,0.0300072,0.00031147,4.43893203617629,True,True,182.94211590804971,,True,NUCLEATED,42,8,,CSV_VERIFIED,0,2,1,1,0,1_STEP,CLEAN,0->1,1,1,0,0,0,85.4878042898,85.4878042898,2.56226493436,7.81460975466e-06,219.042397454,219.042403247,2.56226486659,2.56226493436,2.37578052983e-06,-7.44471574284e-06,90.682808886,199.389568571,57.2999850027,140.003742524,0.0037425239023,0.123963616664,252.280588305,5.28258256183e-06,240.100646806,240.10065201,4.19023926088,4.1902393517,-1.25371279863e-06,-5.13165497098e-06,96.2592454728,219.960174254,OK
351408,1,101408,89.7512513315,125,442.445079132,439.215583743,6.77934146264,-0.413921031003,1082.80176691,1.85110266484,1.4243454545249394,1.00408812437,0.251335546008,6.02122532652,-3.01676591734,-3.11086728047,9844.832109377105,-7214.680742733587,1,1,1,10.979174036023263,351408,351408,-0.0179574,-0.0163384,-0.000147214,1.7424347516814462,True,True,166.27025049626005,,True,NUCLEATED,38,7,,CSV_VERIFIED,0,2,1,1,0,1_STEP,CLEAN,0->1,1,1,0,0,0,79.5212994839,79.5212994839,2.75410943315,1.66104215994e-05,219.010377644,219.010361045,2.75410964188,2.75410943315,-2.6528731064e-06,-1.63972061642e-05,-26.816497703,-217.362418478,52.6112615141,139.985576392,-0.0144236081638,0.145699711943,279.617617396,3.13634203866e-06,239.672915193,239.672912218,4.55554397091,4.55554391437,-1.39769004964e-06,-2.80768657592e-06,-33.3401224221,-237.34266897,OK
352016,1,102016,72.9483962793,125,385.067383297,384.235225326,7.77923246705,0.236401752025,313.032583809,1.20428910106,1.4429500597416771,4.27908261526,0.23956060416,5.28880021494,-2.38814750355,-2.40930492629,-14295.115010660827,-7332.231391287676,1,1,1,16.965312369519758,352016,352016,-0.0174203,-0.00352933,-4.27512e-05,0.8316802255442328,True,True,166.55509735755805,,True,NUCLEATED,38,7,,CSV_VERIFIED,0,2,1,1,0,1_STEP,CLEAN,0->1,1,1,0,0,0,82.3258165939,82.3258165939,2.61062201169,1.16574396265e-05,214.921588003,214.921588931,2.61062200043,2.61062201169,1.12633814802e-05,-3.00535127328e-06,38.7066165845,211.407395382,46.5191203492,140.106331606,0.106331605706,0.273282343892,142.560088367,1.4983660793e-05,241.53666537,241.536680325,5.19220190659,5.19220222807,-1.11264428108e-06,-1.4942292778e-05,32.7362289178,239.307960658,OK
354425,1,104425,77.0920774436,125,543.197048583,120.228738179,2.55732307125,0.314672363329,2723.33149598,0.877931704163,1.1980431672049234,0.364918053456,0.2021334822,0.576864658506,4.53074373732,-4.74310397586,-4066.3962056992023,-5702.842656512529,1,1,1,23.86766406074074,354425,354425,0.0575846,0.0275862,0.00023103,4.6521698289953735,True,True,176.9720048728534,,True,NUCLEATED,42,8,,CSV_VERIFIED,0,2,1,1,0,1_STEP,CLEAN,0->1,1,1,0,0,0,82.4686576287,82.4686576287,2.62583602871,6.76937129444e-06,216.549172633,216.54917244,2.62583603104,2.62583602871,-6.13453186727e-06,2.86215067588e-06,-97.1014486464,-193.558396456,54.5050268706,139.994582196,-0.00541780375067,0.136612722328,243.744128359,9.570667257e-06,240.369415933,240.369417279,4.41004123351,4.4100412582,-8.26691475678e-06,4.8224259609e-06,-90.719016604,-222.592713588,OK
354682,1,104682,107.099087417,125,409.370619823,423.59878805,4.64913381888,-0.167719999554,774.286067908,1.52744693443,1.3589304840163778,2.94405489766,0.267127423366,5.8824203379,-3.09870543991,-2.70701964232,-2557.3965035098568,-7661.400255751656,1,1,1,14.36796537090408,354682,354682,-0.019653,0.0690492,0.000687452,4.5114161061889115,True,True,166.14930288971064,,True,NUCLEATED,39,7,,CSV_VERIFIED,0,2,1,1,0,1_STEP,CLEAN,0->1,1,1,0,0,0,82.3679990313,82.3679990313,2.62906557958,5.51791763479e-06,216.550867939,216.550871112,2.62906554106,2.62906557958,-3.7742025167e-06,4.02527146753e-06,-44.0750175006,-212.018091769,53.1187172395,139.999840929,-0.00015907072455,0.157237164896,196.195308837,6.53870100385e-06,239.489156497,239.489149958,4.50856438074,4.50856425765,-1.28329009741e-06,-6.41153471047e-06,-50.0423653123,-234.202514405,OK
355525,1,105525,112.919984912,125,400.872318383,413.098992772,4.33950347742,0.0115721705092,520.741698578,1.33273660232,1.3443090311250834,3.49036404413,0.26703762446,5.65027030237,-2.94505881593,-2.61614870347,-5624.706758807955,-7688.475364070054,1,1,1,15.289661465300181,355525,355525,-0.0193176,0.0573827,0.00059659,2.8663879402323795,True,True,168.00817451778977,,True,NUCLEATED,39,7,,CSV_VERIFIED,0,2,1,1,0,1_STEP,CLEAN,0->1,1,1,0,0,0,84.3773588074,84.3773588074,2.5407638931,1.44423693911e-05,214.38293274,214.382946653,2.54076372821,2.5407638931,6.61506069601e-07,-1.44272119049e-05,47.987541033,208.943144792,53.9438543683,140.069061954,0.0690619544809,0.152882517604,155.713647254,8.47534798351e-06,239.299811918,239.29982037,4.4360903521,4.43609050878,-1.28506378716e-06,-8.37735844431e-06,53.7898003597,233.176022269,OK
356669,1,106669,68.4112704653,125,456.117002777,451.994992532,10.2795715587,-0.325974483921,413.947156786,1.80586347872,1.4738211465824358,1.79549272936,0.250064082406,6.25584504876,-3.24312178589,-3.3668327697,14360.086617361936,-7354.789626350851,1,1,1,12.622399555863286,356669,356669,-0.0180218,-0.0216257,-0.000184293,2.2609587771289106,True,True,165.9890270379054,,True,NUCLEATED,38,7,,CSV_VERIFIED,0,2,1,1,0,1_STEP,CLEAN,0->1,1,1,0,0,0,77.4078349218,77.4078349218,2.81342653195,5.69197221558e-06,217.781251682,217.78125655,2.81342646906,2.81342653195,-2.67549805075e-06,5.02396834021e-06,-12.1012572917,-217.444781855,45.3472650197,140.012324263,0.0123242629997,0.255900428249,154.679866494,1.21590498805e-05,240.856627587,240.856639742,5.31138156804,5.3113818361,7.5490777468e-07,1.21355926204e-05,-20.6436633473,-239.970319448,OK
358877,1,108877,82.8595136048,125,398.049031847,410.396947098,2.43602646751,0.135640168417,1597.42787987,1.04520763964,1.1812672135143454,0.593465426837,0.246468307712,5.66999599654,-2.87297819714,-2.5430614005,-5274.308708223309,-6834.561444205039,1,1,1,9.742897617733288,358877,358877,-0.0193007,0.0574542,0.000604753,2.8750053945157386,True,True,175.13202873063852,,True,NUCLEATED,39,7,,CSV_VERIFIED,0,2,1,1,0,1_STEP,CLEAN,0->1,1,1,0,0,0,84.7894007383,84.7894007383,2.56597663768,4.17191312475e-06,217.567625529,217.567621417,2.56597668617,2.56597663768,2.42217913928e-06,3.39674952531e-06,94.4193842343,196.011865863,55.7313889216,140.000000036,3.56935458967e-08,0.141158043939,274.587418908,7.90046903842e-06,240.168196653,240.168203737,4.30938832317,4.30938845029,4.70998261796e-07,-7.88641690912e-06,93.2785838256,221.313959079,OK
359425,1,109425,94.2814218606,125,536.740240129,121.655707805,4.2062652501,0.0452620896126,7.6845591461,1.29211123236,1.3373887906520274,2.8931730865,0.263858182221,0.619393118562,4.27199440011,-4.75999628443,-8413.835454757223,-7767.568426293287,1,1,1,23.443370772063457,359425,359425,0.0564245,0.0190883,-3.28673e-05,5.392659909302994,True,True,176.62926398837055,,True,NUCLEATED,38,8,,CSV_VERIFIED,0,3,2,1,0,1_STEP,CLEAN,0->2,1,1,1,0,0,83.5489197757,83.5489197757,2.62300760493,1.68804489064e-05,219.149440896,219.149451956,2.62300747256,2.62300760493,-9.76466401298e-06,1.37695639726e-05,-51.9889422818,-212.893464731,50.933513887,140.025202092,0.0252020917037,0.19643151734,210.028108128,8.07153848285e-06,241.508435328,241.5084432,4.74164095303,4.74164110759,1.04950678638e-07,8.07085614016e-06,-56.4077058992,-234.828650402,OK
359704,1,109704,102.744194131,125,390.396691063,403.865886665,7.67813384857,0.353644407313,885.540111249,1.07982091144,1.4412853381073005,4.83845097731,0.241702749002,5.54823132382,-2.75780131208,-2.40423934438,-7133.069050296731,-7271.030533217615,1,1,1,18.440396253036567,359704,359704,-0.0193532,0.0613727,0.000666747,3.3832310540233044,True,True,166.20764925509312,,True,NUCLEATED,39,7,,CSV_VERIFIED,0,2,1,1,0,1_STEP,CLEAN,0->1,1,1,0,0,0,85.6734438434,85.6734438434,2.4359509108,1.92073093901e-05,208.696284633,208.696303561,2.43595068986,2.4359509108,-6.04995945318e-06,-1.82296112033e-05,31.154406687,206.357801315,58.2714676823,140.031393184,0.0313931844814,0.107201715646,60.4912764415,1.92073093901e-05,236.343441055,236.343459935,4.05590335126,4.05590367524,-6.04995945318e-06,-1.82296112033e-05,31.8898888775,234.18210247,OK
360725,1,110725,69.5931498686,125,397.304911224,406.801989426,8.15352449137,0.0674521730988,554.789883485,1.3812560148,1.448759441842106,0.783273049527,0.254519208814,5.66618849132,-2.78493272629,-2.53254770023,-6222.574566082358,-7675.433529712648,1,1,1,10.140851696746097,360725,360725,-0.0189349,0.0436395,0.000464534,1.4438727536168368,True,True,166.3469108573373,,True,NUCLEATED,39,7,,CSV_VERIFIED,0,2,1,1,0,1_STEP,CLEAN,0->1,1,1,0,0,0,84.0919631028,84.0919631028,2.61140040202,2.65592972719e-05,219.597806984,219.597786254,2.61140064854,2.61140040202,1.96250938148e-05,1.78955850516e-05,34.1572932595,216.925047308,51.6446670179,139.999998194,-1.80614790679e-06,0.194812967499,238.616285899,2.26559592861e-05,241.616916025,241.616897471,4.67844852095,4.67844816169,1.5230277997e-05,1.67729282867e-05,30.3585998816,239.702084936,OK
361180,1,111180,92.6948749741,125,409.349683792,424.567939045,3.78505030566,0.0508863181042,1770.26866121,1.26159248731,1.3125007920317402,0.64405353506,0.256438171312,5.97531586091,-3.06993935495,-2.6505206477,-1779.2321300970025,-7288.4821956555115,1,1,1,10.250442592482909,361180,361180,-0.0197722,0.0740958,0.000735728,5.346945466459196,True,True,168.45528712050248,,True,NUCLEATED,39,7,,CSV_VERIFIED,0,2,1,1,0,1_STEP,CLEAN,0->1,1,1,0,0,0,83.2148260233,83.2148260233,2.6456614648,1.21664971582e-05,220.158250763,220.15825851,2.6456613717,2.6456614648,6.87626972818e-06,-1.00369600839e-05,60.8118630764,211.592941017,54.0528101187,139.980346509,-0.0196534911631,0.154030900812,256.005903649,1.48681835873e-05,240.638783278,240.638775512,4.45191994181,4.45191979812,-1.02403338074e-05,1.07795383342e-05,62.1901579471,232.463778409,OK
361720,1,111720,117.920585185,125,417.091270886,408.923206256,2.01585666002,-0.00265347781241,1357.39572638,1.11295353238,1.1103000514493895,0.962676615434,0.300950147067,5.49837198321,-2.59537270335,-2.8183530601,-5071.579287180113,-7140.266539288734,1,1,1,10.355243534940644,361720,361720,-0.0170004,-0.0375862,-0.00038577,4.4420382964204475,True,True,181.3424943409265,,True,NUCLEATED,40,7,,CSV_VERIFIED,0,2,1,1,0,1_STEP,CLEAN,0->1,1,1,0,0,0,82.9272306653,82.9272306653,2.65930329859,1.65140063493e-05,220.528645912,220.528658051,2.6593031522,2.65930329859,-1.55364261022e-05,-5.59748780029e-06,101.841983344,195.604432711,46.4166263936,139.924659504,-0.0753404960143,0.291429992691,228.776956569,7.48364402293e-06,242.794929922,242.794936856,5.23077502151,5.23077517089,-5.66461145739e-07,-7.46217459138e-06,108.130846519,217.386977593,OK
362821,1,112821,108.600246787,125,527.503473582,115.14412068,5.11257370711,0.435964020934,459.245549219,0.926529575441,1.377638751746981,4.85584455064,0.242822941985,0.559256800797,4.20023350836,-4.55783860856,-8942.847877354237,-7211.605972414563,1,1,1,22.63323964320092,362821,362821,0.0583655,0.0558203,0.00121274,3.2962706188076822,True,True,173.34557960785762,,True,NUCLEATED,42,8,,CSV_VERIFIED,0,2,1,1,0,1_STEP,CLEAN,0->1,1,1,0,0,0,84.7743263355,84.7743263355,2.51807810647,8.72853672734e-06,213.468366449,213.468375136,2.518078004,2.51807810647,-9.83907476828e-07,-8.67290490422e-06,44.749434615,208.725253805,53.5588052268,139.961881536,-0.0381184637483,0.153946718607,279.293081085,1.06836076888e-05,239.597951823,239.597951896,4.4735492289,4.47354923026,1.0457552446e-05,-2.18610843449e-06,47.4208177994,234.858349984,OK
365755,1,115755,101.825281586,125,420.505029721,413.728928172,6.38469969316,0.399667951445,1831.60898396,1.00427951162,1.4154340916398438,0.129914634234,0.234039177892,5.71639704657,-2.53714098663,-2.7239627863,-1846.256074264791,-6954.979716723976,1,1,1,9.442954856213147,365755,365755,-0.017227,-0.0316806,-0.000318792,3.558194169262686,True,True,166.1636704397825,,True,NUCLEATED,40,7,,CSV_VERIFIED,0,2,1,1,0,1_STEP,CLEAN,0->1,1,1,0,0,0,80.5796547273,80.5796547273,2.75336620587,4.44896755095e-05,221.86525482,221.865298207,2.75336566743,2.75336620587,-1.7595609003e-05,-4.08622780906e-05,40.4781769275,218.141487317,47.9582123811,140.146244885,0.146244885279,0.234963716541,104.942571963,1.12103056642e-05,242.471933286,242.471924187,5.05590015239,5.05589996267,7.90321605759e-06,7.95047979886e-06,38.293878114,239.428940044,OK
365886,1,115886,65.2970982892,125,414.145570434,419.375159522,2.2885959049,-0.169296281035,1509.10516379,1.32896394395,1.1588483444600595,0.150650753308,0.281692520152,5.86353781541,-2.91032720675,-2.76626709328,-2026.7542885556977,-7404.436982336059,1,1,1,9.467454168897378,365886,365886,-0.0186139,0.0249817,0.000249728,0.40727303837984613,True,True,177.21085038016486,,True,NUCLEATED,39,7,,CSV_VERIFIED,0,2,1,1,0,1_STEP,CLEAN,0->1,1,1,0,0,0,82.0723144759,82.0723144759,2.7136003129,2.40486267407e-05,222.711438296,222.711458242,2.71360006987,2.7136003129,-2.05612121417e-05,-1.24728907385e-05,93.3995716702,202.180376792,52.1443154053,139.988991906,-0.0110080942095,0.172752633862,227.545241268,4.34345167086e-06,241.408572322,241.408572287,4.62962396659,4.62962396592,3.99487638638e-06,-1.70485632082e-06,96.5568648114,221.257475915,OK
366928,1,116928,116.183135595,125,418.801214807,432.445697526,4.81329091746,0.366045678744,2278.78116976,0.991196121375,1.3659523410392818,1.26515810642,0.250184396433,6.07226864119,-3.09310319955,-2.70924359927,1555.107748650853,-7121.355547959542,1,1,1,11.451594533882588,366928,366928,-0.0196759,0.0680026,0.000650839,4.3476356682664905,True,True,167.0689550850234,,True,NUCLEATED,39,7,,CSV_VERIFIED,0,2,1,1,0,1_STEP,CLEAN,0->1,1,1,0,0,0,82.0210517896,82.0210517896,2.67188195676,2.14033343989e-05,219.150589692,219.150568351,2.67188221694,2.67188195676,-6.18572218951e-06,-2.04899869298e-05,-47.0653018711,-214.037002226,53.3753423515,139.937927015,-0.0620729853094,0.154158539547,251.298236127,1.28644904659e-05,240.156808887,240.156821745,4.49939613138,4.49939637226,2.2166703708e-06,1.2672075103e-05,-49.3231448884,-235.037274136,OK
369215,1,119215,107.440062502,125,555.336654275,106.482815999,3.37711374992,0.476734067511,3658.55265244,0.785975729059,1.282911374259752,0.251410025573,0.224725777049,0.276536237166,4.94349105945,-4.87408477103,2118.4030082054287,-6012.087095606188,1,1,1,24.785772669147683,369215,369215,0.0647187,0.110797,0.00318256,7.163342802850891,True,True,167.22772341624778,,True,NUCLEATED,42,8,,CSV_VERIFIED,0,2,1,1,0,1_STEP,CLEAN,0->1,1,1,0,0,0,83.331147435,83.331147435,2.65200143671,1.44139130191e-05,220.99431738,220.99432272,2.65200137263,2.65200143671,-1.43854381533e-05,-9.05570350752e-07,68.8152439085,210.007024931,55.1552405493,140.000265266,0.000265266232105,0.131236260531,270.187271533,1.62271898082e-05,240.891909976,240.891926181,4.36752532628,4.36752562008,-3.86077677104e-06,-1.57612211391e-05,69.5057808575,230.646610032,OK
370155,1,120155,101.085231863,125,406.118492447,408.305614662,4.25326030981,-0.0145641170398,240.18034727,1.35444119998,1.3398765680119473,2.97976026651,0.267139223572,5.57599705579,-2.7664865619,-2.70761799633,-6622.933482964569,-7764.712896438983,1,1,1,14.1909147191205,370155,370155,-0.0181328,0.0100766,0.00010493,0.3196542341234424,True,True,168.21849466755788,,True,NUCLEATED,38,7,,CSV_VERIFIED,0,3,1,1,0,1_STEP,CLEAN,0->2,1,1,0,0,0,83.4560703864,83.4560703864,2.59745620778,2.03738360573e-06,216.773486418,216.773488102,2.5974561876,2.59745620778,-1.50218869268e-06,-1.37635790711e-06,49.6663566153,211.007102805,46.8935995615,140.004086857,0.0040868568255,0.273779480772,44.5934035618,4.27649364873e-06,241.892564254,241.892560037,5.15832792783,5.15832783788,2.78576065079e-07,4.26741060874e-06,55.3980256494,235.463524555,OK
370853,1,120853,79.0576942667,125,526.370516046,110.959052856,13.56732326,0.181951974391,323.571569684,1.31425166166,1.4972228607719713,7.53460964763,0.249174363294,0.852617752407,4.24443034495,-4.50545427241,-14645.579641903496,-7571.651704308011,1,1,1,24.118467106373707,370853,370853,0.060119,0.0797742,0.00209992,3.9840021581363945,True,True,160.0197377120073,,True,NUCLEATED,42,8,,CSV_VERIFIED,0,2,1,1,0,1_STEP,CLEAN,0->1,1,1,0,0,0,84.088085049,84.088085049,2.49675984831,1.44463232993e-05,209.947767828,209.947754472,2.49676000714,2.49675984831,3.75122297764e-06,-1.39507914844e-05,-26.8688601553,-208.221347536,45.4279716579,139.58913282,-0.410867180006,0.297620045464,208.116384158,1.66570713167e-05,241.325997453,241.325980861,5.31227762643,5.31227726121,6.17955574156e-08,-1.66569566896e-05,-20.5069239572,-240.453120413,OK
372436,1,122436,65.2031220001,125,535.746061113,114.184540559,2.56570059964,0.0391247506812,527.18961474,1.16001637195,1.1991511111942954,0.590484565794,0.258985661865,0.60850669183,4.33779017109,-4.71719471541,-7021.599442379026,-7511.666995099798,1,1,1,23.435671180227907,372436,372436,0.0595188,0.0621994,0.0014183,3.3627455203523384,True,True,183.18453309010766,,True,NUCLEATED,42,8,,CSV_VERIFIED,0,2,1,1,0,1_STEP,CLEAN,0->1,1,1,0,0,0,84.5669508347,84.5669508347,2.60457414576,9.3418619501e-06,220.260887548,220.26089373,2.60457407266,2.60457414576,-3.7224269959e-06,8.56819245553e-06,-93.3849305275,-199.484619292,55.723005928,140.0028333,0.00283329994465,0.140979719654,299.979579242,1.18034228351e-05,240.806980721,240.806976583,4.32150019027,4.32150011602,-1.18004499572e-05,2.64898910466e-07,-89.4573459786,-223.574115707,OK
373597,1,123597,92.0806012419,125,555.347976094,118.836814097,4.15503694097,-0.0233531632094,1689.44266013,1.35797156757,1.3346162811519975,0.536607228887,0.260469989841,0.451176128437,4.7523513709,-4.97364460263,-444.2415149818253,-7424.0270675358615,1,1,1,24.87681267811807,373597,373597,0.059221,0.036419,0.000499787,4.1191727918354095,True,True,170.37233302263374,,True,NUCLEATED,42,8,,CSV_VERIFIED,0,2,1,1,0,1_STEP,CLEAN,0->1,1,1,0,0,0,84.4880135483,84.4880135483,2.62175817861,6.4989832237e-06,221.507145344,221.507140515,2.62175823576,2.62175817861,-3.02050324742e-06,5.7544194385e-06,54.7624369267,214.631057725,55.5401154626,139.999564846,-0.000435154027997,0.136783066699,205.604431266,2.51993318136e-05,240.981322716,240.981297738,4.3388696748,4.33886922508,9.12794528073e-06,2.34880169193e-05,56.7970009,234.192439217,OK
373765,1,123765,48.3019200769,125,544.927180845,112.898174451,2.4166204092,-0.0510267598794,892.551913239,1.22949834914,1.1784494199560887,0.188218515874,0.266438900342,0.575579591561,4.52739663726,-4.86514862777,-4819.775195072461,-7566.003000910833,1,1,1,24.225818749389276,373765,373765,0.0608924,0.0707702,0.00169971,3.5986177936548325,True,True,183.82739247064393,,True,NUCLEATED,42,8,,CSV_VERIFIED,0,2,1,1,0,1_STEP,CLEAN,0->1,1,1,0,0,0,84.0659054047,84.0659054047,2.65856952817,2.02624326641e-05,223.495034626,223.495054467,2.65856929216,2.65856952817,1.30750191386e-05,1.54793427507e-05,-106.55956874,-196.456328003,51.1576806232,139.997984713,-0.00201528688063,0.194727175217,209.647613641,6.35367973604e-06,242.432546644,242.432547915,4.73892763884,4.73892766368,-5.24113956607e-06,3.59161554695e-06,-94.2732428085,-223.351954016,OK
375590,1,125590,103.289706794,125,396.580474539,400.014366056,5.59522574484,0.48967709679,1313.21237231,0.882220441308,1.393939813034149,2.84130738056,0.228315422355,5.39496428859,-2.56402424714,-2.47362103919,-5790.517930810461,-6794.4892378188115,1,1,1,13.716398193432202,375590,375590,-0.0181562,0.0153999,0.000166825,0.2776767340178843,True,True,166.780191696156,,True,NUCLEATED,38,7,,CSV_VERIFIED,0,2,1,1,0,1_STEP,CLEAN,0->1,1,1,0,0,0,83.7368973221,83.7368973221,2.55243163475,2.19037724597e-06,213.732704278,213.732705721,2.55243161752,2.55243163475,1.32334213907e-06,-1.74542775922e-06,43.1212130373,209.337597828,53.7480831949,139.959164435,-0.04083556547,0.149852279634,177.447504214,2.42268697253e-05,239.433334659,239.433311491,4.45473253047,4.45473209942,-2.77516378235e-06,2.40673987516e-05,43.3220151277,235.481474327,OK
378143,1,128143,85.0930137964,125,403.860407545,403.227498046,7.34300250837,0.0562120827839,24.6517983428,1.37920317289,1.4354449009906696,6.68284007564,0.257811265873,5.56419452695,-2.67527969758,-2.69216163301,-9345.849456726988,-7763.856158048867,1,1,1,23.230387958328595,378143,378143,-0.0177447,-0.00286529,-3.11757e-05,0.7793800555648842,True,True,166.7820944553347,,True,NUCLEATED,38,7,,CSV_VERIFIED,0,3,2,1,0,1_STEP,CLEAN,0->1,1,1,0,0,0,84.7520005586,84.7520005586,2.45436625173,1.55433754206e-05,208.012461116,208.012449938,2.45436638363,2.45436625173,-1.22268016974e-05,-9.59697034061e-06,-28.4400144406,-206.059092394,42.3912121682,140.743859747,0.743859747107,0.400706708147,220.18405592,2.56869518709e-06,241.64915622,241.64915867,5.70045402951,5.7004540873,-4.27626306293e-07,2.53285031266e-06,-33.3335002158,-239.339074255,OK
378526,1,128526,94.9245914792,125,413.386524987,408.213963405,3.16400233248,-0.221623331322,183.116559378,1.488154554,1.264675668317118,1.54227854075,0.28211659517,5.52801971249,-2.67287336572,-2.81332478756,-4809.313651280547,-7818.077825691868,1,1,1,11.330223570262495,378526,378526,-0.0173171,-0.0237696,-0.000246106,2.5575798572324993,True,True,168.0556015137667,,True,NUCLEATED,40,7,,CSV_VERIFIED,0,3,2,1,0,1_STEP,CLEAN,0->1,1,1,0,0,0,81.8657208047,81.8657208047,2.69126310817,1.81606893662e-05,220.322212376,220.322194225,2.69126332988,2.69126310817,4.79704928657e-06,1.75156774462e-05,65.0984005499,210.485333247,48.3549657044,140.265066051,0.265066051345,0.234274449828,184.147866624,2.16345872754e-05,241.991182186,241.991203648,5.00447428017,5.00447472401,-3.82734013725e-06,-2.12933518745e-05,72.5127252035,230.871472771,OK
378737,1,128737,89.7082879514,125,535.099384075,105.573182352,6.02936626509,0.25914004537,869.519765919,1.14430584384,1.4064375703749419,2.53172426802,0.24083279049,0.571495295635,4.4521585108,-4.64248270823,-8032.877179442047,-7256.585474570757,1,1,1,23.40326044191415,378737,378737,0.0633847,0.112666,0.00337152,7.485299216211004,True,True,170.2079984141729,,True,NUCLEATED,42,8,,CSV_VERIFIED,0,2,1,1,0,1_STEP,CLEAN,0->1,1,1,0,0,0,82.7901177867,82.7901177867,2.64069902456,5.90573132078e-06,218.623778413,218.623783283,2.64069896574,2.64069902456,-4.21265289517e-06,-4.13898755954e-06,41.9120657644,214.568719134,48.8898043303,139.972025178,-0.0279748220215,0.225606837466,174.267086718,1.81082922167e-05,241.942184689,241.9421808,4.94872474952,4.94872466998,-1.67802042048e-05,6.80698125817e-06,40.6759036989,238.498410037,OK
381519,1,131519,91.0860096719,125,397.710683206,412.030673925,3.25884880698,-0.0308647484571,258.148669849,1.30393044954,1.2730607985237559,1.52941977873,0.271861548608,5.70535167014,-2.98176156402,-2.59854097048,-6599.362334959563,-7764.481741025276,1,1,1,11.339359576741973,381519,381519,-0.0195423,0.0670205,0.000702625,4.196567556277202,True,True,170.18348280946958,,True,NUCLEATED,39,7,,CSV_VERIFIED,0,3,1,1,0,1_STEP,CLEAN,0->2,1,1,0,0,0,82.4119847063,82.4119847063,2.67819547269,5.84968126216e-06,220.71540725,220.715404335,2.67819550805,2.67819547269,-5.71722648749e-06,-1.23777710418e-06,-66.9659940534,-210.311308868,43.4542385419,139.980529626,-0.0194703735283,0.377771691177,161.893177263,1.86633234952e-05,243.274842538,243.274859672,5.59841457822,5.59841497251,-2.04589787922e-06,1.85508475751e-05,-71.3979572738,-232.561778263,OK
382223,1,132223,110.340384322,125,412.546820453,428.710216396,2.14116974099,-0.416137496771,2390.55534339,1.5630606119,1.1338672100872773,0.651207403264,0.292036716516,5.97229572984,-3.15875080622,-2.7093631872,-997.589522333793,-6702.157020630681,1,1,1,10.217209847581177,382223,382223,-0.0199161,0.0797176,0.000778491,6.365537547562492,True,True,208.51643189956258,,True,NUCLEATED,39,7,,CSV_VERIFIED,0,2,1,1,0,1_STEP,CLEAN,0->1,1,1,0,0,0,79.8624284582,79.8624284582,2.79039690239,1.61789002928e-05,222.84788916,222.847872987,2.7903971049,2.79039690239,7.36594116209e-06,1.44048507622e-05,95.9023649854,201.156451781,41.0215490036,139.996123224,-0.00387677614961,0.435399689717,55.5793081571,1.80799519236e-05,243.676997375,243.6770109,5.94021930654,5.94021963624,-1.6591061911e-05,-7.18479827314e-06,103.00836954,220.834224826,OK
383156,1,133156,119.974016132,125,423.201773795,429.199703227,2.43310982939,0.153822457618,3153.94372326,1.02641055046,1.180846167253139,0.806181851481,0.270393113501,5.96546371577,-2.98028417881,-2.81131584291,-351.7053701646864,-6463.216867916816,1,1,1,10.60151483721853,383156,383156,-0.018814,0.0295361,0.00028341,0.565995378633637,True,True,175.0221349989762,,True,NUCLEATED,39,7,,CSV_VERIFIED,0,2,1,1,0,1_STEP,CLEAN,0->1,1,1,0,0,0,82.1442556829,82.1442556829,2.68411882907,2.35199406854e-05,220.484919905,220.484943378,2.68411854332,2.68411882907,7.90114130872e-06,2.21530940472e-05,-87.0684279595,-202.565270366,51.716830628,139.965147568,-0.0348524324564,0.179124584624,212.68724027,2.48269957584e-05,241.102035028,241.102010288,4.66196462738,4.66196414901,-7.52538383161e-06,-2.36590007519e-05,-92.0672658316,-222.831348461,OK
383722,1,133722,90.5742181083,125,408.903992571,411.81288381,2.1281898945,0.0792558308279,1507.20282523,1.05219233152,1.1315313718417315,0.623070629945,0.264134752354,5.67724693552,-2.77714000885,-2.69823935013,-5205.49059014717,-6943.229091597502,1,1,1,9.92504323119727,383722,383722,-0.0182609,0.0135575,0.000139396,0.2805493876564119,True,True,179.12766985266518,,True,NUCLEATED,38,7,,CSV_VERIFIED,0,2,1,1,0,1_STEP,CLEAN,0->1,1,1,0,0,0,83.2513576962,83.2513576962,2.64363346736,1.13988171077e-05,220.086078987,220.086075408,2.64363351034,2.64363346736,1.12487384341e-05,-1.84361468218e-06,101.983208786,195.0315546,47.7532545394,139.998233547,-0.00176645323043,0.261277976533,85.6234393699,2.67503122642e-05,242.551072253,242.551096591,5.07925741592,5.07925792558,-2.0453775052e-05,-1.72401360886e-05,103.857444972,219.190907145,OK
385596,1,135596,118.454338282,125,403.570713167,395.320962208,2.61983304953,-0.0393031626682,786.572827737,1.24547470998,1.2061614214186565,1.5766459536,0.287048710632,5.14979467518,-2.43451448439,-2.65232985108,-5668.599952668577,-7522.975667998367,1,1,1,10.89500432465928,385596,385596,-0.0167641,-0.036281,-0.000396912,4.2702014975529,True,True,173.3714386408769,,True,NUCLEATED,40,7,,CSV_VERIFIED,0,2,1,1,0,1_STEP,CLEAN,0->1,1,1,0,0,0,87.920724472,87.920724472,2.43826044036,1.83409014554e-05,214.373642351,214.373624368,2.4382606449,2.43826044036,-3.28808687902e-06,-1.80437565621e-05,-79.1248397887,-199.236839624,65.1354568505,139.995526471,-0.00447352939193,0.0771263545013,225.628577665,2.03347257926e-05,236.048356591,236.048348352,3.62396101916,3.62396089266,1.43796406279e-05,-1.43780043286e-05,-84.9512414929,-220.231953218,OK
389557,1,139557,61.6141324633,125,406.271120371,410.187571044,2.81304170719,0.0537946421783,1009.19837809,1.1754210006,1.2292416223509532,0.399456530717,0.251487075113,5.72793605794,-2.78031908109,-2.67464057651,-5850.169823889872,-7323.689578233805,1,1,1,9.654807202101406,389557,389557,-0.0183511,0.0181639,0.000188483,0.2856798115398518,True,True,171.9149347401601,,True,NUCLEATED,38,7,,CSV_VERIFIED,0,2,1,1,0,1_STEP,CLEAN,0->1,1,1,0,0,0,82.833788076,82.833788076,2.66380234012,9.08122707478e-06,220.652839313,220.652838518,2.66380234972,2.66380234012,8.57530687302e-06,-2.98877854937e-06,90.5786733709,201.204322586,44.6518050936,140.011875541,0.0118755411557,0.344377970634,132.72963248,1.72368568244e-05,243.328745053,243.328732831,5.44947162926,5.44947135554,-7.2897860852e-06,1.56194830906e-05,82.5105925004,228.912385629,OK
394111,1,144111,77.9279582203,125,549.134819527,123.571720073,2.81257703446,-0.35909873141,683.289852856,1.5964915156,1.2291894816283115,0.612130636122,0.286196150791,0.456043551478,4.51407654521,-4.94719254114,-772.7140918684445,-7522.791924593209,1,1,1,24.325774265309462,394111,394111,0.0567219,0.00830693,-0.000372903,6.84767828426054,True,True,184.3005036774832,,True,NUCLEATED,38,8,,CSV_VERIFIED,0,2,1,1,0,1_STEP,CLEAN,0->1,1,1,0,0,0,79.7000512329,79.7000512329,2.79784485804,8.49040558467e-06,222.988379086,222.988378527,2.79784486505,2.79784485804,7.86961915799e-06,-3.18686072812e-06,-69.9179848032,-211.743459423,49.8388920947,140.03394784,0.0339478404669,0.184947004733,274.132740882,1.0590502387e-05,242.077943601,242.07793834,4.8572095692,4.85720946364,-1.04129123251e-05,-1.93132020065e-06,-79.9201409019,-228.504927422,OK
396569,1,146569,44.5360046111,125,429.388900761,427.770141295,3.13256947267,0.478530931843,2709.8423898,0.762814071093,1.2617949556388823,0.111395371472,0.138952658829,6.28165554164,-2.84628752266,-2.89214429815,-6739.70829394984,-4470.647280163309,1,1,1,10.092633526593714,396569,396569,-0.0179802,-0.00791879,-7.51655e-05,1.0719289321979202,True,True,171.74264753339,,True,NUCLEATED,38,7,,CSV_VERIFIED,0,3,1,1,0,1_STEP,CLEAN,0->2,1,1,0,0,0,113.726237779,113.726237779,2.18486655532,1.0823256734e-05,248.476656235,248.476653386,2.18486658037,2.18486655532,1.19409582671e-06,1.0757184645e-05,245.467288861,38.5546209005,64.5313895825,140.043584845,0.0435848445821,0.122888122016,84.8006879481,2.36193717156e-05,273.455936543,273.455918661,4.2375646691,4.237564392,1.52395058421e-05,1.80452814311e-05,270.070474504,42.8962472893,OK
398409,1,148409,104.224394078,125,398.435457284,401.841437189,3.84342615545,-0.0147557458868,393.902866363,1.33101171857,1.3162554371614918,2.50652435417,0.269127727294,5.38444525161,-2.68665879526,-2.59657594045,-6163.019108139144,-7718.634829598906,1,1,1,12.914811885086781,398409,398409,-0.0181791,0.015368,0.000165145,0.2772608667811196,True,True,168.78010597509413,,True,NUCLEATED,38,7,,CSV_VERIFIED,0,2,1,1,0,1_STEP,CLEAN,0->1,1,1,0,0,0,86.9332247355,86.9332247355,2.45879254119,2.14899996565e-05,213.750778207,213.750764561,2.45879269815,2.45879254119,-1.95347802918e-05,-8.95614002735e-06,-54.5538296791,-206.671901456,62.1985039294,140.090466471,0.0904664707239,0.089875983075,282.789813323,1.27585154167e-05,236.690225484,236.690224879,3.80540062109,3.80540061137,1.21777026708e-05,-3.8056895957e-06,-59.813552518,-229.007864002,OK
399648,1,149648,63.7860881738,125,414.123452723,408.237804502,3.76724278014,-0.0801217570371,128.530832858,1.39154151943,1.3113337902607738,0.992079108956,0.269287203243,5.63444230135,-2.66540503487,-2.82536699768,-5552.736112144155,-7863.784107846584,1,1,1,10.563573209068766,399648,399648,-0.0172392,-0.0270425,-0.000279581,2.953361120057144,True,True,168.97423508294105,,True,NUCLEATED,40,7,,CSV_VERIFIED,0,2,1,1,0,1_STEP,CLEAN,0->1,1,1,0,0,0,81.8259799958,81.8259799958,2.71312242496,1.73762509918e-05,222.003917594,222.003901271,2.71312262445,2.71312242496,-1.00162393317e-05,-1.41989101054e-05,-58.0415334608,-214.282336698,42.9625400121,139.936287878,-0.0637121218516,0.390032679551,241.411004695,2.10718862991e-05,243.453492525,243.453513577,5.66664569778,5.66664618778,4.46995860326e-06,2.05923253249e-05,-62.0230244265,-235.420363316,OK
402520,1,152520,105.519336395,125,542.442701258,110.983783152,2.99910404494,-0.00625531680797,618.027856007,1.25521151041,1.2489561528036959,1.6042320405,0.275174861524,0.446008312787,4.48920755791,-4.82821871037,-5916.759865574076,-7611.024380812283,1,1,1,23.909079559737478,402520,402520,0.0615321,0.0818024,0.0021152,4.142172011152932,True,True,180.5063990942311,,True,NUCLEATED,42,8,,CSV_VERIFIED,0,2,1,1,0,1_STEP,CLEAN,0->1,1,1,0,0,0,83.8201988921,83.8201988921,2.63181816898,1.3266790729e-05,220.599520465,220.599522372,2.63181814623,2.63181816898,-1.17987695787e-05,6.06603434515e-06,-71.6239465954,-208.6484093,51.2504856158,139.711139313,-0.288860686639,0.19284791998,214.424248052,8.0158785692e-06,241.890090619,241.890082903,4.71976192445,4.7197617739,-4.5083821231e-06,-6.62788049593e-06,-76.7721665017,-229.383631479,OK
402908,1,152908,105.062530965,125,404.982172842,410.065557656,2.90456395678,-0.24717699205,74.88366923,1.48898694689,1.2392211893355063,1.69207877736,0.287758191432,5.5733678898,-2.84311053349,-2.70618141536,-5859.416908700199,-7835.711938017316,1,1,1,11.536403217683754,402908,402908,-0.0184796,0.0235752,0.00024534,0.3713142753743981,True,True,169.0846693608777,,True,NUCLEATED,39,7,,CSV_VERIFIED,0,3,2,1,0,1_STEP,CLEAN,0->1,1,1,0,0,0,81.342593191,81.342593191,2.7176829553,1.00044350955e-05,221.06337467,221.063379055,2.71768290139,2.7176829553,-7.08279674373e-06,7.06560060208e-06,-71.733364618,-209.101267383,44.455579153,139.862903542,-0.137096457752,0.329817632183,104.320114378,2.75328070508e-05,242.953701262,242.953723994,5.46508910447,5.4650896158,-7.30912753407e-06,2.65449075868e-05,-78.9119579821,-229.781208641,OK
405431,1,155431,67.5716171802,125,538.021799414,111.938499892,6.64615390699,0.152399207641,549.940230023,1.26845825085,1.4214536357979761,1.41180974561,0.246074708639,0.705400459253,4.43097253905,-4.72155667263,-9564.360206590123,-7476.014333478373,1,1,1,23.732015555238455,405431,405431,0.0607151,0.0755981,0.0018996,3.779198727038085,True,True,170.18332796457142,,True,NUCLEATED,42,8,,CSV_VERIFIED,0,2,1,1,0,1_STEP,CLEAN,0->1,1,1,0,0,0,79.6916863124,79.6916863124,2.79851077307,1.87646345031e-05,223.018051856,223.01804267,2.79851088835,2.79851077307,-1.42782125208e-05,1.21755556441e-05,43.0988640478,218.813937791,43.5959780216,140.173299722,0.173299722431,0.355452099697,149.277994111,1.45921701542e-05,243.57063688,243.570638458,5.58699788223,5.58699791841,1.40958826254e-05,-3.7732642128e-06,37.1803362348,240.716176747,OK
405861,1,155861,87.9830868555,125,405.800852032,406.043718545,2.47531512272,0.0905806384626,952.598172497,1.09615095703,1.1868559218705184,0.827921014122,0.26128592339,5.5560167985,-2.68236253909,-2.6758462505,-6302.397836126175,-7251.658962300315,1,1,1,10.10622290968383,405861,405861,-0.017884,0.00111005,1.11624e-05,0.5842895278769146,True,True,174.58757512359807,,True,NUCLEATED,38,7,,CSV_VERIFIED,0,2,1,1,0,1_STEP,CLEAN,0->1,1,1,0,0,0,83.4859847799,83.4859847799,2.63343571817,9.16454997112e-06,219.854968629,219.854974285,2.63343565042,2.63343571817,4.24813517196e-06,-8.12048789999e-06,90.3857281025,200.416135544,48.7025753333,140.01656167,0.0165616703726,0.244072401963,148.476609802,1.69198866175e-05,242.334639776,242.334643709,4.97580750334,4.9758075841,1.3751648581e-05,-9.85772410123e-06,91.5321988871,224.383453494,OK
406698,1,156698,109.429485208,125,441.731121592,436.916535254,10.4848278404,-0.151143310899,894.441581229,1.62743281476,1.4757080459186223,4.78152435855,0.258927342639,6.11650029613,-2.92819022411,-3.06799870464,4466.279882594714,-7711.5060943074595,1,1,1,19.07591677926289,406698,406698,-0.0177631,-0.0241822,-0.000219874,2.5653408435456644,True,True,165.60958675537302,,True,NUCLEATED,40,7,,CSV_VERIFIED,0,2,1,1,0,1_STEP,CLEAN,0->1,1,1,0,0,0,79.960199365,79.960199365,2.66208145818,2.62719427258e-06,212.860562217,212.860564122,2.66208143436,2.66208145818,1.96821036794e-06,1.74020047506e-06,-18.5411855663,-212.05151116,51.3100174283,139.985449599,-0.0145504009155,0.170023405782,214.261757176,6.90678599203e-06,238.02619851,238.026191697,4.63898104971,4.63898091693,4.93417548686e-07,-6.88913868799e-06,-22.2334962803,-236.985532935,OK
414789,1,164789,100.531927094,125,405.007070478,412.179765372,14.015179211,0.188114375275,621.355783065,1.31032393905,1.4995658308138318,5.755661897,0.252695454809,5.78980279252,-2.75961470829,-2.56589959674,-6151.000543658209,-7634.153982567149,1,1,1,21.09260963302947,414789,414789,-0.01874,0.033513,0.000346846,0.7540782908276372,True,True,165.71352082258434,,True,NUCLEATED,39,7,,CSV_VERIFIED,0,2,1,1,0,1_STEP,CLEAN,0->1,1,1,0,0,0,83.9836764276,83.9836764276,2.48843426703,1.31001238385e-05,208.987871215,208.987858294,2.48843442088,2.48843426703,-3.23336937463e-06,-1.26948244207e-05,-17.4941372355,-208.25437685,43.2929823524,140.01726947,0.0172694695072,0.365454545163,26.8882367339,3.75775121412e-06,241.444098332,241.444096453,5.57698003724,5.57697999384,-3.38317721663e-06,-1.63548344782e-06,-17.69674535,-240.794679807,OK
417810,1,167810,87.0330177453,125,410.222881048,411.898599723,15.5242765153,0.0501957436143,487.893669613,1.45625311218,1.5064699587031514,0.42273112998,0.25700111098,5.71690548436,-2.70064903079,-2.65511911081,-3360.7986390239685,-7757.932129545315,1,1,1,9.75629779099328,417810,417810,-0.0181255,0.00780924,7.99842e-05,0.3623564416820948,True,True,165.7694354988635,,True,NUCLEATED,38,7,,CSV_VERIFIED,0,2,1,1,0,1_STEP,CLEAN,0->1,1,1,0,0,0,84.262015532,84.262015532,2.61100308802,2.03039940038e-05,220.008402945,220.008382757,2.6110033276,2.61100308802,-3.7050234566e-06,-1.99630902842e-05,-16.8202133226,-219.364486164,54.7110746538,139.999442161,-0.000557838699308,0.151862316246,205.842333218,7.61973572125e-06,240.791446995,240.79144058,4.40114635874,4.40114624149,-4.52776574662e-06,-6.12859770301e-06,-15.9347693476,-240.263613708,OK
419218,1,169218,117.777058294,125,442.487397271,435.199284778,3.32318428334,-0.0654115096647,3372.90800424,1.34395743559,1.278499190218856,0.547555157391,0.261687139976,6.0804698658,-2.82203021774,-3.03343478091,3590.2282624752297,-6811.006949640005,1,1,1,10.562612136956638,419218,419218,-0.0174829,-0.0363936,-0.000332421,4.205631520142111,True,True,169.30136252112428,,True,NUCLEATED,40,7,,CSV_VERIFIED,0,2,1,1,0,1_STEP,CLEAN,0->1,1,1,0,0,0,81.1249690835,81.1249690835,2.73127615365,1.30110770923e-05,221.574692419,221.574693524,2.73127614004,2.73127615365,-1.27047072916e-05,2.80687365897e-06,65.9971549609,211.517658501,48.4060372126,139.999979012,-2.09884798039e-05,0.228092262549,148.58607486,1.03853566926e-05,241.991873434,241.991882858,4.99920851548,4.99920871017,-6.90004628817e-06,-7.76176493158e-06,69.8988259615,231.676975414,OK
422046,1,172046,89.4217373341,125,422.663278051,427.869387569,2.22990011296,-0.449862959686,2895.91660638,1.61584353536,1.1492316460714707,0.153378715895,0.284038610011,5.90701573262,-2.97018802918,-2.82384768263,2834.3850551714204,-6429.137702610327,1,1,1,9.502140839590542,422046,422046,-0.0187132,0.0255279,0.000246072,0.42274018461458424,True,True,213.31861585119364,,True,NUCLEATED,39,7,,CSV_VERIFIED,0,2,1,1,0,1_STEP,CLEAN,0->1,1,1,0,0,0,78.4270638196,78.4270638196,2.84477557281,2.64752275459e-06,223.107397505,223.107395401,2.84477559963,2.84477557281,2.32100652533e-06,1.27369754865e-06,90.2305028603,204.047463044,47.3323549936,140.012043385,0.0120433851564,0.223244648078,174.63306125,8.67558799284e-06,242.149852015,242.149854945,5.11594768626,5.11594774816,6.27011535419e-06,-5.99595534229e-06,98.4187226381,221.247160129,OK
422517,1,172517,89.8704471719,125,376.324333027,377.419500195,5.06406841859,0.404092691807,237.324745506,0.959848227198,1.3758349409318464,4.1206044849,0.224813806932,4.99543355818,-2.34685473982,-2.31957350844,-13058.9792246059,-6873.872292741865,1,1,1,16.139956342758225,422517,422517,-0.0175303,0.00453474,5.26678e-05,0.4712134158714276,True,True,167.61651240184833,,True,NUCLEATED,38,7,,CSV_VERIFIED,0,2,1,1,0,1_STEP,CLEAN,0->1,1,1,0,0,0,84.3715839606,84.3715839606,2.51491901434,7.18162777111e-06,212.187693982,212.187700773,2.51491893386,2.51491901434,-3.8679417536e-06,-6.05101677683e-06,49.8795085915,206.241732198,53.8592581814,140.155648236,0.155648235859,0.152895595216,235.684396775,1.84302542121e-05,239.255935843,239.255918143,4.44224343078,4.44224310214,8.60710899551e-06,1.62969919023e-05,48.370894462,234.315299128,OK
422770,1,172770,105.278458063,125,431.951336524,429.035960872,25.8141519954,0.039886387494,411.699865952,1.49218027525,1.5320772463528438,5.33624373534,0.257856150166,6.0594283745,-2.82434600421,-2.90730262406,482.6439196882766,-7789.433056317017,1,1,1,20.408448860563894,422770,422770,-0.0178591,-0.0143109,-0.000135014,1.5695480440239815,True,True,165.49338320570456,,True,NUCLEATED,38,7,,CSV_VERIFIED,0,2,1,1,0,1_STEP,CLEAN,0->1,1,1,0,0,0,80.8906885549,80.8906885549,2.61699751465,1.24778139488e-05,211.690721054,211.690730907,2.61699739285,2.61699751465,-7.26034831384e-06,1.0148063032e-05,-8.3738120588,-211.525035521,50.4462826488,139.996668972,-0.00333102809535,0.185858163287,126.373373184,8.3141220031e-06,238.396159826,238.396152207,4.72574285573,4.72574270471,3.02787335812e-06,-7.74316521906e-06,-9.3487795688,-238.212781648,OK
423635,1,173635,70.0839078081,125,447.281235208,446.162336283,5.45438561895,0.348311697091,1380.14796038,1.03370194445,1.3894713546896702,0.095721649977,0.214652554212,6.88895482295,-3.14429677337,-3.17733507901,-9174.148423535411,-6588.946494969196,1,1,1,11.100670519775386,423635,423635,-0.01826,-0.0057791,-5.01359e-05,0.9193922951773053,True,True,166.80019790796044,,True,NUCLEATED,38,7,,CSV_VERIFIED,0,3,2,1,0,1_STEP,CLEAN,0->2,1,1,1,0,0,124.21045979,124.21045979,2.00944742267,1.96229981898e-05,249.594368746,249.594388293,2.00944726529,2.00944742267,-1.9621628108e-05,2.31880032979e-07,248.87378633,18.9522396406,81.6528980955,140.000001123,1.12293216148e-06,0.0621834173942,153.521564762,1.12143177362e-05,273.856650113,273.856639175,3.35391218806,3.3539120541,1.07159826179e-05,3.30584918299e-06,273.049065425,21.0160101196,OK
423732,1,173732,41.7456002905,125,452.198584334,456.210547688,10.8841658649,-0.293491754458,38.0588595614,1.77705436854,1.4791769588862353,3.77195582928,0.250614639077,6.36681342127,-3.4925446545,-3.37209703245,14396.079692787873,-7390.03611425836,1,1,1,16.677973726404076,423732,423732,-0.0188955,0.0213479,0.000182932,0.3212955384038658,True,True,166.1466702760593,,True,NUCLEATED,38,7,,CSV_VERIFIED,0,2,1,1,0,1_STEP,CLEAN,0->1,1,1,0,0,0,75.7087178804,75.7087178804,2.81420479456,1.26101980087e-05,213.059825288,213.059836849,2.81420464185,2.81420479456,4.94467979177e-06,-1.16003118741e-05,1.64526905785,213.053472728,43.4628949114,140.008327599,0.00832759869354,0.291956958492,101.892773661,1.63564535891e-05,238.297983135,238.297999331,5.48279132398,5.48279169661,-3.03408860132e-06,-1.60725816337e-05,11.0461965951,238.041824701,OK
424818,1,174818,119.709217845,125,405.588001908,413.238668117,5.12163595938,0.18083870791,533.89576969,1.19613295759,1.3779721097809763,5.2959690225,0.263276548038,5.6355040547,-2.87844707814,-2.67140862433,-5646.595442824402,-7664.606344511286,1,1,1,19.62705094355138,424818,424818,-0.0188064,0.0358726,0.000369839,0.8879423567926819,True,True,167.3248476290348,,True,NUCLEATED,39,7,,CSV_VERIFIED,0,2,1,1,0,1_STEP,CLEAN,0->1,1,1,0,0,0,84.3173971195,84.3173971195,2.49487612835,2.32619028147e-05,210.361484512,210.361461278,2.49487640391,2.49487612835,5.46815470562e-06,2.26100731241e-05,39.4527293572,206.628740287,58.3012815581,139.879304419,-0.120695581001,0.107011831789,192.819057276,9.84091016803e-06,235.955998808,235.956008531,4.04718374112,4.04718390788,-3.72655330959e-07,-9.83385178552e-06,45.2522136747,231.576057767,OK
426046,1,176046,93.2212321085,125,406.526442352,416.483433804,4.1595182548,0.177427647739,1519.45396473,1.1564893815,1.334861390023802,1.05661279907,0.247090723527,5.80797221805,-2.89126281929,-2.62043519347,-3901.535273233104,-7192.490443449575,1,1,1,10.76433231557824,426046,426046,-0.019102,0.0472024,0.000481577,1.759974208929946,True,True,167.99412789127462,,True,NUCLEATED,39,7,,CSV_VERIFIED,0,2,1,1,0,1_STEP,CLEAN,0->1,1,1,0,0,0,82.8417787048,82.8417787048,2.6484484499,6.31357905508e-06,219.40217994,219.402180398,2.64844844437,2.6484484499,6.19841360299e-06,-1.20039547275e-06,-57.2384908344,-211.804324152,48.3769016759,139.995717123,-0.00428287692117,0.241185923499,92.5853962379,1.25798196159e-05,242.128125256,242.128136945,5.00503580983,5.00503605145,-1.75063892448e-06,1.2457412449e-05,-57.3063688645,-235.24882386,OK
426578,1,176578,59.8380292029,125,540.774163599,113.931504805,3.174252179,0.283982492134,937.235198193,0.97765875207,1.2656038152704758,0.799586321286,0.210101456714,0.696828479552,4.45743610028,-4.77834644413,-9556.922001265104,-6514.979914017974,1,1,1,23.94674001250109,426578,426578,0.0600728,0.064212,0.00147612,3.414013905981455,True,True,177.78685180288613,,True,NUCLEATED,42,8,,CSV_VERIFIED,0,2,1,1,0,1_STEP,CLEAN,0->1,1,1,0,0,0,75.9263501895,75.9263501895,2.88662828441,1.81964511514e-05,219.17116792,219.171149989,2.88662852058,2.88662828441,1.0165830159e-05,1.5091942608e-05,89.7239970923,199.964009745,46.7595898429,139.974591865,-0.0254081353736,0.228404208029,252.101021147,2.40608059835e-05,242.312702372,242.312687894,5.18209640388,5.18209609427,2.27792588323e-05,7.74775784516e-06,75.7096604502,230.181435058,OK
431623,1,181623,101.632792444,125,547.696435533,122.392856186,2.37821798172,-0.429199991945,1324.95169539,1.61636476533,1.1727579142050237,0.790711149084,0.292799231758,0.422655668817,4.52309317348,-4.89561838214,-1732.52382206537,-7199.220668884966,1,1,1,24.155697162179962,431623,431623,0.0570794,0.0151486,-0.000163739,5.955878080984423,True,True,199.705220835856,,True,NUCLEATED,38,8,,CSV_VERIFIED,0,2,1,1,0,1_STEP,CLEAN,0->1,1,1,0,0,0,80.9667565669,80.9667565669,2.75544933278,1.58575144103e-05,223.09977996,223.099795359,2.75544914258,2.75544933278,-9.43721244738e-06,-1.27436174023e-05,86.1498996721,205.795302679,48.7969835607,140.078120822,0.0781208224062,0.21238891101,212.495540204,2.2537083565e-05,242.585954568,242.585976468,4.97133094849,4.97133139728,-3.55472569916e-06,-2.22549783379e-05,93.7646533899,223.732284502,OK
432901,1,182901,94.9551391483,125,549.366974585,117.350348139,11.8879522379,0.0910315705311,530.87042868,1.3957173516,1.4868751192253649,6.83447636779,0.255943282796,0.57434563397,4.63707916615,-4.88215437723,-5035.1109215912265,-7715.265052124822,1,1,1,24.494967097971276,432901,432901,0.0593381,0.0448383,0.000786517,3.6586515749635122,True,True,164.10430640020078,,True,NUCLEATED,42,8,,CSV_VERIFIED,0,2,1,1,0,1_STEP,CLEAN,0->1,1,1,0,0,0,82.7658965006,82.7658965006,2.57077523537,4.33749289101e-06,212.772512952,212.772517057,2.57077518577,2.57077523537,-9.96957551885e-07,4.22136473422e-06,-20.6083538046,-211.772137028,51.5685513716,139.982378365,-0.0176216347649,0.175118568237,109.855432494,6.75319746621e-06,239.099386346,239.099380412,4.6365348645,4.63653474942,2.67517952354e-06,-6.20073306427e-06,-21.542235787,-238.126959054,OK
433053,1,183053,99.9244774049,125,427.046030742,415.205332689,6.17290563314,-0.0137715308306,767.65746498,1.42396525455,1.410193288372215,3.46806300725,0.26081593415,5.70260790684,-2.60360215394,-2.93319578467,-2833.5773918211216,-7693.896818582016,1,1,1,15.623915554748029,433053,433053,-0.0167049,-0.0555322,-0.000550497,7.712299130560118,True,True,166.75266838984513,,True,NUCLEATED,40,7,,CSV_VERIFIED,0,2,1,1,0,1_STEP,CLEAN,0->1,1,1,0,0,0,82.7794300626,82.7794300626,2.59879524696,1.85545376296e-05,215.126807209,215.126789393,2.59879546219,2.59879524696,7.93043819501e-06,1.67743559246e-05,33.97548462,212.426951268,53.0444939747,139.969785028,-0.030214971626,0.159179313124,177.305649535,7.73484790663e-06,239.171860454,239.171853348,4.50889135765,4.50889122369,-1.88022976187e-06,7.50284000771e-06,38.2212252259,236.098108368,OK
433794,1,183794,96.559524891,125,435.218135182,432.45502716,6.99137477068,-0.456430555074,492.443349209,1.90270591193,1.4287265590493483,5.39867909785,0.251008789715,5.893848376,-2.9927057967,-3.07194020333,5232.271524351503,-7268.71016969168,1,1,1,20.178100197740704,433794,433794,-0.01792,-0.0137042,-0.000127299,1.5138077795997713,True,True,166.44889018690031,,True,NUCLEATED,38,7,,CSV_VERIFIED,0,2,1,1,0,1_STEP,CLEAN,0->1,1,1,0,0,0,77.4372065855,77.4372065855,2.72296851938,1.71955204833e-05,210.859060559,210.859075761,2.72296832307,2.72296851938,6.46362465908e-06,-1.59344746057e-05,21.250045082,209.785554803,51.0881776938,139.999012182,-0.000987818034559,0.154486787156,210.055306847,7.91002758288e-06,236.967122596,236.967130126,4.63839450324,4.63839465063,1.40262933922e-06,-7.78467515692e-06,31.4228228373,234.874484345,OK
434439,1,184439,93.2137438625,125,546.527567313,119.158805631,4.76830117268,0.335831753392,2167.61165698,1.02158582301,1.3640739527775876,0.0953457660924,0.22910303368,0.544994447214,4.6448072071,-4.75745205901,-2316.618234033136,-6736.697297634631,1,1,1,24.10696503844332,434439,434439,0.0583239,0.0340059,0.000434076,4.199692583637912,True,True,166.64242846838278,,True,NUCLEATED,42,8,,CSV_VERIFIED,0,2,1,1,0,1_STEP,CLEAN,0->1,1,1,0,0,0,82.3893085032,82.3893085032,2.68142131125,3.89036933506e-06,220.92044827,220.92044764,2.6814213189,2.68142131125,3.8755602185e-06,-3.39126165167e-07,54.6330497481,214.058576887,52.6563237907,140.027590029,0.0275900292485,0.161129345105,238.045935133,1.34016122154e-05,241.689102278,241.689090356,4.58993497607,4.58993474966,8.4987427034e-06,1.03621707395e-05,50.9891415944,236.249295448,OK
435190,1,185190,104.444849282,125,528.97387778,116.510982755,2.4910391925,0.478126066246,264.454871972,0.690530288932,1.1890501459566625,1.55412305464,0.243987947882,0.546684193927,4.18779620412,-4.61115132285,-9081.432287892374,-6769.727260132196,1,1,1,22.755730570721767,435190,435190,0.057905,0.0481191,0.000938859,3.418392302616337,True,True,187.17047970214165,,True,NUCLEATED,42,8,,CSV_VERIFIED,0,3,2,1,0,1_STEP,CLEAN,0->2,1,1,1,0,0,79.4100833192,79.4100833192,2.80519374435,1.14207978611e-05,222.760679374,222.760668966,2.80519387542,2.80519374435,-1.82167715805e-07,1.14193449333e-05,88.4491791444,204.448191442,41.2536782059,139.986997678,-0.0130023222688,0.435484807339,33.4303074958,2.71323436432e-05,244.03131778,244.031342997,5.91538326746,5.91538387872,-1.87274979103e-05,-1.96327505355e-05,91.3642078946,226.28271161,OK
435986,1,185986,59.3492210066,125,415.435601819,420.35845631,4.92159371201,-0.15223812196,238.184287284,1.52317138137,1.370338983937758,0.990908958806,0.267551003553,5.86838561374,-2.9677289026,-2.83174858226,-2018.8660904303401,-7808.858008484678,1,1,1,10.723605767105402,435986,435986,-0.0185924,0.0235864,0.00023467,0.3708580100499569,True,True,166.2530619508202,,True,NUCLEATED,39,7,,CSV_VERIFIED,0,2,1,1,0,1_STEP,CLEAN,0->1,1,1,0,0,0,81.5344571623,81.5344571623,2.70210058765,1.44955354962e-05,220.314313022,220.314304612,2.7021006908,2.70210058765,-1.02182608311e-05,1.02814247509e-05,37.1692507599,217.156264751,50.655510947,140.078899061,0.0788990605939,0.190683056922,218.105763718,1.98772523174e-05,241.219120168,241.219100383,4.76195216786,4.76195177727,5.65648771912e-06,1.90554272157e-05,46.1172805994,236.769635648,OK
436673,1,186673,110.268144194,125,421.818438987,412.932837643,6.07911300469,-0.109951304414,338.877009223,1.51793280912,1.407758751898678,6.3401536272,0.264072526716,5.61922590567,-2.66013029978,-2.9052643822,-4580.173942187128,-7766.958861629519,1,1,1,22.422521293297017,436673,436673,-0.0169863,-0.0414104,-0.000416754,5.053975834196446,True,True,166.2958759589474,,True,NUCLEATED,40,7,,CSV_VERIFIED,0,2,1,1,0,1_STEP,CLEAN,0->1,1,1,0,0,0,83.0503391834,83.0503391834,2.51312292765,3.08646431146e-05,208.715680916,208.715711551,2.51312255878,2.51312292765,8.23386499375e-06,2.97460864964e-05,-30.7684043471,-206.435318573,57.6969967927,139.994444928,-0.005555072259,0.107546917898,256.921357313,1.71472892372e-05,235.04924491,235.04926076,4.07385579799,4.0738560727,-3.91546802922e-06,1.66942696245e-05,-37.7080306286,-232.004853309,OK
440224,1,190224,88.6746190226,125,409.94645872,417.032116696,17.4854662265,0.0433233382407,390.764167441,1.47033130039,1.513668202437507,5.61909807098,0.257375741639,5.85901693266,-2.85743327553,-2.66377581836,-3909.659887182849,-7773.261337890308,1,1,1,20.781054858627424,440224,440224,-0.0187898,0.0336193,0.000340546,0.7600016099369918,True,True,165.77248545438934,,True,NUCLEATED,39,7,,CSV_VERIFIED,0,2,1,1,0,1_STEP,CLEAN,0->1,1,1,0,0,0,84.6973864711,84.6973864711,2.4552255811,1.47174275254e-05,207.951178809,207.951189916,2.45522544996,2.4552255811,-1.03097971889e-05,-1.05028926915e-05,12.5790716465,207.570372945,61.0509428429,139.999975542,-2.44578516799e-05,0.0883876827605,236.620793209,2.14274659896e-05,233.635328549,233.635307139,3.82689140691,3.82689105622,4.03856042621e-07,2.14236597955e-05,13.8276869278,233.225774349,OK
441331,1,191331,89.3351957406,125,405.638625818,395.819119646,5.66141877621,0.197864075809,822.551722768,1.1967870566,1.3959654919766389,2.37271441964,0.246389011586,5.34934471989,-2.37954847795,-2.63964231357,-7202.902668357425,-7386.632733940389,1,1,1,12.838253384681423,441331,441331,-0.0165974,-0.0432362,-0.000470469,5.409834326495201,True,True,166.9364236321755,,True,NUCLEATED,40,7,,CSV_VERIFIED,0,2,1,1,0,1_STEP,CLEAN,0->1,1,1,0,0,0,85.3722743426,85.3722743426,2.51487780611,1.17747177226e-05,214.700829946,214.700838001,2.51487771175,2.51487780611,6.78174528034e-06,-9.6255861328e-06,43.4135987658,210.265798031,54.9045601183,139.979021477,-0.0209785229798,0.148375904283,158.501720663,1.66059620299e-05,239.650815233,239.650822477,4.36486176589,4.36486189782,1.34040762017e-05,-9.80248520107e-06,42.9157726989,235.776906621,OK
442468,1,192468,102.272009504,125,397.295958695,389.52130169,20.8861089309,0.279746640029,498.616586267,1.23942394682,1.5229541495426886,4.27828687162,0.249337236916,5.39166337923,-2.23365021961,-2.4358193757,-11684.074771704863,-7553.296522767634,1,1,1,17.261390700753196,442468,442468,-0.0167152,-0.0335191,-0.000377468,3.8697688302019904,True,True,165.5148947112028,,True,NUCLEATED,40,7,,CSV_VERIFIED,0,2,1,1,0,1_STEP,CLEAN,0->1,1,1,0,0,0,83.5435989464,83.5435989464,2.56530486209,1.52192729299e-05,214.31481403,214.314800574,2.56530502316,2.56530486209,-8.0081627092e-06,-1.29420090611e-05,-14.5633601151,-213.819428619,40.9700872442,140.007502455,0.007502454948,0.464268222539,42.4098817827,4.03056065546e-05,242.984358198,242.984319153,5.93077473207,5.93077377905,-1.1921359358e-05,-3.85022481265e-05,-12.0259284787,-242.686578478,OK
442614,1,192614,103.020743304,125,410.889094654,428.499599332,4.40928978733,-0.206684518051,1001.76585552,1.55596017643,1.3477750878216344,2.0934001954,0.267510066779,5.9971611983,-3.20162758303,-2.71309369044,-1054.0140639511492,-7593.184454253461,1,1,1,12.75074649616727,442614,442614,-0.0200737,0.0868364,0.000850747,7.789503509717871,True,True,167.09993251059018,,True,NUCLEATED,39,7,,CSV_VERIFIED,0,2,1,1,0,1_STEP,CLEAN,0->1,1,1,0,0,0,81.5094677116,81.5094677116,2.68371560712,2.37531413715e-05,218.748253455,218.748230625,2.6837158872,2.68371560712,-1.50358121692e-06,2.3705505026e-05,46.9765304025,213.644573956,50.6810576605,139.993734373,-0.00626562711346,0.188768100199,190.112409562,2.09057418254e-05,240.705712317,240.7056916,4.74942164643,4.74942123767,1.81300509352e-06,2.08269789888e-05,52.8578631158,234.830335027,OK
442736,1,192736,44.85110195,125,534.039230448,119.0590909,5.15208245235,0.142029577681,86.6349548011,1.23657234092,1.37908381896934,1.37918937743,0.24251610148,0.833502122621,4.25194876326,-4.70511490689,-12159.13114663378,-7472.636650626987,1,1,1,23.452744369799962,442736,442736,0.0572698,0.0338634,0.000447221,4.102073488497576,True,True,174.50990877021712,,True,NUCLEATED,42,8,,CSV_VERIFIED,0,3,1,1,0,1_STEP,CLEAN,0->2,1,1,0,0,0,78.1880054052,78.1880054052,2.83088151115,1.2298234283e-05,221.340991187,221.340978895,2.83088166836,2.83088151115,3.19320961016e-06,1.18764463904e-05,64.0404958778,211.874135438,55.4801411287,142.98875241,2.98875240963,0.123519872203,215.514720012,6.6401725074e-06,239.598732184,239.598732868,4.3186395584,4.31863957072,-6.59786837815e-06,7.48347374279e-07,51.3625249063,234.028723663,OK
447124,1,197124,98.2509649254,125,550.083432228,113.139694933,3.22033697327,-0.255660507366,556.639590203,1.52824123456,1.2697103801759042,1.47900329987,0.279765656319,0.405379934371,4.60962422624,-4.96771703367,-3448.1584844150784,-7673.653853660199,1,1,1,24.527779487859682,447124,447124,0.0612328,0.0699224,0.00165323,3.5880931175933903,True,True,177.20812150149246,,True,NUCLEATED,42,8,,CSV_VERIFIED,0,2,1,1,0,1_STEP,CLEAN,0->1,1,1,0,0,0,81.3248515462,81.3248515462,2.73606996898,1.92023242579e-05,222.510473495,222.510484048,2.73606983923,2.73606996898,-1.84129554751e-05,-5.44906667038e-06,64.4994543226,212.957111192,43.0788081354,139.926985032,-0.0730149679454,0.365622602396,227.217718454,3.00157197124e-06,243.708770728,243.70877245,5.65727747069,5.65727751065,-2.8581278759e-06,-9.16809327804e-07,72.1123503952,232.795562351,OK
447584,1,197584,94.2352107057,125,556.987154165,113.111133789,5.97899248144,0.0223741422689,1189.32369843,1.38270192843,1.4050779378764993,1.21762257171,0.25803392082,0.427873126769,4.82444819978,-5.00569792086,-1150.878621515354,-7599.278066494793,1,1,1,25.09386328890662,447584,447584,0.0618387,0.0708688,0.0016662,3.6421588437031867,True,True,168.62438001012885,,True,NUCLEATED,42,8,,CSV_VERIFIED,0,2,1,1,0,1_STEP,CLEAN,0->1,1,1,0,0,0,83.1272941455,83.1272941455,2.66769347046,1.89189105464e-05,221.758158662,221.758139809,2.66769369726,2.66769347046,4.79983959902e-06,1.82999102753e-05,38.2918770401,218.4271345,49.2349071681,139.981161882,-0.0188381177237,0.22007319886,178.856393047,1.43608477741e-05,242.453778291,242.453763934,4.92442846421,4.92442817261,2.05265097808e-06,1.4213394132e-05,40.1944546686,239.098808909,OK
447874,1,197874,95.375437106,125,539.318674644,110.689041055,4.42531939525,0.179259819676,667.413994135,1.16832251041,1.3485565426640636,2.43010863114,0.251364255956,0.534464266229,4.45278674117,-4.75511097217,-7301.621732830036,-7426.702612522666,1,1,1,23.705370665083766,447874,447874,0.0613913,0.0831222,0.00217696,4.225745258625488,True,True,174.64767022935118,,True,NUCLEATED,42,8,,CSV_VERIFIED,0,2,1,1,0,1_STEP,CLEAN,0->1,1,1,0,0,0,83.1958504123,83.1958504123,2.63778163287,9.38072435844e-06,219.452495496,219.452486149,2.63778174522,2.63778163287,-2.9949365936e-06,-8.88978876517e-06,-52.0883440372,-213.181148779,47.5248574763,139.865136438,-0.134863561588,0.258559468649,231.349812511,2.13256014878e-05,242.485644012,242.485622708,5.10229081977,5.1022903715,-3.81692573533e-06,-2.09812382082e-05,-54.1245388152,-236.367979748,OK
448834,1,198834,80.2432255536,125,537.895770219,120.341647675,2.26673301364,0.216007945981,1211.41263431,0.93759101069,1.1553150401978154,0.700821772074,0.234402774311,0.62048904027,4.35666626029,-4.72687354585,-7048.038423891374,-6636.40435584923,1,1,1,23.514442198382255,448834,448834,0.0570723,0.0266868,0.000208178,4.67744856667989,True,True,184.31823591272067,,True,NUCLEATED,42,8,,CSV_VERIFIED,0,2,1,1,0,1_STEP,CLEAN,0->1,1,1,0,0,0,82.6823021464,82.6823021464,2.65247428991,1.65321652959e-05,219.312697201,219.312680674,2.6524744898,2.65247428991,-8.03534674425e-06,-1.4448034194e-05,-101.712871737,-194.300156656,50.702348433,140.154923182,0.154923182417,0.19661919577,213.949885022,3.28318512034e-05,242.014964945,242.014997234,4.77324961121,4.77325024805,1.86729626424e-05,2.70046462595e-05,-99.3202266443,-220.696025875,OK
449062,1,199062,72.1527186197,125,410.834118755,406.273657483,9.65323559867,0.0660990637821,543.661479852,1.40142502045,1.467572311196677,0.395255938654,0.255081934365,5.64648052311,-2.57828483296,-2.70143865571,-5858.397597805441,-7697.8269856516345,1,1,1,9.692719161705595,449062,449062,-0.0173545,-0.0208285,-0.000217914,2.2315938216523423,True,True,166.1497587732456,,True,NUCLEATED,40,7,,CSV_VERIFIED,0,2,1,1,0,1_STEP,CLEAN,0->1,1,1,0,0,0,82.3077143498,82.3077143498,2.69878761515,1.64167258503e-05,222.131024621,222.131040119,2.69878742686,2.69878761515,7.41311477136e-06,1.46476829919e-05,-29.3050799445,-220.189473837,43.7580835983,139.602617584,-0.397382415683,0.374249727516,295.022049978,1.67780381419e-05,243.584471,243.584487473,5.56661651905,5.5666168955,-1.43972852831e-06,1.67161522384e-05,-25.5380182056,-242.242036275,OK
450063,1,200063,78.324505768,125,532.962853243,122.653889026,3.19450836437,0.0355337275849,117.72332287,1.23188090412,1.2674221137081492,1.26047429779,0.263796187218,0.662840056254,4.20342339003,-4.68696680243,-7968.733890033752,-7716.908180522244,1,1,1,23.130587243602342,450063,450063,0.0556791,0.0132851,-0.000212133,6.009512798376731,True,True,179.0671421386856,,True,NUCLEATED,38,8,,CSV_VERIFIED,0,3,2,1,0,1_STEP,CLEAN,0->2,1,1,1,0,0,84.0352207382,84.0352207382,2.62602116866,1.80158916235e-05,220.678255211,220.678268571,2.62602100967,2.62602116866,7.12814814399e-06,-1.65457503615e-05,71.215913011,208.871218834,55.1550077783,140.028469209,0.0284692087735,0.147026098053,211.406649183,8.50199676405e-06,240.831241676,240.831247349,4.36644379862,4.36644390148,4.32330365315e-06,-7.32072363217e-06,72.7407634263,229.583249179,OK
451643,1,201643,73.5451221807,125,416.653175578,408.794863481,4.76235742028,-0.0568461755885,196.997437975,1.4207000864,1.3638232499174998,1.83878697424,0.264925567482,5.63086666162,-2.63809693894,-2.85247423787,-5477.194771570297,-7815.501895499852,1,1,1,12.096510814170188,451643,451643,-0.0170321,-0.0361493,-0.000371442,4.219968867534452,True,True,167.7206617772525,,True,NUCLEATED,40,7,,CSV_VERIFIED,0,2,1,1,0,1_STEP,CLEAN,0->1,1,1,0,0,0,82.2330780371,82.2330780371,2.67364504946,1.60691088536e-05,219.862063891,219.862061996,2.67364507251,2.67364504946,1.52392223136e-05,-5.09728973338e-06,-44.6681831066,-215.276753404,40.6976947031,139.721406441,-0.278593559151,0.484364901979,103.716485761,6.42148513296e-06,243.580733295,243.580735338,5.98512360643,5.98512365663,-5.54097774484e-06,3.2454640568e-06,-49.833942049,-238.428504697,OK
454532,1,204532,35.3371303001,125,403.632009268,398.440739109,5.52520951521,0.0066633492566,20.823118947,1.38508256931,1.3917459678802182,0.845985594173,0.258224598016,5.49074904232,-2.55258816537,-2.69019727119,-7961.764450326239,-7799.7434581796215,1,1,1,10.131208452899191,454532,454532,-0.0171593,-0.0230957,-0.000250518,2.495141007953705,True,True,167.3662479386047,,True,NUCLEATED,40,7,,CSV_VERIFIED,0,3,2,1,0,1_STEP,CLEAN,0->2,1,1,1,0,0,83.2141199088,83.2141199088,2.65845310779,5.29975501835e-06,221.220836583,221.220835684,2.6584531186,2.65845310779,-5.28072570418e-06,4.4870847085e-07,-55.8508876498,-214.054518493,49.5867858217,140.140034463,0.14003446301,0.230639976179,169.636762964,1.57654308768e-05,242.234939962,242.23495442,4.88507040632,4.88507069788,8.82603073896e-06,1.30633070899e-05,-44.3293935612,-238.144223119,OK
454877,1,204877,113.914788157,125,426.998674564,417.38476485,3.9034905132,-0.278639302236,1257.0639679,1.60238579841,1.3200087903249398,2.1658998017,0.269423991692,5.66533371054,-2.65819357911,-2.92648051648,-1419.4944542755447,-7478.433938780847,1,1,1,12.780099070553423,454877,454877,-0.0169779,-0.0454321,-0.000447552,5.741932907472099,True,True,170.82860736397018,,True,NUCLEATED,40,7,,CSV_VERIFIED,0,2,1,1,0,1_STEP,CLEAN,0->1,1,1,0,0,0,82.363012524,82.363012524,2.64585381637,6.81902660702e-06,217.920484338,217.920491015,2.64585373531,2.64585381637,2.9654661279e-07,6.81257542884e-06,-53.5894526616,-211.22856828,54.0655621535,139.946455012,-0.0535449880823,0.147063754189,262.615021411,2.17754948917e-05,239.590698061,239.590676474,4.4314844518,4.43148405253,-2.56871803988e-06,-2.16234563706e-05,-59.2682525083,-232.144301765,OK
455933,1,205933,113.276635184,125,431.800093934,425.988277403,3.33276262133,-0.0902125729835,2434.97336171,1.36962778815,1.2792924019047378,0.96591498787,0.266272829401,5.88394852428,-2.77009218295,-2.93485220136,732.2710998511393,-7108.168450224807,1,1,1,10.907082170047891,455933,455933,-0.0175104,-0.0282408,-0.000269204,3.0771511978541,True,True,169.47729149596267,,True,NUCLEATED,40,7,,CSV_VERIFIED,0,2,1,1,0,1_STEP,CLEAN,0->1,1,1,0,0,0,82.4004213386,82.4004213386,2.67037985129,6.99531922664e-06,220.040423757,220.040424881,2.67037983766,2.67037985129,6.92794731192e-06,-9.68523167475e-07,-65.0782798179,-210.196587943,53.5576052,139.99990725,-9.27495309497e-05,0.155139361619,253.501148073,6.52634758237e-06,240.418396339,240.418389814,4.48896838163,4.48896825981,-2.01603339925e-06,-6.2071589394e-06,-69.313274273,-230.210067781,OK
457921,1,207921,88.1718874454,125,369.05530696,377.004496595,8.8035541079,0.306290476641,389.87107655,1.14639687203,1.4576906370369427,7.35936079303,0.238505941873,5.07398940061,-2.38922639545,-2.19322630102,-14087.798088625166,-7269.955228415826,1,1,1,24.598619294025056,457921,457921,-0.0183408,0.0329372,0.000401273,0.7223649176368133,True,True,166.36258689808264,,True,NUCLEATED,39,7,,CSV_VERIFIED,0,2,1,1,0,1_STEP,CLEAN,0->1,1,1,0,0,0,91.6229632955,91.6229632955,2.14083719735,2.35255877541e-05,196.149869019,196.149847955,2.14083742725,2.14083719735,-6.9334082331e-06,2.24806834738e-05,31.7127612832,193.569294796,65.6149641376,139.998136765,-0.00186323482868,0.0672576227811,175.157416455,1.90881136366e-05,231.315604091,231.315597366,3.52534832764,3.52534822516,-1.68434278806e-05,8.98081396281e-06,29.9486680627,229.368668255,OK
465110,1,215110,79.1880500941,125,397.825490132,413.450007536,2.9572567544,0.393612992921,2518.00540108,0.840157393949,1.244715953393945,0.481547801636,0.195329440188,5.76549441474,-2.89706592915,-2.47814240041,-4646.242721939353,-5664.124638644017,1,1,1,9.659906471171203,465110,465110,-0.0197052,0.0734869,0.000767194,5.242984178101185,True,True,172.43323653096243,,True,NUCLEATED,39,7,,CSV_VERIFIED,2.77555756156e-17,2,1,1,0,1_STEP,CLEAN,0->1,1,1,0,0,0,79.3629954069,79.3629954069,2.73440257174,8.01988589991e-06,217.010384226,217.010378741,2.73440264084,2.73440257174,3.18108462676e-06,-7.36201537929e-06,-86.4848178918,-199.032367056,47.345574837,139.915191877,-0.0848081226446,0.232284178111,150.738802131,3.99591232822e-06,241.945673826,241.945670059,5.11020670165,5.11020662209,1.95444268931e-08,-3.99586453101e-06,-79.6017608291,-228.475969756,OK
467362,1,217362,106.092457464,125,440.727542285,433.319905189,3.6855267329,0.0961383322407,3035.19736084,1.20955670654,1.3058437524946231,0.148229753598,0.25291101039,6.10150373096,-2.79730431385,-3.01128495685,2623.4967173777804,-6912.038101030506,1,1,1,10.008724890096751,467362,467362,-0.0174447,-0.0367829,-0.000338693,4.268478267674489,True,True,168.38614822838846,,True,NUCLEATED,40,7,,CSV_VERIFIED,0,2,1,1,0,1_STEP,CLEAN,0->1,1,1,0,0,0,80.665315547,80.665315547,2.76201656954,1.06212233222e-05,222.798948749,222.798938128,2.76201670121,2.76201656954,-2.99199050328e-06,-1.01910930566e-05,-62.0669088365,-213.979135411,43.3849173359,139.978483428,-0.0215165723423,0.355801462513,51.8485644655,1.44685297102e-05,243.357821987,243.357810234,5.60927245988,5.60927218899,-1.12305941852e-05,-9.12206699279e-06,-63.9514384711,-234.804691264,OK
470344,1,220344,89.8988941133,125,529.5942375,116.51654508,2.93136249834,0.441759972361,1024.42708388,0.784478330751,1.2420378323460324,1.40405525548,0.212092050828,0.597235391415,4.2413623551,-4.57924545492,-8455.150752960362,-6217.078802935288,1,1,1,22.817696466397358,470344,470344,0.0579581,0.0481392,0.000938223,3.421906155590337,True,True,179.216766771515,,True,NUCLEATED,42,8,,CSV_VERIFIED,0,2,1,1,0,1_STEP,CLEAN,0->1,1,1,0,0,0,78.7510398788,78.7510398788,2.80894302205,4.69181168644e-07,221.207184206,221.207183947,2.80894302534,2.80894302205,-2.69859463069e-07,3.83805731071e-07,80.4703648444,206.0513012,43.7278859149,139.897477247,-0.102522752531,0.326639831592,24.8681226754,1.82247772166e-05,243.375255243,243.37523875,5.56567623043,5.56567585325,-1.93965303766e-06,1.81212651514e-05,79.5061297369,230.02236891,OK
471591,1,221591,94.5158105155,125,553.830827173,107.075087834,3.19758817552,0.0165141534748,1662.01816317,1.25118183167,1.2676967358542157,0.793749943908,0.262035460081,0.398287998337,4.78605093381,-4.97214559911,-2673.7945809506364,-7274.537430691234,1,1,1,24.886826663272373,471591,471591,0.0643124,0.106946,0.00303656,6.633844340007289,True,True,175.2589861035135,,True,NUCLEATED,42,8,,CSV_VERIFIED,0,2,1,1,0,1_STEP,CLEAN,0->1,1,1,0,0,0,83.2719602828,83.2719602828,2.66890729433,1.30928021353e-05,222.2451415,222.245142212,2.66890728578,2.66890729433,1.21842331953e-05,-4.79227808008e-06,69.9772159021,210.94096846,46.9650805396,139.992170423,-0.0078295774745,0.269945657094,104.616790312,1.75240637027e-05,243.174932088,243.174914566,5.17778164742,5.17778127435,5.53940925299e-06,1.66255151434e-05,72.8136770994,232.017706271,OK
471589,1,221589,114.533918934,125,398.645544484,405.756938163,5.4024358934,0.337165829937,534.630866867,1.04386141756,1.3877662400191861,5.41898697881,0.254515780461,5.49241398531,-2.76574534896,-2.57669046329,-6931.252216556881,-7497.39154640543,1,1,1,19.804712308662687,471589,471589,-0.0186514,0.0325419,0.000346519,0.703529712886662,True,True,167.17381837364968,,True,NUCLEATED,39,7,,CSV_VERIFIED,0,2,1,1,0,1_STEP,CLEAN,0->1,1,1,0,0,0,85.6478768863,85.6478768863,2.43590812362,2.5256921293e-05,208.630334681,208.630359078,2.43590783876,2.43590812362,1.90970831128e-06,-2.5184620056e-05,38.5662837936,205.034773401,60.7789096912,140.024126837,0.024126837346,0.090810281385,262.678884897,3.3553148197e-05,234.766534597,234.766566694,3.86263155739,3.86263208549,-1.55192546882e-05,-2.97483863067e-05,43.2327116536,230.751507925,OK
472587,1,222587,109.449827751,125,534.390920256,124.406896907,3.96860876172,0.211939196916,411.829231945,1.11039857374,1.3239573820061525,3.06249430597,0.260118403654,0.583989585319,4.23619645123,-4.69025538478,-7594.62131097274,-7531.711567587666,1,1,1,23.127148642128205,472587,472587,0.0550919,0.00335903,-0.000517534,7.366481424979865,True,True,175.13885507770505,,True,NUCLEATED,38,8,,CSV_VERIFIED,0,2,1,1,0,1_STEP,CLEAN,0->1,1,1,0,0,0,84.8297007384,84.8297007384,2.55939591714,1.97724118386e-05,217.112809454,217.112789722,2.55939614975,2.55939591714,3.79000891629e-06,1.94057749737e-05,55.108972213,210.002317156,54.3199364809,139.943886459,-0.0561135411171,0.151591905941,260.675951874,2.979460315e-06,240.315923671,240.315921129,4.42408329685,4.42408325005,2.13426288854e-06,2.07896745796e-06,59.4325450513,232.850844445,OK
474175,1,224175,93.9445696102,125,396.601627264,391.529904449,11.4583119638,0.275624288648,819.839421346,1.20450491608,1.4837440026527502,0.664138769481,0.244448970095,5.34366090976,-2.3106774374,-2.44278083718,-8481.286138167728,-7404.067868089246,1,1,1,9.76314857188889,474175,474175,-0.0170571,-0.0220382,-0.00024731,2.3866153735933158,True,True,165.74399991360445,,True,NUCLEATED,40,7,,CSV_VERIFIED,0,2,1,1,0,1_STEP,CLEAN,0->1,1,1,0,0,0,82.4725197432,82.4725197432,2.67497655853,1.25143092863e-05,220.612069442,220.612057036,2.67497670895,2.67497655853,3.11071563456e-06,1.21215256941e-05,26.2082266766,219.049798077,54.7517374502,140.706312606,0.706312606138,0.149315149568,122.891227358,9.26258303936e-06,240.688094306,240.688085523,4.39599007292,4.3959899125,-2.11922979787e-06,9.01689024136e-06,22.1722876398,239.664658224,OK
475985,1,225985,96.7950937608,125,414.401114921,405.947687421,3.68597607869,-0.0266969788364,832.762293043,1.33257471289,1.3058745617560585,1.60241687963,0.267012137289,5.48562853184,-2.55408977287,-2.78327739683,-4433.0437381057145,-7606.989992862574,1,1,1,11.45637695435122,475985,475985,-0.0169209,-0.03852,-0.000400649,4.5965689063401145,True,True,168.9511896948251,,True,NUCLEATED,40,7,,CSV_VERIFIED,0,2,1,1,0,1_STEP,CLEAN,0->1,1,1,0,0,0,85.0330635652,85.0330635652,2.55477557437,2.14427055499e-06,217.240395756,217.240393811,2.55477559725,2.55477557437,-1.39390392654e-06,-1.6293949971e-06,-58.7363168587,-209.149311809,57.4541559075,139.999237045,-0.000762954553579,0.122822908241,247.360422058,3.10532115479e-05,239.136101035,239.136132088,4.16220719386,4.16220773434,8.19287280183e-06,2.99529428052e-05,-62.8914580237,-230.717878211,OK
476198,1,226198,94.9707231284,125,532.552382038,109.548305698,6.29628203865,0.272508523777,933.971217827,1.13728875866,1.413288028587617,2.89089714734,0.242450378573,0.565586169477,4.3895706953,-4.58693827203,-7139.094132774223,-7281.358455423198,1,1,1,23.105542376173382,476198,476198,0.0613116,0.0888575,0.00242508,4.6633907142017845,True,True,169.23649480976766,,True,NUCLEATED,42,8,,CSV_VERIFIED,0,2,1,1,0,1_STEP,CLEAN,0->1,1,1,0,0,0,85.0341632145,85.0341632145,2.53723499858,1.95355277602e-05,215.751643475,215.751654983,2.53723486325,2.53723499858,-1.34324854477e-05,1.41846811584e-05,-39.1968173997,-212.161215042,55.769737649,140.0010775,0.00107750029653,0.1335922925,223.434669516,3.45299083231e-05,239.543672122,239.543638013,4.29522680615,4.29522619455,-2.41393655633e-07,-3.45290645385e-05,-38.960470621,-236.354083067,OK
478223,1,228223,46.2297600101,125,416.037473313,418.996524209,3.8359930104,-0.141922039072,390.079184177,1.45818613124,1.315783292304751,0.210644635602,0.270942571843,5.87758575902,-2.91544327353,-2.83378195757,-2546.0250150254733,-7821.957809860606,1,1,1,9.562571763824625,478223,478223,-0.0183606,0.0141089,0.000140751,0.2760962995430449,True,True,167.96135816030989,,True,NUCLEATED,38,7,,CSV_VERIFIED,0,2,1,1,0,1_STEP,CLEAN,0->1,1,1,0,0,0,80.8858011126,80.8858011126,2.75944909921,1.17184163619e-05,223.200259917,223.200251019,2.75944920921,2.75944909921,-9.54992192236e-06,-6.79119086085e-06,-53.9402097948,-216.584417247,43.0724544319,139.979974956,-0.020025043522,0.371865316598,156.575178697,1.22653146148e-05,243.438873797,243.438871667,5.65184587245,5.65184582301,1.11817623525e-05,-5.04044971125e-06,-59.9916425339,-235.931108804,OK
478577,1,228577,88.6996487418,125,403.363102169,404.056685646,8.2468881477,0.218016862514,945.160860947,1.23034559294,1.450127582964078,1.06958091057,0.245568205869,5.60258615207,-2.57638598311,-2.55787805056,-6639.477154246004,-7413.4612215660245,1,1,1,10.68958644077213,478577,478577,-0.0179055,0.00314989,3.28832e-05,0.5044554586373159,True,True,166.07967528545353,,True,NUCLEATED,38,7,,CSV_VERIFIED,0,2,1,1,0,1_STEP,CLEAN,0->1,1,1,0,0,0,82.235317719,82.235317719,2.67520906145,1.16313597159e-05,219.996678457,219.996667133,2.67520919915,2.67520906145,-9.03008275978e-07,1.15962539164e-05,33.4798083798,217.434222152,46.4915584143,139.999747335,-0.000252665250287,0.284854597963,148.242327451,1.56974426367e-05,242.687508717,242.687522734,5.2200338512,5.22003415268,5.28298251144e-06,-1.47817387717e-05,29.9689537642,240.82999958,OK
478600,1,228600,98.5333004822,125,415.734493286,416.144370691,2.33928200502,0.424575006375,3276.948413,0.72833319471,1.1668256261314984,0.570911772751,0.213603058746,5.70785966249,-2.71747247049,-2.70620376963,-2273.5828320330165,-5392.332437261335,1,1,1,9.891515775037348,478600,478600,-0.0180442,0.00193536,1.93625e-05,0.5444623002438501,True,True,180.1664552435605,,True,NUCLEATED,38,7,,CSV_VERIFIED,0,2,1,1,0,1_STEP,CLEAN,0->1,1,1,0,0,0,81.2431135373,81.2431135373,2.69246149377,4.16883312678e-05,218.743917495,218.743954833,2.69246103419,2.69246149377,3.29313061051e-05,2.55625906768e-05,-95.1025699142,-196.98833122,52.5171540503,139.996865244,-0.00313475580683,0.160144298329,242.782743506,1.9815652e-05,240.62344963,240.623466806,4.58180672547,4.58180705252,1.59249348379e-05,1.17922226317e-05,-96.2050739462,-220.554365767,OK
478684,1,228684,81.0238728239,125,541.433418765,118.735754361,2.23620609476,0.13057474507,1440.39395215,1.019336344,1.1502850098702926,0.578177024933,0.24774094508,0.581346044738,4.44211332432,-4.7803061215,-5825.664221122668,-6828.888167146316,1,1,1,23.806491057893446,478684,478684,0.0580581,0.0361761,0.000512518,4.019622128687515,True,True,183.62657347038046,,True,NUCLEATED,42,8,,CSV_VERIFIED,0,2,1,1,0,1_STEP,CLEAN,0->1,1,1,0,0,0,84.1189321571,84.1189321571,2.61128729752,4.59258571757e-06,219.658694438,219.658699023,2.61128724301,2.61128729752,-2.34856332021e-06,-3.94665604078e-06,101.380362232,194.863963307,52.5388932636,139.994709451,-0.00529054857299,0.174630986104,217.18028957,2.29198486595e-06,241.691229711,241.691227785,4.60023450625,4.60023446959,-3.32483812484e-07,2.26774097731e-06,100.173168469,219.954510838,OK
478903,1,228903,110.876999976,125,558.033559255,116.392113006,12.1450942288,0.121185827519,838.402032521,1.36715944368,1.4886438714057295,5.51520728441,0.256531546399,0.411628248327,4.86745173436,-4.97636904971,-39.01764322267081,-7702.508565401857,1,1,1,25.07563886618813,478903,478903,0.0604942,0.0512219,0.000983522,3.528896849048446,True,True,163.9803554486121,,True,NUCLEATED,42,8,,CSV_VERIFIED,0,2,1,1,0,1_STEP,CLEAN,0->1,1,1,0,0,0,82.792914669,82.792914669,2.58931162434,2.63055257729e-05,214.376630101,214.376656365,2.5893113071,2.58931162434,8.28330744277e-07,2.62924809473e-05,-18.6582369154,-213.563128204,56.0946698327,140.06272849,0.0627284896138,0.123979601264,279.703942246,1.85102962165e-05,237.623877252,237.623860269,4.23612221912,4.23612191636,5.8899617233e-06,-1.75482026693e-05,-20.2175130819,-236.762241933,OK
480071,1,230071,95.4738964177,125,402.667282285,401.680641655,6.40572872788,0.167558425614,642.796759588,1.24758343686,1.4159359939883136,3.92743361814,0.251673851571,5.47526958216,-2.58337971276,-2.60960756465,-7047.703232651824,-7536.833932133438,1,1,1,16.28911925179009,480071,480071,-0.0176818,-0.00444331,-4.83679e-05,0.8703370085744871,True,True,166.69522501655268,,True,NUCLEATED,38,7,,CSV_VERIFIED,0,2,1,1,0,1_STEP,CLEAN,0->1,1,1,0,0,0,85.9212042144,85.9212042144,2.46045909606,1.0541054198e-05,211.405601816,211.405608454,2.46045901881,2.46045909606,6.94862927178e-06,-7.92656135077e-06,35.7310886531,208.364147067,55.9415917355,139.929046441,-0.0709535588989,0.133899368768,173.700650141,2.78011610355e-05,238.282864415,238.282837218,4.25949382244,4.25949333628,-1.39720178116e-06,2.77660292823e-05,37.6445297053,235.290486117,OK
480532,1,230532,62.4698491532,125,410.870578399,426.294932389,2.11601534404,0.252784891497,3825.46779159,0.873761589636,1.1293191411114434,0.0577960269849,0.181659799639,6.08910488508,-3.05270497229,-2.62595048797,-2376.561556599032,-4952.639470760737,1,1,1,9.48657974553324,480532,480532,-0.0198118,0.075501,0.000744266,5.592816965470028,True,True,181.29869672078857,,True,NUCLEATED,39,7,,CSV_VERIFIED,0,2,1,1,0,1_STEP,CLEAN,0->1,1,1,0,0,0,81.9064931332,81.9064931332,2.60337445666,1.70350438603e-05,213.233255399,213.233272058,2.60337425327,2.60337445666,1.298975323e-05,1.10208452646e-05,-130.176069157,-168.886388518,53.0962628219,139.99633144,-0.0036685604943,0.150653987539,244.680510673,1.04317995504e-05,239.630754824,239.630765037,4.51313787616,4.51313806851,6.50400089086e-06,8.15600479833e-06,-108.102985622,-213.861270821,OK
480762,1,230762,97.687335132,125,388.56880452,405.966574349,5.10598018937,0.497221165909,1836.58406445,0.857002475135,1.3773954907038501,1.24016179785,0.217194912742,5.54958628007,-2.79091064397,-2.33406803564,-4381.7811104642915,-6444.021485586323,1,1,1,10.634807395408487,480762,480762,-0.0198292,0.0799172,0.000865813,6.407856828453774,True,True,166.95874698435244,,True,NUCLEATED,39,7,,CSV_VERIFIED,0,2,1,1,0,1_STEP,CLEAN,0->1,1,1,0,0,0,82.3624861742,82.3624861742,2.62820852465,1.07579020746e-05,216.465782008,216.465788275,2.62820844857,2.62820852465,7.06484506773e-06,-8.11297856614e-06,49.8900470445,210.638120924,56.121379811,139.954691354,-0.045308645708,0.123014115164,267.800624679,1.52986470737e-05,239.118124747,239.118109886,4.26073139242,4.26073112762,-5.86975060421e-07,1.52873824628e-05,47.836407879,234.284347884,OK
481528,1,231528,92.6043957495,125,420.191126916,424.027641211,2.79184720237,-0.0272950872515,2215.60310591,1.25414621433,1.2268477367069774,0.446647444806,0.263781777896,5.93546305646,-2.90929795422,-2.8022565975,-1355.7525394156755,-7050.723725564714,1,1,1,10.03146888934001,481528,481528,-0.0185191,0.0185851,0.000181753,0.28713725908674204,True,True,171.81531713977455,,True,NUCLEATED,38,7,,CSV_VERIFIED,0,2,1,1,0,1_STEP,CLEAN,0->1,1,1,0,0,0,82.5680840793,82.5680840793,2.67917820883,2.20517679676e-05,221.214589646,221.21461161,2.67917794281,2.67917820883,6.03412914512e-06,2.12101333319e-05,-79.1664729301,-206.56370503,51.661808002,139.992154899,-0.0078451005964,0.183178138737,206.020091748,1.93465121168e-05,241.43142556,241.431444868,4.67330577263,4.67330614637,5.40142612501e-06,1.85771937305e-05,-81.9067505379,-227.113226089,OK
486130,1,236130,36.950276813,125,418.102079134,428.875392503,3.64795768746,0.12158960493,836.572957086,1.18135164741,1.303242860660354,0.0872684046359,0.237004136022,6.34925284748,-3.13599290892,-2.83442791062,-7794.31193905101,-7241.885335274441,1,1,1,10.05155896972528,486130,486130,-0.0193278,0.0530756,0.000513597,2.362487005222475,True,True,169.0134097115062,,True,NUCLEATED,39,7,,CSV_VERIFIED,0,3,1,1,0,1_STEP,CLEAN,0->2,1,1,0,0,0,133.373631157,133.373631157,2.05095401044,2.2231504432e-05,273.543187665,273.543183709,2.05095404011,2.05095401044,5.19191599527e-06,-2.16167480813e-05,273.101947691,15.5306691843,92.1539437493,139.999996986,-3.01436986661e-06,0.0505045451659,193.407453217,9.06756401841e-06,300.263640218,300.263635876,3.25828312932,3.2582830822,4.80767254822e-06,-7.68810782294e-06,299.731996358,17.8601230802,OK
486456,1,236456,92.8542659893,125,406.3118936,393.599652647,6.69934456105,0.327883022408,1277.26859177,1.08856017651,1.4226220218686485,1.19126098725,0.23528474331,5.30107679362,-2.2474139087,-2.58347935642,-6145.49097669099,-7083.502363208244,1,1,1,10.616724216343806,486456,486456,-0.0162347,-0.0554979,-0.000607086,7.777578495485215,True,True,166.29284146807353,,True,NUCLEATED,40,7,,CSV_VERIFIED,0,2,1,1,0,1_STEP,CLEAN,0->1,1,1,0,0,0,84.1323893179,84.1323893179,2.57216177963,2.0749914e-05,216.402100224,216.402116232,2.57216158936,2.57216177963,1.59705554474e-05,1.32476522339e-05,-40.5797053814,-212.563299967,56.5095292775,140.050604422,0.0506044222831,0.128927267397,289.690158595,2.0749914e-05,239.460526857,239.46054242,4.23752471341,4.23752498883,1.59705554474e-05,1.32476522339e-05,-37.1284225448,-236.564629989,OK
487885,1,237885,48.4097837755,125,419.08528555,415.315240743,4.5410787946,-0.0851583874183,492.597214048,1.43930547924,1.3540438270607524,0.119654016726,0.264881778689,5.79760194797,-2.75952844282,-2.86349193583,-2968.69815933672,-7779.946683796546,1,1,1,9.41516415727968,487885,487885,-0.0175769,-0.0177319,-0.000178051,1.9016065079413194,True,True,167.69593697620928,,True,NUCLEATED,38,7,,CSV_VERIFIED,0,2,1,1,0,1_STEP,CLEAN,0->1,1,1,0,0,0,81.9572090241,81.9572090241,2.72409230915,2.23680665103e-05,223.259024974,223.259002782,2.72409257993,2.72409230915,7.8069489231e-06,2.09614395479e-05,51.1314458606,217.325027267,44.0207966645,140.02973416,0.0297341603609,0.353543117906,190.380073943,3.22273998035e-06,243.495311187,243.495308502,5.53136993505,5.53136987405,2.31252751677e-06,2.24460897823e-06,51.8467484654,237.911498763,OK
492924,1,242924,70.9325369813,125,395.223732287,400.487355041,7.21248650379,0.147402678859,745.17056226,1.28508446,1.4330262095510993,0.436649060399,0.247246932553,5.5582145814,-2.62906661334,-2.49064626221,-7892.594704795167,-7487.028273573867,1,1,1,9.517960196216206,492924,492924,-0.018371,0.0236565,0.000256945,0.37398199160782997,True,True,166.42272393671888,,True,NUCLEATED,39,7,,CSV_VERIFIED,0,2,1,1,0,1_STEP,CLEAN,0->1,1,1,0,0,0,82.493174019,82.493174019,2.6696558794,1.79326685846e-05,220.228404846,220.22838703,2.66965609536,2.6696558794,-5.57442418205e-06,-1.70442482265e-05,-44.1476581447,-215.758046388,53.0834353942,140.169185324,0.169185324133,0.170180818236,289.198333563,1.63664487352e-05,241.241728346,241.241726048,4.54457641173,4.54457636843,-1.63662424181e-05,8.21785423717e-08,-35.0784692631,-238.677758682,OK
493532,1,243532,96.1221641045,125,415.458445784,425.118806447,2.74225215492,0.418832394484,3604.47847433,0.788959089366,1.2211182084117986,0.355505771674,0.208573226957,5.95169191297,-2.93554543354,-2.66717741774,-697.931676720933,-5495.192066397434,1,1,1,9.816664806320993,493532,493532,-0.0191661,0.0470366,0.000461836,1.7454927562824207,True,True,174.2589240654028,,True,NUCLEATED,39,7,,CSV_VERIFIED,0,2,1,1,0,1_STEP,CLEAN,0->1,1,1,0,0,0,79.7697079047,79.7697079047,2.76148219449,1.30424742131e-05,220.282640134,220.282628039,2.76148234612,2.76148219449,-9.15044941348e-06,-9.29383715865e-06,-84.6100516623,-203.385301097,47.1337472082,140.00070766,0.000707660022186,0.24072711176,155.068357959,2.45454973985e-06,242.226253882,242.226252419,5.13912574809,5.13912571705,-2.3562988889e-06,-6.8750997923e-07,-84.1303130229,-227.146755425,OK
493609,1,243609,117.443286251,125,400.460633102,412.713567024,5.84901553806,0.468470921959,653.224221342,0.913905358534,1.4014645942652595,6.19979596615,0.252224591999,5.65248814544,-2.91433436568,-2.58504063371,-6008.300003964341,-7434.960800183468,1,1,1,21.92521352268408,493609,493609,-0.0193163,0.0574358,0.0005982,2.872933704339742,True,True,166.87302866986013,,True,NUCLEATED,39,7,,CSV_VERIFIED,0,2,1,1,0,1_STEP,CLEAN,0->1,1,1,0,0,0,83.792525617,83.792525617,2.48970262491,3.24512012181e-06,208.618467758,208.618470977,2.4897025865,2.48970262491,9.55830978977e-07,3.10115974187e-06,-35.3672684319,-205.598690204,56.3582029361,139.963820794,-0.0361792062202,0.11932973279,173.974716093,1.81832922362e-05,236.151183527,236.151165916,4.1901829942,4.19018268173,1.46617950116e-06,-1.8124084369e-05,-40.1864040442,-232.706756264,OK
494262,1,244262,104.636727694,125,428.434374996,428.438035639,2.78960028006,0.408146910055,4130.58226244,0.806168778616,1.2265920599838833,0.241931000908,0.221973276212,5.97311475455,-2.81841010768,-2.8183064424,1669.4240453868206,-5630.011792499194,1,1,1,9.823724908600916,494262,494262,-0.0181618,1.79526e-05,4.85853e-07,0.6194914037284529,True,True,173.6146893924982,,True,NUCLEATED,38,7,,CSV_VERIFIED,0,2,1,1,0,1_STEP,CLEAN,0->1,1,1,0,0,0,81.0328115842,81.0328115842,2.71860180151,5.86642675165e-06,220.295953287,220.295947554,2.71860187226,2.71860180151,-3.27073506351e-06,-4.87003644511e-06,-81.2492593473,-204.765389874,51.8593559176,139.969409793,-0.0305902066767,0.167622968438,237.729949213,4.22950088488e-06,240.98422644,240.984230581,4.64688043606,4.6468805159,6.08484171067e-07,4.18550173202e-06,-82.4941942512,-226.424612858,OK
499938,1,249938,99.9068854765,125,422.626170161,438.771780295,3.67414442969,-0.220320665668,2269.55731187,1.52720419009,1.3050609880636383,0.396151823673,0.26616900767,6.23065950989,-3.26313832511,-2.80349804888,2891.2506287897622,-7222.867889597241,1,1,1,10.193728148051056,499938,499938,-0.0200048,0.0820448,0.000767124,6.812754536528051,True,True,167.17623616250577,,True,NUCLEATED,39,7,,CSV_VERIFIED,0,2,1,1,0,1_STEP,CLEAN,0->1,1,1,0,0,0,80.5829746766,80.5829746766,2.76093666929,2.27906096309e-05,222.484512482,222.484489705,2.76093695194,2.76093666929,6.78645566417e-06,2.17567439399e-05,58.9598545039,214.529936958,46.6129102144,139.9996998,-0.000300200093704,0.261957560417,124.015947779,7.56187722597e-06,242.544396684,242.544403694,5.20337382,5.2033739704,8.99993963362e-07,-7.50812879795e-06,63.5087966194,234.082073459,OK
500257,2,257,64.3251931183,125,446.386572009,440.058392762,7.84248158736,-0.372293620871,276.939761497,1.82544913436,1.4439700668575752,2.78334815566,0.249559521174,5.99471481907,-3.0708341374,-3.25622585627,10719.709910382158,-7234.163224218639,1,1,1,14.244026883668795,500257,500257,-0.0176473,-0.0320641,-0.000287103,3.567036397600946,True,True,166.32947959771565,,True,NUCLEATED,40,7,,CSV_VERIFIED,0,2,1,1,0,1_STEP,CLEAN,0->1,1,1,0,0,0,77.5239407071,77.5239407071,2.74898482528,2.04330376267e-05,213.112116304,213.1121366,2.74898456348,2.74898482528,3.48673158062e-06,2.01333486916e-05,-11.8090866645,-212.784678931,51.8133995394,139.920171557,-0.0798284427982,0.143302536283,284.017465248,1.53798559754e-05,236.969288073,236.969273306,4.57351361191,4.5735133269,2.77684928932e-06,-1.51270974694e-05,-24.0532600136,-235.74537996,OK
500565,2,565,75.7991446455,125,548.898614214,113.71002363,13.4767564581,0.00740893785317,394.187616501,1.48932122532,1.496730230958935,1.50458673538,0.258044519268,0.518502834822,4.63962207824,-4.89041028384,-2993.0706724796855,-7780.263819456433,1,1,1,24.46897784283295,500565,500565,0.0608783,0.0663923,0.00153065,3.489548163915755,True,True,161.4347235174435,,True,NUCLEATED,42,8,,CSV_VERIFIED,0,2,1,1,0,1_STEP,CLEAN,0->1,1,1,0,0,0,84.5334328471,84.5334328471,2.60080679195,7.80820772269e-06,219.855118691,219.855126295,2.60080670199,2.60080679195,-2.36652077072e-06,-7.44094666575e-06,17.2917450388,219.174060437,54.019479241,139.975555645,-0.0244443554317,0.153504414657,198.224572382,2.2896902162e-06,240.976589282,240.976589023,4.46092025816,4.46092025336,-2.24925804294e-06,4.28391809518e-07,18.0126736205,240.3024348,OK
502463,2,2463,94.7678205509,125,546.55926075,112.166117514,2.11865754737,0.103024304358,2120.18871386,1.02659359083,1.1298010213264715,0.5686732912,0.259511279022,0.451020560238,4.61129661911,-4.84556727122,-4006.537905254574,-6615.835931048715,1,1,1,24.2103156121323,502463,502463,0.0613604,0.0753102,0.00185977,3.7879366628253766,True,True,184.41780100916338,,True,NUCLEATED,42,8,,CSV_VERIFIED,0,2,1,1,0,1_STEP,CLEAN,0->1,1,1,0,0,0,84.931881895,84.931881895,2.58951839994,5.19092732118e-06,219.932667026,219.932670908,2.58951835423,2.58951839994,1.26075355148e-06,-5.0354966921e-06,101.695765081,195.008587991,55.1733794254,139.97447315,-0.0255268501824,0.142651031666,240.368043577,1.27030733712e-05,240.958701712,240.958713189,4.36730003168,4.36730023968,-4.26801783051e-08,-1.27030016719e-05,104.035970857,217.342155825,OK
502614,2,2614,58.5043100117,125,455.028341516,456.299934534,9.38523126324,-0.431166046093,322.627786612,1.91043116125,1.4646464393016134,2.57472335134,0.237920442839,6.22936264018,-3.40911752965,-3.37081894175,18625.653366637995,-6896.798770530801,1,1,1,13.923699488041011,502614,502614,-0.0186174,0.0067625,5.84056e-05,0.37151185334192777,True,True,166.11420764299132,,True,NUCLEATED,38,7,,CSV_VERIFIED,0,2,1,1,0,1_STEP,CLEAN,0->1,1,1,0,0,0,74.444011787,74.444011787,2.88180403851,2.07725243014e-05,214.533074308,214.53305381,2.88180431385,2.88180403851,-2.48934181813e-06,2.06228257803e-05,9.16899602882,214.337046457,42.8536675366,140.021677505,0.0216775046428,0.286731787141,140.335863147,8.43906579132e-06,239.71334443,239.713336095,5.59376497297,5.59376477847,2.03499298248e-06,8.1900326612e-06,20.6401000392,238.823101412,OK
504005,2,4005,108.139022873,125,427.09333213,439.542752982,2.12269990134,0.180164085171,5069.10274363,0.949383095547,1.1305363590798154,0.206184573549,0.240376616446,6.24750061417,-3.15352502182,-2.79695428521,2272.1159308671376,-5196.567536242683,1,1,1,10.011458785405146,504005,504005,-0.0196146,0.0633365,0.000586987,3.657156420133638,True,True,179.75595143644986,,True,NUCLEATED,39,7,,CSV_VERIFIED,0,2,1,1,0,1_STEP,CLEAN,0->1,1,1,0,0,0,82.0862701488,82.0862701488,2.68478388854,1.51888770043e-05,220.383887338,220.383895566,2.68478378831,2.68478388854,-1.51094562961e-05,-1.55123018516e-06,99.8346910649,196.474151629,53.2506153181,139.958971015,-0.0410289846626,0.155904628249,251.368514388,1.11348997608e-05,240.618858274,240.618865794,4.51861179137,4.51861193259,4.17750287525e-06,-1.03215532945e-05,103.522176265,217.210943505,OK
504301,2,4301,51.121254494,125,396.101053397,407.796044379,2.00907425153,0.44387859145,1027.76201253,0.649034580835,1.1089570025903457,0.732931344895,0.14134438479,5.71295037474,-2.86077686775,-2.5500633603,-9664.723868219904,-4731.100995069035,1,1,1,9.92238282886778,504301,504301,-0.0191964,0.0539495,0.000573923,2.4583233949924295,True,True,190.50324192616344,,True,NUCLEATED,40,7,,CSV_VERIFIED,0,2,1,1,0,1_STEP,CLEAN,0->1,1,1,0,0,0,69.4011500173,69.4011500173,2.95355521623,4.31966960374e-05,204.980090729,204.980128646,2.95355466989,2.95355521623,-3.99402219763e-05,-1.64539726823e-05,128.950481165,159.338040037,39.4284645623,140.671753817,0.671753817043,0.334632871555,117.86781172,5.70500924031e-06,242.153282743,242.153284422,6.14158541122,6.14158545382,4.06479858872e-06,-4.00306668257e-06,111.581983008,214.913176448,OK
504539,2,4539,85.9394799829,125,407.380795706,418.880514351,3.27726412606,-0.440148962369,176.530835179,1.73040199955,1.2746374366312532,1.36098430947,0.277503603506,5.71184339217,-3.04597551749,-2.73195038057,-1099.833045744976,-7457.334382016301,1,1,1,10.991628374657978,504539,504539,-0.0193006,0.0549531,0.00055615,2.5750100015488853,True,True,176.57306807784042,,True,NUCLEATED,39,7,,CSV_VERIFIED,0,3,1,1,0,1_STEP,CLEAN,0->2,1,1,0,0,0,77.6283517679,77.6283517679,2.84210175786,1.05110504397e-05,220.627683431,220.62767502,2.84210186622,2.84210175786,8.26828423545e-06,6.48981179595e-06,57.1994511052,213.084015096,49.638575742,139.945195145,-0.054804855427,0.178411134293,252.079083606,8.93285565499e-06,240.883724934,240.883722648,4.85275254845,4.85275250241,8.92870150282e-06,-2.72396083887e-07,68.6928530432,230.881486652,OK
505429,2,5429,76.0776147015,125,390.735636809,388.515829781,8.31738263114,0.169116167408,144.357147612,1.28120769244,1.4511405431935278,6.24981921261,0.248190613824,5.34381268081,-2.44558021675,-2.50274816844,-13290.018981640776,-7555.901997886465,1,1,1,21.952558001016445,505429,505429,-0.0173319,-0.00955374,-0.000110135,1.2253658151604654,True,True,166.57033387615752,,True,NUCLEATED,38,7,,CSV_VERIFIED,0,2,1,1,0,1_STEP,CLEAN,0->1,1,1,0,0,0,86.0053948488,86.0053948488,2.41664934232,2.30792955885e-05,207.844863131,207.844880897,2.41664913575,2.41664934232,-1.17708447917e-05,1.98519796935e-05,-32.515116696,-205.285786932,45.9803493012,138.814854422,-1.18514557777,0.293694642233,153.587992502,1.75909759489e-06,241.011916197,241.011914449,5.24162864919,5.24162861116,-2.86718984047e-08,-1.75886391474e-06,-30.5347478532,-239.069807635,OK
506364,2,6364,78.3482127086,125,385.598584315,393.925615386,4.41349955813,0.280742075601,424.302969051,1.0634136481,1.3479808399595419,2.20148896863,0.230871327267,5.40484544525,-2.63896678875,-2.42444096972,-11206.81443908013,-7052.930552376411,1,1,1,12.337512396612757,506364,506364,-0.0186327,0.0366378,0.000412665,0.933374953421418,True,True,168.0979147015658,,True,NUCLEATED,39,7,,CSV_VERIFIED,0,2,1,1,0,1_STEP,CLEAN,0->1,1,1,0,0,0,80.4706105704,80.4706105704,2.72442564364,3.19419132636e-06,219.236191816,219.236194997,2.7244256041,2.72442564364,5.79757843478e-07,3.14113658925e-06,-59.0551286436,-211.132658731,44.7798994131,139.847294233,-0.152705766728,0.318979390856,65.9177547631,2.1867570341e-05,242.653537564,242.65355308,5.4188048822,5.4188052287,1.85208854034e-05,1.16261531254e-05,-54.9149975858,-236.357953817,OK
510355,2,10355,50.6745486315,125,400.416368239,400.986738245,3.77669181732,0.0222592151344,546.052415639,1.28969325226,1.3119543059443681,0.380980750894,0.255972350421,5.50992256297,-2.62807528595,-2.61296865977,-6295.6875589076935,-7626.211772906203,1,1,1,9.349294198343658,510355,510355,-0.0178465,0.00256396,2.68928e-05,0.528215649704267,True,True,168.8400062591557,,True,NUCLEATED,38,7,,CSV_VERIFIED,0,2,1,1,0,1_STEP,CLEAN,0->1,1,1,0,0,0,85.4119049253,85.4119049253,2.56127347919,1.80288542814e-05,218.763229553,218.763246893,2.56127327618,2.56127347919,-1.07274287561e-05,-1.44900606963e-05,77.046009126,204.746826794,56.2713660929,140.047071976,0.0470719764102,0.140920875513,284.703157369,2.62315537704e-05,240.42676755,240.42674508,4.27263072222,4.27263032291,1.90787746495e-05,1.80026323376e-05,64.6530346345,231.570757366,OK
511051,2,11051,112.907674009,125,407.073367573,423.896682221,6.25672973832,-0.113132729924,445.855584267,1.52568433123,1.4123088694195385,6.61043813931,0.263485017625,5.90500946464,-3.15300432534,-2.69098863988,-3992.8498639404283,-7748.671715728962,1,1,1,23.17877046667188,511051,511051,-0.0199439,0.0817811,0.000816553,6.763862195838812,True,True,166.08893608376533,,True,NUCLEATED,39,7,,CSV_VERIFIED,0,2,1,1,0,1_STEP,CLEAN,0->1,1,1,0,0,0,82.3920559258,82.3920559258,2.53321226401,9.81229594409e-06,208.716576079,208.716566528,2.53321237992,2.53321226401,-8.50542589145e-07,9.77536336912e-06,30.122897981,206.531402327,55.9845860586,139.999947312,-5.26879528309e-05,0.120620490184,210.948725989,2.91361095336e-05,235.612224742,235.612249734,4.2085195467,4.20851999312,1.08853630323e-05,-2.70263158867e-05,36.8282442787,232.716137969,OK
512946,2,12946,79.1765709121,125,389.350119797,402.499465075,14.1783798272,0.104444358578,367.240702266,1.39574782073,1.5003830082657987,4.49289342777,0.254337893153,5.64547292259,-2.76266348343,-2.41854610621,-9444.179621730169,-7701.295564018124,1,1,1,17.758217160925632,512946,512946,-0.0193002,0.0596394,0.000651619,3.152463674832149,True,True,165.93961033335927,,True,NUCLEATED,39,7,,CSV_VERIFIED,0,2,1,1,0,1_STEP,CLEAN,0->1,1,1,0,0,0,85.5952175841,85.5952175841,2.46705997872,1.58988619711e-05,211.168542963,211.168535671,2.4670600639,2.46705997872,-1.33885597171e-05,8.5743968112e-06,19.6519304857,210.252122855,49.6239305641,140.243145053,0.24314505294,0.219958798043,187.796475972,1.43044228044e-05,240.455972736,240.455958586,4.84556483137,4.84556454622,-1.03867401997e-06,1.4266662821e-05,17.8502198257,239.792502962,OK
513140,2,13140,116.677752474,125,291.477500187,270.809410263,19.3511441681,0.384133258458,716.336621018,1.12489684925,1.5191657224097102,0.780849526516,0.252074184339,2.44499269831,-0.790161101878,-1.17423792216,-704.0670950328076,-7608.658735672434,1,1,1,5.725228812067476,513140,513140,-0.011589,-0.0508615,-0.0010899,7.538232450162697,True,True,165.01497803169246,,True,NUCLEATED,40,7,,CSV_VERIFIED,0,3,2,1,0,1_STEP,CLEAN,0->2,1,1,1,0,0,282.990777212,282.990777212,3.28351317991,2.55961934161e-05,929.203935889,929.203946768,3.28351314146,3.28351317991,-1.09346653522e-05,2.31429948587e-05,929.201278061,2.22245841577,165.904632546,140.000168517,0.000168517247943,0.249702505915,195.739904031,9.11762194007e-06,1052.9337164,1052.93371139,6.34662034595,6.34662031572,5.02916541057e-06,-7.60516437135e-06,1052.93175422,2.03275397198,OK
514022,2,14022,92.8990798983,125,434.772242598,428.636010915,8.85393795044,-0.161093033187,485.993945516,1.62012689343,1.458328842366599,5.69936149933,0.260286584862,5.94901768702,-2.87647740083,-3.05157400605,1504.4098174840424,-7729.65146931213,1,1,1,21.103002209927407,514022,514022,-0.0175131,-0.0300554,-0.000283008,3.3109421324359927,True,True,165.96623056041173,,True,NUCLEATED,40,7,,CSV_VERIFIED,0,2,1,1,0,1_STEP,CLEAN,0->1,1,1,0,0,0,80.7059277059,80.7059277059,2.60431886289,1.17742723439e-05,210.183960405,210.183969872,2.60431874559,2.60431886289,-6.12500347236e-06,1.00557357609e-05,-18.8181197045,-209.33985665,54.892743723,140.000008825,8.82537503344e-06,0.127918132369,264.610210555,1.01399501909e-05,235.866927829,235.866917795,4.29686898179,4.29686879899,3.78297511418e-07,-1.01328910419e-05,-25.262264036,-234.510182421,OK
515673,2,15673,101.030718433,125,550.694015397,123.268627143,6.74287587004,-0.120534923462,71.3587939963,1.54439352876,1.4235648117817818,7.47090677532,0.263632526949,0.510341940216,4.51724066448,-5.00317523071,-5106.370467146432,-7810.63138922209,1,1,1,24.554348961296682,515673,515673,0.0569802,0.0101,-0.00031944,6.62466925984134,True,True,171.28323278398477,,True,NUCLEATED,38,8,,CSV_VERIFIED,0,3,2,1,0,1_STEP,CLEAN,0->1,1,1,0,0,0,81.6227122894,81.6227122894,2.6139044176,2.38075566483e-05,213.353944424,213.35396823,2.61390412594,2.6139044176,3.71470178811e-06,2.35159678556e-05,-30.8289412547,-211.114854954,51.2639446384,140.001306636,0.00130663613268,0.174620319593,158.080876695,3.73047067077e-06,239.071573814,239.071577474,4.66354229078,4.66354236218,1.27148590397e-06,3.50709780609e-06,-36.4203284472,-236.281139919,OK
517305,2,17305,89.9851814114,125,553.068294349,106.374989069,2.67547177565,-0.390384651472,2132.93683155,1.61415744315,1.2131080840373303,0.324199362108,0.278985971791,0.250072653956,4.78810715957,-4.94713310463,2086.974229629285,-6947.285103508784,1,1,1,24.66768628698624,517305,517305,0.0645746,0.111063,0.0032053,7.206322890334132,True,True,186.50281886997834,,True,NUCLEATED,42,8,,CSV_VERIFIED,0,2,1,1,0,1_STEP,CLEAN,0->1,1,1,0,0,0,82.2178851142,82.2178851142,2.7067821329,2.5878904821e-05,222.545927596,222.545902432,2.70678243896,2.7067821329,-1.434842555e-05,-2.15369542641e-05,-76.7580268983,-208.889672306,54.3271491028,140.00000263,2.63049571458e-06,0.135292109928,297.707765605,2.00893162363e-05,241.094534667,241.094514579,4.43782783837,4.4378274686,-7.12969350832e-06,-1.87815893182e-05,-83.7987428834,-226.062702226,OK
519985,2,19985,85.066681152,125,417.887884937,415.606601265,2.17556144916,0.137086768173,2313.23622071,1.00242547793,1.1399452919805442,0.439022191006,0.242818843971,5.77351137296,-2.72211546862,-2.784956283,-3940.199277137801,-6408.595974411566,1,1,1,9.85257490824491,519985,519985,-0.017743,-0.0107446,-0.000108051,1.288654935559143,True,True,178.6327301992939,,True,NUCLEATED,38,7,,CSV_VERIFIED,0,2,1,1,0,1_STEP,CLEAN,0->1,1,1,0,0,0,82.5185444608,82.5185444608,2.6652014726,8.60621485333e-06,219.92855064,219.928546214,2.66520152624,2.6652014726,8.59358793901e-06,4.66026218224e-07,102.731271602,194.460415565,47.6358427067,139.99321658,-0.00678342042943,0.255647072088,74.7552940799,9.75986281289e-06,242.454884999,242.454879172,5.08975744361,5.08975732129,9.55721213222e-06,1.97853945783e-06,102.316153673,219.808498374,OK
519998,2,19998,98.1766511831,125,536.852135338,106.452233367,4.74363012726,0.256530169029,1197.68046986,1.10359889484,1.363029413347135,2.00845169002,0.244355219326,0.473540634833,4.48608457664,-4.66449170824,-5454.630889630932,-7206.593568411994,1,1,1,23.43918491281929,519998,519998,0.0631255,0.107779,0.00315965,6.7755374095325,True,True,171.5134041213042,,True,NUCLEATED,42,8,,CSV_VERIFIED,0,2,1,1,0,1_STEP,CLEAN,0->1,1,1,0,0,0,85.283747789,85.283747789,2.54573544325,2.45907809859e-06,217.109858348,217.109859479,2.54573542998,2.54573544325,-2.38402133103e-06,-6.0291573886e-07,49.5927735921,211.369930215,57.0524535873,139.9766977,-0.0233023001069,0.122744123266,296.443669691,9.99677455835e-06,239.53911924,239.539121095,4.19857699676,4.19857702927,-9.99338058921e-06,2.6047258905e-07,50.5583994796,234.142772446,OK
521688,2,21688,74.3442569107,125,422.770927718,420.255383908,7.73416691186,-0.0225474471263,690.767410558,1.46476264189,1.4422132838576591,0.299147934411,0.259111747717,5.88528585896,-2.79367595162,-2.86376219723,-1587.1790347947117,-7735.334952259868,1,1,1,9.814486164959073,521688,521688,-0.0177829,-0.0120213,-0.000118188,1.3853096591090615,True,True,166.35946020079928,,True,NUCLEATED,38,7,,CSV_VERIFIED,0,2,1,1,0,1_STEP,CLEAN,0->1,1,1,0,0,0,82.1516073143,82.1516073143,2.70597791696,2.45403862477e-05,222.300458682,222.300435235,2.70597820237,2.70597791696,1.04111790531e-05,2.22224640378e-05,30.6920683471,220.171503312,47.6853303845,139.99858702,-0.00141298045094,0.254543495822,78.8009522698,8.48252842041e-06,242.643261434,242.643269635,5.08842571662,5.0884258886,1.09461800409e-06,-8.41160506849e-06,31.2058629381,240.628232836,OK
522621,2,22621,91.2301247999,125,418.845349571,426.401937677,6.14492762971,-0.219434034314,399.07091555,1.6307089801,1.4094746518609291,3.77689927356,0.263488337588,5.92185709445,-3.068421459,-2.85733065336,-381.3499781652831,-7698.954847703004,1,1,1,16.29678625086919,522621,522621,-0.0189509,0.0369144,0.000359284,0.9532770240101986,True,True,166.69577265019512,,True,NUCLEATED,39,7,,CSV_VERIFIED,0,2,1,1,0,1_STEP,CLEAN,0->1,1,1,0,0,0,81.3517469027,81.3517469027,2.63113598269,9.56322829995e-06,214.047518092,214.04750853,2.63113610023,2.63113598269,-1.1390734764e-06,-9.49514861033e-06,-28.3936132669,-212.155939646,54.7818642668,139.939477739,-0.0605222614287,0.13181835096,282.266233285,2.93147609979e-06,237.707160727,237.707163128,4.33915792951,4.33915797334,2.03259130044e-06,2.11237419247e-06,-36.7233923312,-234.853330222,OK
523329,2,23329,112.774679073,125,558.684078673,121.017787932,2.12105425216,-0.324520508929,3594.91577424,1.46074203593,1.1302372785693275,0.465979517239,0.280646906844,0.343602150338,4.82776742194,-5.00376786678,911.8700306373748,-6174.901251417476,1,1,1,25.0104405945601,523329,523329,0.0585923,0.0236011,8.90878e-05,5.163245458363945,True,True,176.89503599311158,,True,NUCLEATED,38,8,,CSV_VERIFIED,0,2,1,1,0,1_STEP,CLEAN,0->1,1,1,0,0,0,83.8178930507,83.8178930507,2.64729518074,1.89576056728e-05,221.890719452,221.890704333,2.64729536112,2.64729518074,-3.63816816774e-06,1.86052289754e-05,97.4217275305,199.360222672,55.169337783,139.949760378,-0.0502396217801,0.136184841355,259.157554087,1.86783275771e-05,241.008792217,241.008773924,4.3685279161,4.36852758451,4.41621800845e-06,1.81487448486e-05,103.102114481,217.842126127,OK
525233,2,25233,116.936402615,125,558.644321566,121.973793223,7.1137384925,-0.430173962527,784.076135308,1.87582385582,1.4311383839910818,7.05429239584,0.258476009432,0.330710418192,4.7593396477,-5.06305019252,640.4000115592899,-7575.024456525668,1,1,1,25.038540291153453,525233,525233,0.0581934,0.0179145,-8.63671e-05,5.758047594275881,True,True,168.44266147866725,,True,NUCLEATED,38,8,,CSV_VERIFIED,0,2,1,1,0,1_STEP,CLEAN,0->1,1,1,0,0,0,80.9283326085,80.9283326085,2.63684982936,1.29520749794e-05,213.395872981,213.395860029,2.6368499894,2.63684982936,1.8734178591e-06,1.28158710901e-05,28.7377279334,211.451984144,54.3296315486,139.999923788,-7.62124701907e-05,0.135337853812,244.152277794,2.55613108631e-05,237.447160013,237.447185547,4.37049089502,4.37049136501,-4.78040989144e-06,-2.51103224653e-05,33.6652217286,235.048519766,OK
525960,2,25960,111.6687731,125,404.894537804,417.426069551,2.71820972849,-0.365078532894,1138.42703441,1.59199146735,1.2182743102893165,1.29980886914,0.285257098215,5.69716166581,-2.99154210273,-2.65097310287,-3050.323096877544,-7380.679263934039,1,1,1,10.917077377518915,525960,525960,-0.0193997,0.05963,0.000608413,3.152336557632024,True,True,186.50347445224804,,True,NUCLEATED,39,7,,CSV_VERIFIED,0,2,1,1,0,1_STEP,CLEAN,0->1,1,1,0,0,0,82.4865421445,82.4865421445,2.66467487482,1.38911509443e-05,219.799826302,219.799816363,2.66467499531,2.66467487482,-5.64162028005e-06,1.26939432476e-05,76.4521528586,206.07530654,53.2302644386,139.993269333,-0.00673066708757,0.158891690686,218.642345115,1.06723185877e-05,240.605214618,240.605203966,4.52008302335,4.52008282325,3.05020117347e-06,1.02271529195e-05,82.9895544236,225.839773197,OK
529026,2,29026,82.4592498038,125,411.766094315,426.698745985,2.55688356058,0.0872077045849,2435.29259817,1.11066624417,1.1979848672105549,0.288110521087,0.246386808202,6.06973709258,-3.09691846741,-2.68312696111,-2532.3836639473266,-6676.562772800231,1,1,1,9.844518293520572,529026,529026,-0.0197614,0.0731734,0.000719484,5.188494760498581,True,True,173.519134186816,,True,NUCLEATED,39,7,,CSV_VERIFIED,0,2,1,1,0,1_STEP,CLEAN,0->1,1,1,0,0,0,81.7028731629,81.7028731629,2.71169440541,1.34344021146e-05,221.553212284,221.553224061,2.71169426126,2.71169440541,-1.06973636667e-05,-8.12708870144e-06,90.1643267481,202.376431571,44.0166045491,140.086875926,0.086875926349,0.348180352176,179.216649311,3.42540319095e-06,243.303886277,243.303888621,5.5275478145,5.52754786776,-3.18343706467e-06,-1.26456137686e-06,89.2422320344,226.346206284,OK
532719,2,32719,90.2550008242,125,417.652667818,430.258963161,8.12562180445,0.39732280506,1229.45568054,1.03974690482,1.4483445471777365,0.0820664080514,0.227390727298,6.39573870119,-3.06812085889,-2.71485810376,-8311.216841584126,-6903.053021589018,1,1,1,10.189985442718713,532719,532719,-0.0195415,0.0623992,0.000601914,3.525506860632329,True,True,165.924451194328,,True,NUCLEATED,39,7,,CSV_VERIFIED,0,3,2,1,0,1_STEP,CLEAN,0->2,1,1,1,0,0,112.461427213,112.461427213,2.02569769577,2.34623034141e-05,227.812873439,227.812853968,2.02569786891,2.02569769577,-1.82828398701e-05,-1.47043343194e-05,-226.981918673,-19.44000772,62.3272979309,139.993189812,-0.00681018810053,0.114283599724,79.3445138584,2.06871244956e-05,251.940911465,251.940932053,4.04222419115,4.04222452146,2.0328595332e-05,3.83475315056e-06,-250.963565218,-22.1700654746,OK
535398,2,35398,87.5324928958,125,546.281866862,111.99066631,3.47560731122,0.0379571511467,1274.78216625,1.25267750191,1.2906437734022893,0.86678809345,0.259068753707,0.482341449997,4.59609824321,-4.85204666793,-3901.003037002659,-7396.532919962747,1,1,1,24.230677940195356,535398,535398,0.0614147,0.0763197,0.00189774,3.8358305107584125,True,True,174.99387786802674,,True,NUCLEATED,42,8,,CSV_VERIFIED,0,2,1,1,0,1_STEP,CLEAN,0->1,1,1,0,0,0,84.6899250548,84.6899250548,2.60375478168,4.33063046091e-06,220.511793595,220.511797321,2.60375473768,2.60375478168,-9.97421630351e-07,4.21420339806e-06,-65.6091797211,-210.525263688,53.7665267414,139.988111088,-0.0118889123516,0.159070776719,247.456619871,1.20216548364e-05,241.385150493,241.385162321,4.48950611324,4.48950633322,1.23368393538e-06,1.19581858554e-05,-67.3543836927,-231.797708953,OK
535811,2,35811,104.943638932,125,389.243150076,388.764273001,17.402095173,0.386046863372,644.500348525,1.11705271848,1.5133951087923072,3.43220743122,0.243744003686,5.33323553863,-2.30538035971,-2.31769346432,-10543.498837539331,-7384.619707499825,1,1,1,15.146269069141372,535811,535811,-0.0175364,-0.00206396,-2.49233e-05,0.7474586648563275,True,True,165.4921294534101,,True,NUCLEATED,38,7,,CSV_VERIFIED,0,2,1,1,0,1_STEP,CLEAN,0->1,1,1,0,0,0,84.350884422,84.350884422,2.53919173154,4.23659759697e-06,214.183064113,214.183068272,2.53919168222,2.53919173154,-1.13304662625e-06,-4.0822744324e-06,17.1371592485,213.496376376,51.3575065115,140.120987984,0.120987983506,0.188588351463,244.368767275,1.74359101731e-05,240.498765854,240.498748531,4.6828357175,4.68283538019,-9.204137024e-07,1.74115996445e-05,14.5884217244,240.055898342,OK
535921,2,35921,100.737382929,125,388.927126899,399.364827116,7.99142989799,0.403719785877,889.24823952,1.03073026797,1.44630934530818,4.81224061805,0.236067999732,5.4757694327,-2.65223378996,-2.38030718876,-8342.947573875404,-7128.308841878599,1,1,1,18.342630769307547,535921,535921,-0.018949,0.0468095,0.000516308,1.72137497178808,True,True,166.1412778902218,,True,NUCLEATED,39,7,,CSV_VERIFIED,0,2,1,1,0,1_STEP,CLEAN,0->1,1,1,0,0,0,84.7272136369,84.7272136369,2.47477079918,1.80018515159e-05,209.680452074,209.680434204,2.47477101008,2.47477079918,4.83138250009e-06,1.73414071268e-05,31.4289836523,207.311627673,49.5341994305,140.028853795,0.0288537950998,0.210441089652,166.224995586,4.69298732815e-05,240.11288978,240.112842864,4.84741638182,4.84741543469,7.1984924864e-06,4.637450498e-05,30.908312259,238.115257956,OK
537949,2,37949,113.167088174,125,408.748845959,408.374456624,2.78571588074,0.180943552928,1176.05210746,1.04420343741,1.2261491932525488,1.48269246319,0.270313551219,5.51410872448,-2.68962679673,-2.69973725512,-5188.763726770107,-7254.176487446919,1,1,1,11.164102449199483,537949,537949,-0.0178491,-0.00172391,-1.83702e-05,0.7155229684388834,True,True,172.52885650228112,,True,NUCLEATED,38,7,,CSV_VERIFIED,0,2,1,1,0,1_STEP,CLEAN,0->1,1,1,0,0,0,83.9966822179,83.9966822179,2.60062393968,9.3303981192e-06,218.443776175,218.443782629,2.60062386283,2.60062393968,-4.02000240678e-06,8.41997088547e-06,-77.2383662192,-204.332861119,51.297397183,140.011491358,0.0114913579619,0.19525359337,225.682119658,1.46873183415e-05,241.338445178,241.338430581,4.70469182515,4.70469154059,-3.42874323585e-06,-1.42814929152e-05,-81.9643832419,-226.993579206,OK
539971,2,39971,93.7403678626,125,414.007549598,402.282608809,2.92290803765,-0.123631577104,288.939394303,1.36510293361,1.2411542237052844,1.29755168447,0.28132792535,5.40655296208,-2.50044528554,-2.81675679899,-5689.72201530108,-7804.890105980866,1,1,1,10.81958713219892,539971,539971,-0.0165001,-0.0527297,-0.000554706,7.1767185174973624,True,True,171.66251736732283,,True,NUCLEATED,40,7,,CSV_VERIFIED,0,3,1,1,0,1_STEP,CLEAN,0->2,1,1,0,0,0,83.4337256625,83.4337256625,2.6352270215,1.67139642087e-05,219.866793205,219.86680837,2.63522683973,2.6352270215,-1.16312200327e-05,-1.20029713039e-05,72.4463887499,207.588360732,51.4800610888,139.962273834,-0.0377261660151,0.190768754328,244.949084894,9.16922599667e-06,241.409757586,241.409766126,4.68938366584,4.68938383171,3.98608123368e-07,-9.16055767637e-06,78.080152123,228.434150035,OK
540750,2,40750,82.5369093525,125,405.903579688,394.352327558,11.8419121746,0.128380098971,459.253004383,1.35781499262,1.4865503813740972,4.12530463241,0.252839141963,5.4078993846,-2.32653487931,-2.63203946498,-8944.80329441201,-7653.720866701414,1,1,1,16.853545258907523,540750,540750,-0.0163779,-0.0505787,-0.000552455,6.774236784585001,True,True,166.01239782396578,,True,NUCLEATED,40,7,,CSV_VERIFIED,0,2,1,1,0,1_STEP,CLEAN,0->1,1,1,0,0,0,85.6916952313,85.6916952313,2.46887501637,1.5286067481e-05,211.562077133,211.562085467,2.46887491912,2.46887501637,1.36374773398e-05,6.90529295839e-06,-22.7866479542,-210.331360372,51.255314583,140.006442446,0.00644244640813,0.193528794488,208.48408238,1.84322250467e-05,240.065261819,240.065263766,4.68371453326,4.68371457124,1.84294534811e-05,3.19631913919e-07,-21.212844724,-239.126211761,OK
543772,2,43772,97.9423310261,125,526.965118112,121.60763445,4.30665101666,0.490427275797,1367.1190506,0.830060468557,1.3426404402523648,2.08408545929,0.218746767511,0.611523540765,4.20253404886,-4.48620344042,-6751.050548653417,-6470.287941396028,1,1,1,22.47520195974367,543772,543772,0.0555746,0.0190327,-2.63769e-05,5.292679837391409,True,True,170.92451084755535,,True,NUCLEATED,38,8,,CSV_VERIFIED,0,2,1,1,0,1_STEP,CLEAN,0->1,1,1,0,0,0,82.2152500659,82.2152500659,2.64731271598,1.99043097428e-05,217.649494875,217.649476947,2.64731293404,2.64731271598,-3.73155063171e-06,1.95513957614e-05,56.1301389679,210.287208642,51.618058407,140.005881133,0.00588113272096,0.172297319125,248.658892946,1.4094649914e-05,241.087533744,241.087521804,4.67060445868,4.67060422737,-4.52129870221e-06,1.33497945393e-05,55.8352174173,234.53278539,OK
545266,2,45266,103.147527374,125,427.496025276,429.03952157,2.67724906666,0.278377169241,3734.17048444,0.931221735584,1.2133258118108416,0.326370198847,0.234512063482,6.01562441347,-2.87535341356,-2.83166052436,593.575835857524,-5975.59280402338,1,1,1,9.998255528991107,545266,545266,-0.0183339,0.00758694,7.25888e-05,0.36100499187268453,True,True,173.5675967442284,,True,NUCLEATED,38,7,,CSV_VERIFIED,0,2,1,1,0,1_STEP,CLEAN,0->1,1,1,0,0,0,81.3776788732,81.3776788732,2.71253723599,2.15443134501e-05,220.739965716,220.739984122,2.71253700981,2.71253723599,1.7347401277e-05,1.27759583191e-05,-83.8205135634,-204.206400414,50.5032244435,139.983237842,-0.0167621584893,0.191646976675,192.811900332,1.60622047262e-05,241.498393238,241.498409189,4.78184107846,4.78184139429,3.87463965644e-06,1.55878666981e-05,-85.4531462133,-225.874376012,OK
545927,2,45927,74.3327074023,125,428.677758938,421.612920093,2.53726067464,-0.34200556036,1484.96927039,1.54441444511,1.1953641135352284,0.216880443376,0.286995435691,5.81569483797,-2.76616545828,-2.96469697454,663.6976994059596,-7276.203963792448,1,1,1,9.621661870630193,545927,545927,-0.0173142,-0.033857,-0.000328538,3.853222204747289,True,True,183.15901938091116,,True,NUCLEATED,40,7,,CSV_VERIFIED,0,2,1,1,0,1_STEP,CLEAN,0->1,1,1,0,0,0,77.758477502,77.758477502,2.87996351344,2.31334001734e-05,223.94160018,223.941578067,2.87996379782,2.87996351344,1.41646186282e-05,1.8289827301e-05,79.0705991032,209.517733494,41.7773576605,140.064974723,0.0649747229123,0.372455684946,87.8360948644,1.20491098845e-05,243.384008865,243.383997708,5.82573964689,5.82573937984,8.28825952457e-06,8.7456162197e-06,88.291725898,226.804644814,OK
548168,2,48168,55.8719667425,125,543.016718779,105.629309145,3.33150613787,0.190956430309,1240.4822778,1.08705217272,1.2791885870578614,0.338612824365,0.226031971288,0.603244911194,4.57824506056,-4.79810519138,-7355.812998374629,-6860.447351917178,1,1,1,24.15405060645034,548168,548168,0.0640544,0.113777,0.00337173,7.634029928453177,True,True,176.77547044059136,,True,NUCLEATED,42,8,,CSV_VERIFIED,0,2,1,1,0,1_STEP,CLEAN,0->1,1,1,0,0,0,81.0134426991,81.0134426991,2.57810727047,1.08812594948e-05,208.86134322,208.861345629,2.57810724074,2.57810727047,1.01587606301e-05,-3.89889608149e-06,-116.143362066,-173.590841175,49.4083066998,139.689867213,-0.310132786614,0.205049782913,219.580202635,2.17224018636e-05,242.041809409,242.041808547,4.89880802595,4.89880800848,-2.09521875234e-05,5.73311265414e-06,-73.1037296583,-230.738124748,OK
548338,2,48338,119.473661344,125,424.545726437,420.943396756,3.77680492267,0.160603830433,1785.62692473,1.15065932155,1.3119617159688928,1.95602349361,0.263962106922,5.77043162667,-2.75845826633,-2.85911695376,-1455.5433080588682,-7293.93532597827,1,1,1,12.471780671829308,548338,548338,-0.0176754,-0.017246,-0.000168742,1.847783572785103,True,True,168.5717394782005,,True,NUCLEATED,38,7,,CSV_VERIFIED,0,2,1,1,0,1_STEP,CLEAN,0->1,1,1,0,0,0,82.6288930438,82.6288930438,2.64078997381,1.59928639397e-05,218.205538164,218.205552297,2.64078980277,2.64078997381,-1.09328781906e-05,-1.16723550093e-05,57.281076428,210.552927239,53.2880584986,140.000005918,5.91801256178e-06,0.158611569846,201.690783513,8.91591608268e-06,240.031140634,240.031142034,4.50440769277,4.50440771904,-8.86940552275e-06,9.09508255283e-07,61.671155827,231.973310993,OK
548484,2,48484,87.8903543794,125,548.437328683,112.957249198,2.23789665129,0.00218572435667,1667.54241436,1.1483808368,1.1505665628996211,0.528256207965,0.268656788358,0.478764162324,4.62260805479,-4.89633448425,-4100.015325619423,-7063.484826179452,1,1,1,24.412983724642743,548484,548484,0.0611712,0.0708233,0.00169068,3.612066388108526,True,True,183.35788266924789,,True,NUCLEATED,42,8,,CSV_VERIFIED,0,2,1,1,0,1_STEP,CLEAN,0->1,1,1,0,0,0,84.0134622942,84.0134622942,2.63779486618,2.62203446508e-05,221.610254493,221.61027953,2.63779456818,2.63779486618,-1.79815868478e-05,-1.90832127285e-05,97.1879081916,199.162284075,50.4140043104,140.089343836,0.0893438357849,0.205990511049,238.609269927,1.58717056625e-05,242.440464501,242.440479541,4.80899043466,4.80899073298,-1.54751486973e-06,-1.5796083007e-05,99.4919397716,221.085351727,OK
549771,2,49771,102.973932315,125,556.084798745,115.660570071,3.20577199731,0.119026045407,2595.67453051,1.14911524212,1.2684241387936503,0.582088578039,0.253385410267,0.400229226056,4.81866608827,-4.95901042458,-406.98243754194846,-6874.687112912486,1,1,1,24.914592676347965,549771,549771,0.060644,0.0554453,0.00113084,3.453787302720774,True,True,171.0220267820552,,True,NUCLEATED,42,8,,CSV_VERIFIED,0,2,1,1,0,1_STEP,CLEAN,0->1,1,1,0,0,0,84.4028591956,84.4028591956,2.61935911389,1.01359504739e-05,221.081398391,221.081398472,2.61935911292,2.61935911389,9.58198726703e-06,-3.30499803696e-06,70.3973664728,209.573842614,55.6374573966,139.996066465,-0.00393353513684,0.134845330057,187.790279097,2.38355226961e-05,240.848071406,240.848047575,4.3288835018,4.32888307347,7.59995022883e-06,2.2591434189e-05,72.4952973619,229.67852612,OK
550466,2,50466,93.6027566421,125,525.716868405,110.420011597,5.77025460191,0.19691446019,346.11829114,1.20098835529,1.3991981165287648,4.34161787954,0.249668500457,0.596132650321,4.19806731539,-4.53303344358,-9505.223279775542,-7504.630590756817,1,1,1,22.591367611829043,550466,550466,0.0603041,0.0827968,0.00221876,4.182589539964882,True,True,172.82475995417633,,True,NUCLEATED,42,8,,CSV_VERIFIED,0,2,1,1,0,1_STEP,CLEAN,0->1,1,1,0,0,0,87.0861521979,87.0861521979,2.43639796859,1.23619741406e-05,212.176516735,212.176524307,2.43639788163,2.43639796859,-8.12942528221e-06,9.31293988142e-06,-40.8650873171,-208.204031883,59.8110012296,140.040663763,0.040663763161,0.102226744949,279.841072369,1.74311036774e-05,237.328783068,237.328796694,3.96797876962,3.96797899743,1.31312010733e-05,1.1463635278e-05,-42.407029194,-233.509304199,OK
551112,2,51112,84.1110263815,125,383.620887977,389.790931818,35.5301832437,-0.161830174655,201.845434955,1.70520366389,1.542658670707334,1.18156018857,0.255767622848,4.23561398373,-2.47094436372,-2.31323450731,23728.645544977247,-7714.072192812724,1,1,1,8.314876359931358,551112,551112,-0.018323,0.0267445,0.000305564,0.4622763652432029,True,True,165.49964638543773,,True,NUCLEATED,39,7,,CSV_VERIFIED,0,3,2,1,0,1_STEP,CLEAN,0->2,1,1,1,0,0,437.429785313,437.429785313,2.97053219319,1.49687350609e-05,1299.39926423,1299.39925953,2.97053220394,2.97053219319,-4.68566624717e-06,-1.42164538878e-05,-1299.39863133,-1.28249162973,255.362854114,140.000775603,0.000775603471709,0.330950706755,92.1217083311,3.68460783293e-05,1469.47357714,1469.47356828,5.75445313782,5.75445310312,-8.89139131033e-06,3.57571901694e-05,-1469.47311633,-1.16374176254,OK
553138,2,53138,94.4787324577,125,425.063040074,419.732560856,2.26969465334,0.0487829297293,2601.16292476,1.10699471655,1.1557970157573552,0.443499843341,0.259249982237,5.82597757382,-2.72031150037,-2.86913711324,-2271.093848749196,-6586.585134326869,1,1,1,9.990043340695763,553138,553138,-0.0174724,-0.0254099,-0.000249347,2.7342425953088814,True,True,176.54570528510538,,True,NUCLEATED,40,7,,CSV_VERIFIED,0,2,1,1,0,1_STEP,CLEAN,0->1,1,1,0,0,0,82.5856029671,82.5856029671,2.67377242218,1.33452375922e-05,220.815101931,220.815107683,2.67377235254,2.67377242218,-1.33451918002e-05,3.49600827509e-08,95.6908127705,199.00396376,51.1712577629,139.94374622,-0.0562537804079,0.19068282625,215.866454142,1.30347693158e-05,241.533186173,241.533180832,4.72009477062,4.72009466626,1.30346901986e-05,4.54152408424e-08,98.1886948248,220.674557281,OK
553187,2,53187,113.745636598,125,412.83919205,417.738916967,3.45495624952,0.344897753984,1825.1949424,0.936926364194,1.2890562171823343,1.61925463518,0.253486064339,5.73366670042,-2.83794624973,-2.70344944701,-2849.3723874677653,-6998.520929157221,1,1,1,11.67834445071502,553187,553187,-0.0185574,0.023284,0.00023428,0.36392299696574143,True,True,169.85052227707843,,True,NUCLEATED,39,7,,CSV_VERIFIED,0,2,1,1,0,1_STEP,CLEAN,0->1,1,1,0,0,0,82.6857410721,82.6857410721,2.64348572422,5.95269069933e-06,218.578581999,218.578576121,2.64348579531,2.64348572422,-8.22937238855e-07,-5.89553227985e-06,-63.977772645,-209.005839909,52.1932887399,139.975593956,-0.0244060439358,0.173223747327,195.094960215,6.32254265204e-06,240.670243864,240.670247071,4.61113391538,4.61113397683,6.1290628555e-06,1.55213855702e-06,-67.4421910287,-231.02752466,OK
553250,2,53250,99.946635131,125,550.08408223,113.927201596,15.6926309156,0.121222226538,630.542341765,1.38563709895,1.50715819603576,1.16641172948,0.255408733383,0.53031002879,4.73542091404,-4.83603424688,-3197.049050354146,-7709.304955182737,1,1,1,24.50925459750945,553250,553250,0.0608852,0.065225,0.00148588,3.4707156202036784,True,True,162.31231309249102,,True,NUCLEATED,42,8,,CSV_VERIFIED,0,2,1,1,0,1_STEP,CLEAN,0->1,1,1,0,0,0,83.2177163788,83.2177163788,2.66029903461,2.74837612654e-06,221.384013244,221.384010545,2.66029906705,2.66029903461,-7.12597672317e-07,-2.65438804442e-06,-16.2159599526,-220.78932031,47.0960698061,139.811017242,-0.188982758266,0.267379297021,109.630099255,2.15155202341e-05,243.004577222,243.004593556,5.15976339898,5.15976374582,1.5029974789e-05,1.53953716677e-05,-15.7086323972,-242.4963163,OK
553981,2,53981,115.593188966,125,435.119862882,435.809553774,3.3683168762,-0.19457559783,3192.0573032,1.47802528675,1.2822005267670298,0.536399651384,0.263564301274,6.09633060979,-2.95510455816,-2.93525287973,3709.6747509184297,-6886.105946307248,1,1,1,10.44656374910831,553981,553981,-0.0183258,0.00345852,3.24826e-05,0.4778905485415993,True,True,167.0689413442577,,True,NUCLEATED,38,7,,CSV_VERIFIED,0,2,1,1,0,1_STEP,CLEAN,0->1,1,1,0,0,0,81.8858829921,81.8858829921,2.69698934486,3.10679481846e-05,220.845322953,220.845353924,2.69698896664,2.69698934486,-1.14068184863e-05,-2.88981296354e-05,64.6232231647,211.178823981,52.6627134461,140.012115238,0.0121152382847,0.163147482321,234.679124693,4.13518447613e-06,240.789246656,240.789250348,4.57229092272,4.57229099284,7.30406271135e-07,-4.07016674483e-06,68.7046839493,230.779391862,OK
555676,2,55676,43.1264614239,125,550.728527681,115.250398929,2.11027019016,0.277814509286,3472.67690993,0.846749638518,1.1282679482435816,0.0515232926824,0.160652204326,0.582378187191,4.72123895458,-4.86363964773,-3829.164713319239,-4765.278718921011,1,1,1,24.615775039531883,555676,555676,0.0603618,0.0574084,0.00121082,3.413151543322947,True,True,183.04181719075916,,True,NUCLEATED,42,8,,CSV_VERIFIED,0,3,1,1,0,1_STEP,CLEAN,0->2,1,1,0,0,0,107.224785251,107.224785251,2.48378361403,2.14784411543e-05,266.323171482,266.323164624,2.483783678,2.48378361403,-1.82545712965e-06,-2.14007275738e-05,-258.695361727,-63.283026866,54.7588663612,139.972895111,-0.027104888558,0.183143427842,209.632923708,8.69788006338e-06,285.638811841,285.638817733,5.21630250629,5.21630261387,7.32146303407e-06,-4.69566785852e-06,-276.300703408,-72.4392996003,OK
556911,2,56911,95.5019174001,125,555.038941348,124.510006614,3.79486799903,0.211391099,2354.46745043,1.10014180424,1.3131398080030827,0.387659788793,0.241524061591,0.530752236418,4.73623621376,-4.93279295756,-1282.233981682968,-6869.669657674737,1,1,1,24.80160353660588,556911,556911,0.0568498,0.00287485,-0.000536661,7.7115025268920885,True,True,168.99701860701146,,True,NUCLEATED,38,8,,CSV_VERIFIED,0,2,1,1,0,1_STEP,CLEAN,0->1,1,1,0,0,0,82.6634145131,82.6634145131,2.68703638622,1.90229968368e-05,222.119583768,222.119602606,2.68703615834,2.68703638622,-2.8152749982e-06,-1.88135226722e-05,63.1405400981,212.956290561,49.3204459919,139.998733911,-0.00126608874862,0.215508812787,148.248765823,1.76230209966e-05,242.670840135,242.670823056,4.92028884277,4.9202884965,2.02718176005e-07,1.76218550212e-05,62.5681263842,234.466130203,OK
557715,2,57715,71.4763794773,125,407.529849342,415.933935408,2.54913745286,-0.197700259597,763.311851231,1.39596582308,1.1969545051522543,0.431337511032,0.286153961477,5.76798293621,-2.93602143313,-2.70730636541,-3063.6209285369177,-7707.291495289868,1,1,1,9.678938554900585,557715,557715,-0.0189228,0.0397529,0.000405513,1.144018511014925,True,True,173.12588264137946,,True,NUCLEATED,39,7,,CSV_VERIFIED,0,2,1,1,0,1_STEP,CLEAN,0->1,1,1,0,0,0,81.9666105395,81.9666105395,2.70852784068,2.14936746213e-05,222.00882784,222.008846652,2.70852761117,2.70852784068,2.72616589277e-06,-2.13200860282e-05,81.8673687904,206.36291713,51.2608369551,140.002213626,0.00221362610526,0.18477310551,209.027898,1.10003550481e-05,241.558548321,241.558559095,4.71234109058,4.71234130077,-5.97496753178e-06,-9.23620994669e-06,87.6302532829,225.103245149,OK
558569,2,58569,111.698755477,125,432.34689133,446.050487935,2.70086954262,-0.27468446347,4475.17690352,1.49445706326,1.2161955356317846,0.0559305592435,0.262113528954,6.36052503961,-3.25954182082,-2.86172295164,5516.095354853449,-6190.72605339805,1,1,1,9.943627768504749,558569,558569,-0.0198074,0.071064,0.000641934,4.835688525293182,True,True,170.24973251086078,,True,NUCLEATED,39,7,,CSV_VERIFIED,0,2,1,1,0,1_STEP,CLEAN,0->1,1,1,0,0,0,80.8225738693,80.8225738693,2.750853036,1.07442372198e-05,222.331020795,222.331022706,2.75085301235,2.750853036,1.05580136367e-05,-1.99172826502e-06,-79.4234371578,-207.660782137,48.7060135515,139.999757337,-0.000242662635316,0.217799918604,162.190019726,1.02561136613e-05,242.033014836,242.03301714,4.96926348899,4.9692635363,-8.56984810469e-06,5.63432080166e-06,-84.1263962238,-226.94212859,OK
559141,2,59141,52.3161446699,125,408.088532994,420.924026981,2.26002545944,0.22631466908,3118.26770278,0.925927036778,1.1542195495560528,0.0349447286767,0.189469105668,5.99277167512,-2.9643517234,-2.61268321497,-3645.530514307922,-5474.151175950696,1,1,1,9.360789598571374,559141,559141,-0.019471,0.0617525,0.000620697,3.4359486420944605,True,True,178.18344323335188,,True,NUCLEATED,39,7,,CSV_VERIFIED,0,3,1,1,0,1_STEP,CLEAN,0->2,1,1,0,0,0,102.167760916,102.167760916,2.66002934564,2.5793671251e-05,271.769227543,271.769242215,2.66002920203,2.66002934564,9.44326549397e-06,2.40028792734e-05,-264.596643376,-62.0252315891,55.541888154,139.976329183,-0.0236708167456,0.185300614985,278.338948956,2.033510329e-05,292.346522765,292.346542967,5.26353230835,5.26353267207,1.90926095849e-05,6.99919174263e-06,-284.19534414,-68.5528682253,OK
561099,2,61099,91.8665931936,125,381.221231039,399.550903545,3.21994953943,0.300768831849,398.451109718,0.964177592012,1.2696763030493967,1.78306040971,0.23854466561,5.44909088148,-2.8512374424,-2.37826178214,-9522.840922675108,-7043.693424749648,1,1,1,11.406221134105833,561099,561099,-0.0198686,0.0824521,0.000921679,6.9024300752526235,True,True,170.97142770129713,,True,NUCLEATED,39,7,,CSV_VERIFIED,0,2,1,1,0,1_STEP,CLEAN,0->1,1,1,0,0,0,81.9376026409,81.9376026409,2.67557815242,1.46325482552e-05,219.230473194,219.230459488,2.6755783197,2.67557815242,-9.38846013812e-06,-1.12235593587e-05,-72.8922058249,-206.757652112,46.9143849645,140.249880583,0.249880583042,0.274401647044,129.207408333,2.15212657007e-05,242.427119898,242.427138086,5.16743681244,5.16743720011,-5.51052985851e-06,2.08038202751e-05,-72.828459774,-231.229158864,OK
562492,2,62492,117.654595786,125,417.987375132,408.834462299,4.73778740458,-0.0728125738418,518.444778899,1.43565758065,1.362780514772677,4.42411043447,0.267251608243,5.50107576739,-2.59455483836,-2.84466483262,-5044.87303481225,-7712.007546725661,1,1,1,17.50444492113153,562492,562492,-0.0168916,-0.0420929,-0.000431472,5.179156330028158,True,True,167.58269513581746,,True,NUCLEATED,40,7,,CSV_VERIFIED,0,2,1,1,0,1_STEP,CLEAN,0->1,1,1,0,0,0,84.07787584,84.07787584,2.52637738483,2.86847387744e-05,212.412417593,212.412444087,2.52637706972,2.52637738483,-5.45286128114e-06,2.81616857166e-05,-42.6338226665,-208.089865953,57.7006943762,139.999818988,-0.000181011882688,0.112878196816,248.2663936,2.21889125383e-05,236.880940503,236.880962433,4.10533951218,4.10533989225,7.82413455005e-06,2.0763688453e-05,-48.7817568835,-231.80362415,OK
563131,2,63131,37.590881654,125,546.794889329,108.958993784,2.41265892685,0.0904048580716,1615.90515371,1.08734098852,1.1778694487917907,0.0659732980838,0.230121382975,0.590127452161,4.62371794997,-4.86509785641,-5399.372715308624,-6819.484038611063,1,1,1,24.43285692132688,563131,563131,0.0628328,0.0944787,0.00258081,5.189928877401981,True,True,181.78515663142343,,True,NUCLEATED,42,8,,CSV_VERIFIED,0,3,1,1,0,1_STEP,CLEAN,0->2,1,1,0,0,0,125.869429381,125.869429381,2.21517699525,1.04890995423e-05,278.823073451,278.823064371,2.21517706738,2.21517699525,-8.34288316559e-06,-6.35747667668e-06,-276.584177706,-35.2632802113,49.5284295508,139.870592329,-0.129407670851,0.437720645171,206.481507178,2.14309790928e-05,306.344886796,306.344870607,6.18523319989,6.18523287303,-1.39016491485e-05,-1.63104572538e-05,-302.885231907,-45.9099766785,OK
565697,2,65697,33.4629203346,125,413.670299063,416.239934409,3.75443226321,-0.134640371707,25.6722389891,1.44553838937,1.3104878688309252,0.311757366706,0.272386019584,5.84369945109,-2.89650715737,-2.82602772483,-3951.837746508299,-7931.9095012089265,1,1,1,9.667305193894485,565697,565697,-0.0182821,0.012145,0.00012248,0.29035152204393505,True,True,168.4462996371354,,True,NUCLEATED,38,7,,CSV_VERIFIED,0,3,1,1,0,1_STEP,CLEAN,0->1,1,1,0,0,0,80.1674354718,80.1674354718,2.78360231927,2.31287620913e-05,223.154236208,223.15425931,2.78360203111,2.78360231927,-6.27596933137e-06,-2.22609937969e-05,50.0386198261,217.471721526,39.1713023296,139.777358941,-0.222641059024,0.540403903041,105.893532674,2.22316406517e-05,243.893270117,243.893262207,6.22632528438,6.22632508246,-1.81881769099e-05,1.27842116206e-05,60.0838677508,236.37651331,OK
568773,2,68773,96.1748359188,125,412.638933472,413.555958817,2.46069812647,0.102626089541,1881.7621242,1.08198748724,1.1847945809067821,0.702394082657,0.259047684877,5.68841292381,-2.74953726725,-2.72449788408,-3949.2236867790934,-6881.955289170205,1,1,1,10.095044212535084,568773,568773,-0.0180645,0.00429526,4.35508e-05,0.4596380820831012,True,True,174.6035847942086,,True,NUCLEATED,38,7,,CSV_VERIFIED,0,2,1,1,0,1_STEP,CLEAN,0->1,1,1,0,0,0,83.7860106995,83.7860106995,2.6175611554,2.09110218473e-05,219.314987278,219.315006973,2.61756092034,2.6175611554,-1.60724496599e-06,-2.08491630124e-05,89.3656870135,200.281895411,53.4793463189,140.000000318,3.18136500255e-07,0.163191631692,160.39200818,1.16724779954e-05,240.875484512,240.87549611,4.50408430716,4.50408452402,-3.19231079827e-06,-1.12274616152e-05,91.6920699928,222.741023028,OK
570105,2,70105,112.344742107,125,422.997896913,418.241945603,2.97317446355,0.139453217906,1943.06580187,1.10643224632,1.2463414619185031,1.21082032559,0.264302171704,5.74067313465,-2.71820383571,-2.85042988274,-2622.8221644851483,-7060.008016388045,1,1,1,11.090095119558253,570105,570105,-0.0175126,-0.0225696,-0.000223197,2.40608958108993,True,True,171.0817576706038,,True,NUCLEATED,40,7,,CSV_VERIFIED,0,2,1,1,0,1_STEP,CLEAN,0->1,1,1,0,0,0,82.2486168826,82.2486168826,2.67672971836,1.05282991381e-05,220.157325975,220.157317103,2.67672982623,2.67672971836,2.39067173207e-06,-1.02532810072e-05,-73.3161986983,-207.590903435,48.6023636093,139.990431053,-0.00956894732019,0.233391241863,130.85210335,1.93005689352e-05,241.958978659,241.958991864,4.97833769165,4.97833796333,1.75629200497e-05,8.00348677459e-06,-77.4555388634,-229.226496839,OK
574148,2,74148,71.7082912541,125,419.497426198,428.554977301,9.04757326582,-0.104929769351,138.651987858,1.56583953406,1.4607162537811713,5.32327993813,0.261089716467,6.05665957268,-3.14083643603,-2.88697702752,-1551.7639213079115,-7799.917981784584,1,1,1,20.13084851045471,574148,574148,-0.0191378,0.0445568,0.000430634,1.5238363133119877,True,True,165.96311922584155,,True,NUCLEATED,39,7,,CSV_VERIFIED,0,2,1,1,0,1_STEP,CLEAN,0->1,1,1,0,0,0,80.4692614136,80.4692614136,2.63541573537,1.93231451962e-05,212.069977045,212.069957743,2.63541597523,2.63541573537,-2.31523765525e-06,-1.91839415886e-05,-15.5091241522,-211.502109284,47.0577022076,139.969210551,-0.0307894490389,0.243825592142,92.6656398603,6.8576156329e-06,239.829935646,239.829929679,5.09650757251,5.09650744571,2.72853233978e-06,-6.29142300592e-06,-25.4088209123,-238.480166579,OK
574993,2,74993,64.0154734494,125,554.590322698,114.786294162,4.13649722809,-0.228028406132,884.025829281,1.56364916365,1.3335969045710554,0.132217162633,0.2695377942,0.377453804196,4.710971039,-5.0185065439,1437.0977000057615,-7608.449990322025,1,1,1,24.85491551388722,574993,574993,0.0608965,0.0605468,0.00130997,3.4355793606656246,True,True,173.0842241808166,,True,NUCLEATED,42,8,,CSV_VERIFIED,0,2,1,1,0,1_STEP,CLEAN,0->1,1,1,0,0,0,83.4469129361,83.4469129361,2.65938680405,5.0364370782e-06,221.91762243,221.917619101,2.65938684395,2.65938680405,4.41227964399e-06,2.42847416825e-06,48.2320311039,216.61279353,56.3344041046,139.875096357,-0.124903642598,0.121771056649,270.905587643,2.0112564662e-05,240.591367749,240.591385998,4.27077150408,4.27077182801,-1.24105392082e-05,-1.58269950984e-05,55.0903263442,234.199193378,OK
576160,2,76160,111.483598816,125,543.833743036,105.735460123,9.62107730004,0.481927357421,997.550380374,0.964376709765,1.4672297443813078,5.98246920289,0.241911645032,0.449735028007,4.67804147969,-4.72691431836,-4336.813093379071,-7267.481671593014,1,1,1,23.98656094246206,576160,576160,0.0640757,0.11329,0.00334694,7.557621368622891,True,True,164.54414953689812,,True,NUCLEATED,42,8,,CSV_VERIFIED,0,2,1,1,0,1_STEP,CLEAN,0->1,1,1,0,0,0,82.3924488975,82.3924488975,2.5904843793,2.02913884146e-05,213.436331986,213.436351841,2.59048413832,2.5904843793,-6.52437804919e-06,-1.92138734998e-05,25.4505026638,211.913519451,52.6115246007,139.999360559,-0.000639441418627,0.156665226657,151.410543687,2.05933641437e-05,238.903069451,238.903048919,4.54088854607,4.54088815583,3.82730658192e-06,2.02345835411e-05,26.0276577406,237.481025822,OK
576296,2,76296,113.774157056,125,411.829952137,420.443904352,2.29903471713,0.444051692084,2977.73404466,0.700399864044,1.1605154689735366,0.796196214784,0.250801302802,5.76734044198,-2.90503535311,-2.66810074971,-1928.2438600657406,-6021.083679480364,1,1,1,10.238832743690256,576296,576296,-0.0189988,0.0413282,0.000413457,1.2610563629675233,True,True,181.4874390294391,,True,NUCLEATED,39,7,,CSV_VERIFIED,0,2,1,1,0,1_STEP,CLEAN,0->1,1,1,0,0,0,82.9203871833,82.9203871833,2.63935629189,9.95030026566e-06,218.856450016,218.856445638,2.63935634469,2.63935629189,-6.24294414603e-06,7.74816905897e-06,92.6307886982,198.286869708,55.7163143401,139.973580393,-0.0264196071249,0.132404683426,296.78891138,1.99462545671e-05,239.755093082,239.755112111,4.30313985986,4.3031402014,-2.20226782482e-06,-1.98243054779e-05,96.6827337873,219.396794977,OK
579473,2,79473,68.7495754982,125,539.380082829,117.227925577,5.33235220077,0.100565289095,857.058365386,1.28467947506,1.385415049392996,0.498284118645,0.249677884557,0.645154179488,4.4315051516,-4.72932792452,-6094.595353218021,-7494.412804089973,1,1,1,23.696148256243493,579473,579473,0.0585196,0.0448098,0.000804342,3.5899775521123756,True,True,171.1047468630453,,True,NUCLEATED,42,8,,CSV_VERIFIED,0,2,1,1,0,1_STEP,CLEAN,0->1,1,1,0,0,0,83.7193419087,83.7193419087,2.6366094615,5.76876470898e-06,220.735203259,220.735208987,2.63660939308,2.6366094615,-2.01032904549e-06,-5.40714558676e-06,52.015159358,214.51912072,53.3740045507,139.593396712,-0.40660328755,0.164668827019,186.638908244,1.06787574128e-05,241.544678802,241.544689233,4.52551163878,4.52551183419,-4.23983718273e-06,-9.80100201741e-06,46.1097143561,237.102775395,OK
580950,2,80950,91.7018006099,125,414.786400492,431.286982614,4.25986872921,-0.493881066776,947.242666224,1.85676976135,1.3402222268078083,1.56557538648,0.258536383295,5.9320204025,-3.23404836761,-2.77265953359,3702.8464783209,-7073.821712842436,1,1,1,11.58605799974254,580950,580950,-0.0199768,0.0820217,0.000792478,6.809547819850197,True,True,169.0646298223108,,True,NUCLEATED,39,7,,CSV_VERIFIED,0,2,1,1,0,1_STEP,CLEAN,0->1,1,1,0,0,0,77.6284391531,77.6284391531,2.82927515048,1.42907716998e-05,219.632201896,219.632213867,2.82927499628,2.82927515048,1.00530455157e-05,1.01568908449e-05,-44.1532694029,-215.148304457,47.8731749039,139.981995266,-0.018004733597,0.204972650463,178.077662159,1.80338069908e-05,241.081087506,241.081070253,5.03582826897,5.03582790858,1.27099816949e-06,-1.79889621222e-05,-53.7396502761,-235.015192576,OK
580972,2,80972,65.0488318214,125,401.499678279,398.388805476,3.9402798688,0.332733153951,845.202629859,0.983054268418,1.3222546630835927,1.20265514225,0.209439606874,5.55113710733,-2.52297658296,-2.60521438221,-10894.781266083353,-6513.641206966485,1,1,1,10.825835350240464,580972,580972,-0.017392,-0.0138468,-0.000151103,1.5621172381723454,True,True,168.77266850582865,,True,NUCLEATED,38,7,,CSV_VERIFIED,0,2,1,1,0,1_STEP,CLEAN,0->1,1,1,0,0,0,74.0919967904,74.0919967904,2.98506596174,1.40865362184e-05,221.169505953,221.169497657,2.98506607371,2.98506596174,1.3488962451e-05,4.05935889366e-06,73.2224425866,208.696967551,40.7262572417,140.83970125,0.83970125028,0.383516192574,16.6464833143,1.39071405432e-05,243.265950179,243.265955691,5.97319681833,5.9731969537,-1.37484758682e-05,-2.09474804983e-06,61.6926738073,235.313273138,OK
582520,2,82520,72.6266002166,125,441.837296851,434.337614953,10.0214928325,-0.20574136269,127.167039559,1.67856123959,1.471340022743847,6.90542201431,0.258556997967,6.02830799259,-2.98749153333,-3.20465833634,4123.076562517156,-7684.7210657601145,1,1,1,24.22394503754295,582520,582520,-0.0174491,-0.037352,-0.000342364,4.354319664911204,True,True,166.14303408728978,,True,NUCLEATED,40,7,,CSV_VERIFIED,0,2,1,1,0,1_STEP,CLEAN,0->1,1,1,0,0,0,78.3607092593,78.3607092593,2.64606651774,3.89986119957e-05,207.347687135,207.347649077,2.64606700341,2.64606651774,-7.04825813644e-06,3.83564048737e-05,7.96711382637,207.194566669,52.3527351081,140.025223996,0.0252239963184,0.145908210145,210.773310665,3.90414238267e-05,235.219479068,235.219441568,4.49297402671,4.4929733104,-7.65145577895e-06,3.82843048634e-05,19.8790825457,234.37795419,OK
583413,2,83413,105.351087878,125,555.662363409,123.678873034,2.67026024648,-0.073529345375,2016.61997607,1.28606394172,1.212468177764833,0.815647181765,0.273448355296,0.465464432903,4.6980608395,-5.00067002422,-1972.2295797310862,-7107.19799282406,1,1,1,24.863596184569435,583413,583413,0.0572403,0.00776701,-0.000391633,7.003170999080061,True,True,176.3058039241908,,True,NUCLEATED,38,8,,CSV_VERIFIED,0,2,1,1,0,1_STEP,CLEAN,0->1,1,1,0,0,0,82.8939358014,82.8939358014,2.68416738425,2.56856944714e-05,222.501224443,222.50119883,2.68416769323,2.68416738425,7.47867045456e-06,2.45728384341e-05,80.6794625223,207.358672849,48.5371541668,140.002976269,0.00297626871165,0.233834783781,129.863212128,1.27561749524e-05,242.808047366,242.808058926,5.00251923571,5.00251947387,9.873979054e-07,-1.27179025312e-05,85.3279266593,227.321122639,OK
585046,2,85046,80.7036477857,125,387.906225706,378.719124607,8.02407939407,0.154977514307,559.423194238,1.2912059972,1.4468106898131061,2.93687529817,0.249391583094,4.99028982278,-2.17837491846,-2.41114194201,-8811.34059141221,-7546.425816944299,1,1,1,13.561494503856881,585046,585046,-0.0163516,-0.0380944,-0.000451036,4.597088744965333,True,True,166.39605495342732,,True,NUCLEATED,40,7,,CSV_VERIFIED,0,2,1,1,0,1_STEP,CLEAN,0->1,1,1,0,0,0,91.5532686238,91.5532686238,2.25082453815,1.31100076189e-05,206.070333176,206.070343567,2.25082442466,2.25082453815,-6.19541525351e-06,1.15537495906e-05,-33.5634936591,-203.31865165,71.491910561,140.554463125,0.554463125258,0.0526024087278,284.885287698,2.80749458708e-05,231.051943899,231.051918596,3.23186136846,3.23186101453,8.56665741677e-06,-2.67360237573e-05,-31.7918425399,-228.854275747,OK
585831,2,85831,86.5215089788,125,376.194311658,381.844267407,9.04547651087,0.38968909482,721.401993145,1.06039696729,1.4606909427624701,3.97295238242,0.22752758484,5.23449212071,-2.37098868738,-2.22944316461,-13879.813985670477,-6953.301021621177,1,1,1,16.156733219463348,585831,585831,-0.0181418,0.0238076,0.000281796,0.3791707601008515,True,True,166.0904969754768,,True,NUCLEATED,39,7,,CSV_VERIFIED,0,2,1,1,0,1_STEP,CLEAN,0->1,1,1,0,0,0,81.2778791518,81.2778791518,2.64694232336,1.57929040053e-05,215.137846299,215.13785828,2.64694217596,2.64694232336,8.24860645423e-06,-1.34676021802e-05,34.3004192118,212.385908554,50.0087254553,139.953983049,-0.0460169514328,0.195749352914,148.537512007,2.1587680376e-05,240.477287821,240.477279943,4.80870659334,4.8087064358,2.08872065406e-05,5.45458953047e-06,28.3422013694,238.80126796,OK
586144,2,86144,69.2040542623,125,401.227799126,389.139461389,6.26704343292,0.153019003573,648.156847429,1.25894282091,1.4125653575407844,1.16287299374,0.245731887481,5.27181903266,-2.27559395612,-2.59135264411,-8758.065550593132,-7451.489802289185,1,1,1,10.494621702624302,586144,586144,-0.0162209,-0.0519747,-0.000581441,7.0687394134179575,True,True,166.77162015501926,,True,NUCLEATED,40,7,,CSV_VERIFIED,0,2,1,1,0,1_STEP,CLEAN,0->1,1,1,0,0,0,84.4120838546,84.4120838546,2.57276968707,2.15394353304e-05,217.172869615,217.172850564,2.57276991277,2.57276968707,1.39940054517e-05,1.63742201577e-05,47.7758655337,211.852594908,56.6073978496,140.178913304,0.178913303539,0.134002349323,252.088499403,3.55316821332e-05,239.707721936,239.707686935,4.23456528725,4.23456466895,1.19203897076e-05,3.34724475417e-05,40.3223996472,236.291972023,OK
587081,2,87081,99.4552872075,125,547.183380125,111.901861679,2.37996277744,-0.429283862594,1122.27642047,1.61671960442,1.1730198927736013,0.796462671531,0.294377070304,0.349746566619,4.58569843326,-4.89568251849,-1967.851653645193,-7279.666290658139,1,1,1,24.20819098861071,587081,587081,0.0615327,0.0769601,0.00191819,3.8703521132213345,True,True,199.51426933662881,,True,NUCLEATED,42,8,,CSV_VERIFIED,0,2,1,1,0,1_STEP,CLEAN,0->1,1,1,0,0,0,80.5995375505,80.5995375505,2.77103127266,1.43613931077e-05,223.343824887,223.343839114,2.77103109613,2.77103127266,3.65753867343e-06,1.38878372271e-05,-85.7529841868,-206.225337478,47.3857176953,140.095351945,0.0953519450129,0.236322172828,180.067650679,2.6341033888e-06,242.897535828,242.897534795,5.12596511441,5.12596509262,1.83686331724e-06,-1.88797081987e-06,-93.7632663687,-224.070664726,OK
592342,2,92342,97.9878629124,125,557.961965763,122.562112315,2.37434634826,-0.38003132762,3087.23874363,1.56200559075,1.1721754258497354,0.249188103834,0.278689451368,0.356278266216,4.79061792548,-5.00183642916,2466.273168666771,-6523.169266298488,1,1,1,24.943023404653978,592342,592342,0.0578932,0.0144059,-0.000192863,6.1616768447713826,True,True,190.76557024447877,,True,NUCLEATED,38,8,,CSV_VERIFIED,0,2,1,1,0,1_STEP,CLEAN,0->1,1,1,0,0,0,82.2189556033,82.2189556033,2.71479523082,1.70177187241e-05,223.207620111,223.207628555,2.71479512812,2.71479523082,1.02798553916e-05,-1.35619808177e-05,87.5414891386,205.324448995,52.1535501303,140.003922701,0.00392270071461,0.162679941599,241.837457865,5.70234385565e-06,241.897581296,241.897582576,4.63818053981,4.63818056434,-5.61866948167e-06,9.73282437824e-07,93.7260065025,223.00196309,OK
592767,2,92767,43.1873712717,125,361.330300161,380.214543692,15.0860970124,0.0918220559683,72.7402410018,1.41265538092,1.5046069586418263,4.18922739698,0.253586766875,5.29527005825,-2.60202962272,-2.13922595361,-16147.18902691077,-7707.973676255982,1,1,1,16.597355244688647,592767,592767,-0.0197102,0.0794367,0.00097466,6.323981054429555,True,True,166.19996398555324,,True,NUCLEATED,39,7,,CSV_VERIFIED,0,3,1,1,0,1_STEP,CLEAN,0->2,1,1,0,0,0,86.6090561427,86.6090561427,2.42939960888,1.41834461119e-05,210.408010329,210.408007118,2.42939964595,2.42939960888,-1.30848179338e-05,5.47336123862e-06,35.1491796868,207.451358101,61.7059822248,140.238290898,0.238290897774,0.093908900423,296.18660556,2.12852294097e-05,235.974212292,235.974224914,3.82417074948,3.82417095403,-1.82752231587e-05,-1.09122504336e-05,22.7312926145,234.876812825,OK
593527,2,93527,70.6317139702,125,397.699306583,400.081456335,4.25076825546,0.384294179228,1256.15953435,0.945302782211,1.3397459546229873,1.03838843692,0.203746572815,5.57113063073,-2.58329116839,-2.52048353913,-9707.704744726641,-6287.735384740285,1,1,1,10.513253375552422,593527,593527,-0.0180379,0.0106821,0.000115233,0.3132421011147267,True,True,168.13949766411378,,True,NUCLEATED,38,7,,CSV_VERIFIED,0,2,1,1,0,1_STEP,CLEAN,0->1,1,1,0,0,0,74.5023358514,74.5023358514,2.95810601281,4.33733694701e-05,220.385827071,220.38580765,2.95810627348,2.95810601281,-4.28991143425e-05,-6.39649652717e-06,-68.5386674352,-209.457307917,42.9831932198,139.670962868,-0.329037131964,0.307454817376,180.815400146,4.16977870161e-06,242.785091238,242.785094319,5.64837260918,5.64837268085,3.46043135513e-06,2.32647141759e-06,-57.5701158739,-235.860726459,OK
594548,2,94548,61.9524659682,125,540.50861865,110.830346175,3.36467660243,0.320271350847,1456.89590582,0.955889456377,1.281905368573391,0.582035766857,0.202671051542,0.653882527846,4.50984560185,-4.73948354092,-8322.312375631418,-6243.563101937257,1,1,1,23.892024354297973,594548,594548,0.0614319,0.08245,0.00214694,4.181765065115956,True,True,175.06525908500765,,True,NUCLEATED,42,8,,CSV_VERIFIED,0,2,1,1,0,1_STEP,CLEAN,0->1,1,1,0,0,0,76.7969165877,76.7969165877,2.78936096981,9.63367683387e-06,214.214313821,214.214321731,2.7893608668,2.78936096981,8.36631408692e-06,4.7762451715e-06,-92.1352696137,-193.387859854,50.0913256123,140.257812665,0.257812665253,0.169279240687,291.50743175,1.45988040177e-05,241.106309725,241.106321885,4.81333457995,4.81333482271,1.13672939423e-05,9.16022418805e-06,-72.6702119208,-229.894090591,OK
598673,2,98673,53.6484022939,125,405.359467363,407.411938168,2.95076204281,0.331149843609,1361.75604396,0.906526282362,1.24404819654361,0.594202069892,0.190101263474,5.74795776617,-2.69636072923,-2.64122854666,-8971.745459278933,-5977.193276628058,1,1,1,9.996862248125193,598673,598673,-0.0181054,0.00942835,9.84946e-05,0.33104421267210005,True,True,172.31763545022096,,True,NUCLEATED,38,7,,CSV_VERIFIED,0,2,1,1,0,1_STEP,CLEAN,0->1,1,1,0,0,0,74.6109107513,74.6109107513,2.64916938527,4.17017915382e-05,197.656981951,197.656940569,2.64916993989,2.64916938527,2.95903910398e-05,2.93844886906e-05,121.93954604,155.560372928,45.3043549266,140.074483932,0.0744839318589,0.235362931619,131.412793527,2.00176263617e-05,241.423889106,241.423895098,5.32893337732,5.32893350958,-1.99987236544e-05,8.69722572301e-07,82.2027960845,226.998225868,OK
600776,2,100776,63.6180995565,125,510.348379034,121.174763672,2.76646008707,0.25426792692,2758.40027733,0.966846881244,1.2239375578678537,0.021472908283,0.203540245143,0.62242162306,3.96121541659,-4.16133546687,-3745.419082731052,-5926.5768976168,1,1,1,21.0288588568618,600776,600776,0.0542428,0.0208284,4.71018e-05,4.932742167711657,True,True,174.0992331117811,,True,NUCLEATED,38,8,,CSV_VERIFIED,0,3,1,1,0,1_STEP,CLEAN,0->2,1,1,0,0,0,126.793239406,126.793239406,2.21963223642,3.15794445333e-05,281.43433351,281.434361545,2.21963201531,2.21963223642,-2.52335808234e-05,-1.89875674024e-05,277.53069855,46.7118340513,89.2967727653,139.96075889,-0.0392411101671,0.0350939011628,13.7641669362,1.3877646057e-05,304.061515555,304.061502822,3.40506723971,3.40506709712,1.34759883095e-05,-3.31463409219e-06,299.789449371,50.7906614202,OK
605737,2,105737,88.3900875946,125,409.569108,411.852537384,2.51249319572,-0.371331032392,269.494052861,1.57244789514,1.1920057557118342,0.862265749208,0.297044116689,5.59229144667,-2.82096978141,-2.75898094138,-3213.103944422304,-7702.660102343336,1,1,1,10.145441120534503,605737,605737,-0.0181921,0.0106417,0.000109226,0.30985452205250824,True,True,190.392046065538,,True,NUCLEATED,37,7,,CSV_VERIFIED,0,3,1,1,0,1_STEP,CLEAN,0->2,1,1,0,0,0,79.1531646747,79.1531646747,2.81238624363,4.68561250549e-06,222.609267596,222.609271471,2.81238619468,2.81238624363,3.84766580653e-06,2.67402924309e-06,-79.7630745313,-207.828626423,47.2588332189,139.87180198,-0.128198020475,0.235264700888,290.862047324,5.67474875421e-06,242.260342522,242.26034732,5.12624468318,5.12624478471,-1.06033159681e-06,5.57480675255e-06,-88.8152704177,-225.392815545,OK
606893,2,106893,36.5426900647,125,390.871427862,390.982802665,24.305459494,0.0189669096016,46.6563846968,1.51070845143,1.5296764984173803,2.47292972191,0.257748491625,5.377977866,-2.50873663804,-2.50585875911,-9969.088544830167,-7802.435616684478,1,1,1,12.987442151028397,606893,606893,-0.0176401,0.000483838,4.19531e-06,0.621396200963034,True,True,165.87696541422966,,True,NUCLEATED,38,7,,CSV_VERIFIED,0,2,1,1,0,1_STEP,CLEAN,0->1,1,1,0,0,0,86.5657685279,86.5657685279,2.48218099762,3.01132316667e-05,214.871932759,214.871905684,2.48218131038,2.48218099762,1.5605755887e-05,2.57539725985e-05,19.679393953,213.968850399,57.4734003077,140.079057106,0.0790571064372,0.128748204217,281.266393765,1.47016960055e-05,239.014889343,239.014883361,4.15870451484,4.15870441076,1.37013053749e-05,5.33048745055e-06,11.4748979612,238.739280481,OK
606953,2,106953,106.72114018,125,431.54656806,423.665015817,10.1234061115,0.141395302942,1141.97549644,1.33046403077,1.4723347676169771,0.117465216156,0.254829195973,5.90455760239,-2.66174505368,-2.88450910872,789.5560910101103,-7628.071687511656,1,1,1,9.708132084166543,606953,606953,-0.0172574,-0.0380018,-0.000364928,4.476333075755901,True,True,165.6873396898406,,True,NUCLEATED,40,7,,CSV_VERIFIED,0,2,1,1,0,1_STEP,CLEAN,0->1,1,1,0,0,0,82.0987347041,82.0987347041,2.70386545404,2.31465673797e-05,221.983955433,221.983932586,2.70386573232,2.70386545404,6.18948033487e-06,2.23036749135e-05,24.2604697181,220.654268209,51.3624433342,139.998497809,-0.00150219123594,0.185504221434,195.360283004,9.75039453521e-06,241.675360676,241.675367321,4.70529330358,4.70529343297,6.43580456784e-06,-7.32465788667e-06,24.1265223589,240.46806623,OK
607264,2,107264,104.337461532,125,270.130665708,277.470276799,7.6477041325,0.309694787556,1537.00157569,1.1259037773,1.4407757991832315,0.00926821066782,0.244482088767,2.58349599433,-1.14107713005,-1.0082468719,-1166.5173567330858,-7293.048443914279,1,1,1,4.421970890678678,607264,607264,-0.0159581,0.019032,0.000390795,0.3290598095463139,True,True,165.7605293718213,,True,NUCLEATED,39,7,,CSV_VERIFIED,0,3,2,1,0,1_STEP,CLEAN,0->2,1,1,1,0,0,249.692192941,249.692192941,3.15375081939,5.97575501585e-06,787.466959696,787.466958082,3.15375082586,3.15375081939,1.56408644961e-06,5.76743284205e-06,787.437529078,6.8081137203,141.225196828,139.983326405,-0.0166735946742,0.185545594155,193.589157399,1.68346036931e-05,897.78390805,897.783924727,6.35710856287,6.35710868096,-1.66602012832e-05,-2.41693498193e-06,897.761200652,6.38530793744,OK
607892,2,107892,42.787860012,125,427.400590297,420.715225907,17.8526762348,-0.0448625180923,48.6632056353,1.559718369,1.5148407885405109,5.09155208806,0.258933043598,5.88055289926,-2.8167731469,-3.00416039246,-1411.4144226048684,-7813.2072372208195,1,1,1,19.538679184744286,607892,607892,-0.0173415,-0.0319529,-0.000311501,3.5836010996408425,True,True,166.02811140944974,,True,NUCLEATED,40,7,,CSV_VERIFIED,0,2,1,1,0,1_STEP,CLEAN,0->1,1,1,0,0,0,82.6586286234,82.6586286234,2.54701977926,9.32395231576e-06,210.533163964,210.53316203,2.54701980265,2.54701977926,-9.07423902871e-06,2.1434254912e-06,4.85537651568,210.477168471,56.6869122046,139.99725833,-0.00274166962174,0.117296682718,265.168928503,2.28219902328e-05,235.895944362,235.895923277,4.16138285167,4.16138247971,-7.74845035046e-06,2.14663633471e-05,10.9010494916,235.643934118,OK
609794,2,109794,104.726752651,125,419.545617348,432.504173098,3.84104912035,0.293841375497,2860.09649437,1.01786147948,1.3161046367454545,0.329699775521,0.239892299312,6.12939215247,-3.07969479102,-2.7147884948,862.1037211348939,-6696.545841581513,1,1,1,10.034466075735892,609794,609794,-0.019602,0.0645823,0.000617297,3.834909485482681,True,True,168.38267075087688,,True,NUCLEATED,39,7,,CSV_VERIFIED,0,2,1,1,0,1_STEP,CLEAN,0->1,1,1,0,0,0,80.782089359,80.782089359,2.74460606066,2.18817203162e-05,221.715033753,221.715012048,2.74460632935,2.74460606066,-3.31420118139e-06,-2.16292800279e-05,-61.1095789246,-213.127134724,47.1511022412,140.265968857,0.265968857444,0.251961857149,178.728183971,2.58501049646e-05,242.4656829,242.465657843,5.1423120855,5.14231155409,-1.25211000608e-05,-2.26152598912e-05,-61.6886963422,-234.486912487,OK
610152,2,110152,78.7636386575,125,376.498837581,382.838957599,6.56608781525,0.248613874957,1.08270724596,1.1684110762,1.41966001154532,5.57029373238,0.239752609846,5.22063291166,-2.50136635214,-2.34225825658,-14962.546603045392,-7348.414947535718,1,1,1,19.98338829189024,610152,610152,-0.0182389,0.0268171,0.000316552,0.46492473120978106,True,True,166.99265074595945,,True,NUCLEATED,39,7,,CSV_VERIFIED,0,3,2,1,0,1_STEP,CLEAN,0->2,1,1,1,0,0,85.4049061065,85.4049061065,2.45750457612,3.54188232111e-05,209.882912873,209.88294758,2.45750416973,2.45750457612,1.58322163673e-07,-3.54184693592e-05,40.9323973973,205.852801679,50.4379886935,139.839282453,-0.160717546927,0.201418435586,204.734468461,1.38408621656e-05,239.946158242,239.946153535,4.75725072425,4.75725063093,-1.20959049655e-05,6.72744740234e-06,38.3689259741,236.858574628,OK
611213,2,111213,36.165608635,125,412.618152852,418.428235658,3.59385782487,0.182452070481,747.967392814,1.11592898582,1.2994087945788848,0.318110484996,0.225280009982,6.09999976107,-2.92508467923,-2.76550875443,-9501.218090693592,-7008.7557682235065,1,1,1,10.091045785068006,611213,611213,-0.0186661,0.0276775,0.000278073,0.4937800872742771,True,True,169.27584797406695,,True,NUCLEATED,39,7,,CSV_VERIFIED,0,3,1,1,0,1_STEP,CLEAN,0->2,1,1,0,0,0,108.100724128,108.100724128,1.95596392991,1.19757337428e-05,211.441127972,211.441117191,1.95596402964,1.95596392991,-1.01060413904e-05,-6.42542808639e-06,-210.02266274,-24.4505978175,73.5911972988,139.745313725,-0.254686275184,0.0458529272145,2.52694370477,1.86429281537e-05,232.15574979,232.15573261,3.15466738295,3.15466714949,-1.59421167911e-05,-9.66476499266e-06,-229.677862882,-33.8285598658,OK
611830,2,111830,30.9286400932,125,434.616574477,447.21780813,3.52498318697,0.228983605788,1037.47309605,1.06333640974,1.294369827525346,0.169391873765,0.211872364902,6.93674418202,-3.42330249479,-3.05605412745,-9533.481605854791,-6669.848717463335,1,1,1,11.022276496270957,611830,611830,-0.0197012,0.0655441,0.000588249,3.9763085628083585,True,True,169.438412077575,,True,NUCLEATED,39,7,,CSV_VERIFIED,0,3,1,1,0,1_STEP,CLEAN,0->2,1,1,0,0,0,125.273583092,125.273583092,2.00679731221,1.99480164107e-05,251.398706412,251.398689841,2.00679744449,2.00679731221,-1.57401626797e-05,-1.22544129822e-05,-250.763397951,-17.8613502802,84.3390896055,140.000004101,4.10088017588e-06,0.0566570793335,221.06645059,1.41033381446e-05,275.947415906,275.947406569,3.27188041983,3.27188030912,-1.0107005606e-05,9.83628916316e-06,-275.163023465,-20.7915093971,OK
615189,2,115189,101.694551133,125,536.496955301,115.060592494,2.46545356227,0.422957538178,2100.76527258,0.748760817324,1.185467513139725,0.935448152506,0.229722570235,0.462858133861,4.41837733873,-4.65657946944,-4656.695357195216,-6077.2070399776585,1,1,1,23.269351219639333,615189,615189,0.0592019,0.0571746,0.00123783,3.3397635424298215,True,True,181.4620206951841,,True,NUCLEATED,42,8,,CSV_VERIFIED,0,2,1,1,0,1_STEP,CLEAN,0->1,1,1,0,0,0,83.7689327291,83.7689327291,2.60632423984,1.89300991594e-05,218.328982047,218.328999917,2.60632402651,2.60632423984,-1.3043147393e-05,-1.37195102052e-05,89.7933107849,199.009310687,55.5614394581,139.971890416,-0.0281095842693,0.132025792698,268.151746374,1.26682691375e-05,240.342415599,240.342417118,4.32570534427,4.32570537161,-1.22038129134e-05,3.39882234254e-06,91.786388911,222.12549504,OK
616046,2,116046,93.3365185779,125,547.046245151,119.133282463,3.37975082649,-0.0382345152572,761.109688481,1.32136764235,1.2831238052555287,1.34676042643,0.269182280999,0.523273989576,4.52230277007,-4.89890336856,-4788.733539022343,-7621.325656482217,1,1,1,24.26458963541104,616046,616046,0.0583797,0.0341851,0.000439176,4.192217162480622,True,True,176.64611821307884,,True,NUCLEATED,42,8,,CSV_VERIFIED,0,2,1,1,0,1_STEP,CLEAN,0->1,1,1,0,0,0,83.1289693996,83.1289693996,2.66554219612,2.81973593022e-05,221.583749268,221.583775655,2.6655418787,2.66554219612,1.71958268237e-05,2.23471387758e-05,-64.5505428917,-211.973076951,47.5977381851,139.995844468,-0.00415553236851,0.257591596394,165.701766177,1.34588573959e-05,242.88930678,242.889296179,5.10295900691,5.1029587842,-1.09638003551e-05,-7.80614656377e-06,-69.0358146576,-232.871792286,OK
616228,2,116228,60.5819766674,125,450.002193666,447.54384464,7.00205442305,0.439752138758,836.350177225,0.973617672214,1.4289403488372077,1.31781030771,0.197710745933,7.17715616989,-3.17458851289,-3.24751076253,-17330.702093659755,-6199.977868921332,1,1,1,13.57855144273728,616228,616228,-0.0181386,-0.0127424,-0.000110617,1.4198422668587585,True,True,166.33560368775485,,True,NUCLEATED,38,7,,CSV_VERIFIED,0,3,1,1,0,1_STEP,CLEAN,0->2,1,1,0,0,0,58.4079241315,58.4079241315,1.89822401666,7.56566595653e-06,110.871320197,110.87132435,1.89822394556,1.89822401666,-3.30047500342e-06,-6.80780185652e-06,109.941110566,14.3318473957,35.3806393986,139.618139264,-0.381860735807,0.0662500348085,170.347506368,2.4008517258e-05,119.130637161,119.130613155,3.36711374317,3.36711306464,2.3687717418e-05,3.91164216849e-06,117.770772596,17.9486443132,OK
617133,2,117133,95.6240052489,125,421.413097557,409.494238448,5.81299882192,0.203251047478,1292.0372027,1.19575841726,1.4004355550170626,1.4389735967,0.247259982679,5.63254993013,-2.47949610381,-2.80679689933,-3916.776663768411,-7345.424173914075,1,1,1,11.494964758253335,617133,617133,-0.0166023,-0.0548827,-0.000558284,7.594784434348587,True,True,166.65241539028088,,True,NUCLEATED,40,7,,CSV_VERIFIED,0,2,1,1,0,1_STEP,CLEAN,0->1,1,1,0,0,0,82.4175082803,82.4175082803,2.65886033883,1.50137331481e-05,219.136632052,219.136643992,2.65886019397,2.65886033883,-6.64511339977e-06,1.34630847485e-05,-42.0046662707,-215.073177125,44.3844317532,140.138525107,0.138525106806,0.33888500083,150.119599216,8.89164186794e-06,242.898801253,242.898795931,5.47261261796,5.47261249805,6.10460064519e-06,-6.46491655557e-06,-41.6637386979,-239.298893704,OK
617741,2,117741,98.5212635982,125,404.199020432,392.200279479,10.2166180352,0.285899810465,688.18460866,1.18328206948,1.4732273712791144,6.13073422952,0.245446253089,5.31929140044,-2.2666235658,-2.58243389348,-8822.74272091288,-7423.897630401037,1,1,1,21.730703405944197,617741,617741,-0.0162883,-0.0521429,-0.000574934,7.091953119358499,True,True,165.9668358462613,,True,NUCLEATED,40,7,,CSV_VERIFIED,0,2,1,1,0,1_STEP,CLEAN,0->1,1,1,0,0,0,86.8974494412,86.8974494412,2.35728277861,1.14562173244e-06,204.841860152,204.841861073,2.35728276801,2.35728277861,7.8732027483e-07,8.32211474738e-07,-24.7232517603,-203.344408561,59.2835790134,140.000002487,2.48698120231e-06,0.0995382939875,90.2210901373,1.52883020415e-05,235.092554392,235.092546683,3.96555940623,3.9655592762,-1.39361777486e-05,-6.28610603412e-06,-24.5801808608,-233.804028706,OK
619443,2,119443,74.6555598169,125,403.878532686,419.386284556,3.23341395713,2.09593664211e-05,1280.6893153,1.27083524942,1.2708562087851234,0.437266513618,0.259832063497,5.90397244463,-3.04241463207,-2.62047707805,-3671.8418891996052,-7416.38781750525,1,1,1,9.815217832556469,619443,619443,-0.019753,0.0743122,0.00075533,5.3848761720355025,True,True,169.97683350659904,,True,NUCLEATED,39,7,,CSV_VERIFIED,0,2,1,1,0,1_STEP,CLEAN,0->1,1,1,0,0,0,83.1974502248,83.1974502248,2.65712905355,2.02958249685e-05,221.066382437,221.066362173,2.65712929711,2.65712905355,7.73541883763e-06,1.87638963587e-05,72.5532530629,208.821385192,48.7285863339,139.912034712,-0.087965287577,0.23944581521,154.51936179,6.21874369831e-06,242.403883664,242.403877678,4.97457246149,4.97457233865,3.3912232572e-06,5.21271311364e-06,72.1931671025,231.403952946,OK
620068,2,120068,98.1361344715,125,412.96085974,415.377334878,8.56298197024,0.163847679905,1074.16606977,1.28995137432,1.4545411657337717,1.09692555695,0.251903068664,5.77713249801,-2.73012891309,-2.66397587411,-2682.2197363951327,-7550.021662568848,1,1,1,10.937950974744249,620068,620068,-0.018254,0.0113895,0.000115238,0.29887024057319056,True,True,165.95553487711567,,True,NUCLEATED,38,7,,CSV_VERIFIED,0,2,1,1,0,1_STEP,CLEAN,0->1,1,1,0,0,0,83.6145904178,83.6145904178,2.61528434434,2.020886508e-05,218.675944664,218.675929279,2.61528452835,2.61528434434,-1.09349739029e-05,1.69948396158e-05,29.1444604868,216.725100525,55.3525704064,139.981318747,-0.0186812529861,0.139789192115,250.082758317,3.79990206488e-05,239.935895679,239.935932102,4.33468389845,4.33468455647,-1.50951619096e-05,-3.48720756077e-05,28.6063733643,238.224493783,OK
620638,2,120638,95.0671069721,125,403.631209961,410.0922921,3.68429670004,0.457141669381,2115.95093592,0.830980641757,1.3057593798485971,1.02009123146,0.213912704957,5.63414321406,-2.72759460752,-2.55383777013,-4262.11993086069,-6186.421235347771,1,1,1,10.476882402792755,620638,620638,-0.0186341,0.0299798,0.000312759,0.5844789782614498,True,True,169.3230831086988,,True,NUCLEATED,39,7,,CSV_VERIFIED,0,2,1,1,0,1_STEP,CLEAN,0->1,1,1,0,0,0,79.8827179228,79.8827179228,2.74787572274,8.69231950737e-06,219.507772554,219.507781246,2.74787561393,2.74787572274,2.69323194642e-06,8.26455807052e-06,-66.063215914,-209.330632528,38.2857565059,139.889844361,-0.110155639339,0.56892058454,173.685450363,1.58680901609e-05,244.046553548,244.046538544,6.37434324983,6.37434285794,1.01981780456e-06,-1.58352851885e-05,-64.4605246372,-235.379610549,OK
621526,2,121526,100.011458091,125,395.498606317,397.840133572,5.40292886157,0.184004373165,442.384863674,1.20272372537,1.3877825694289454,4.16089623196,0.25320030049,5.36436112331,-2.60530014377,-2.54390731273,-8074.360812297431,-7541.325720568083,1,1,1,16.63851389038463,621526,621526,-0.0180004,0.010421,0.000113467,0.3179431445089448,True,True,167.2233059432504,,True,NUCLEATED,38,7,,CSV_VERIFIED,0,2,1,1,0,1_STEP,CLEAN,0->1,1,1,0,0,0,87.0417535299,87.0417535299,2.41388027133,2.19197391873e-05,210.10838719,210.108371628,2.41388045013,2.41388027133,-1.2122024589e-05,1.8262844409e-05,40.7801607167,206.112864372,59.164780252,140.032775166,0.032775165969,0.107534329265,278.937754972,5.93728394355e-06,236.935396003,236.935390072,4.00466958541,4.00466948518,8.16338789468e-07,5.88089547664e-06,43.9992294316,232.814195633,OK
622786,2,122786,105.689499328,125,533.3096897,115.449928128,5.41365393179,0.426748309292,790.82406787,0.947242937858,1.3881371220296959,4.21086648976,0.23855397708,0.562695714979,4.33255966491,-4.62674165122,-7779.335119170682,-7101.997372624067,1,1,1,23.108039998452497,622786,622786,0.0587503,0.0546123,0.00115559,3.3353207552209794,True,True,171.24282773780726,,True,NUCLEATED,42,8,,CSV_VERIFIED,0,2,1,1,0,1_STEP,CLEAN,0->1,1,1,0,0,0,82.9833776659,82.9833776659,2.60297831676,9.20248610333e-06,216.003929724,216.003932715,2.60297828071,2.60297831676,7.92558511676e-06,-4.67662816984e-06,43.348015163,211.609657714,45.9450617912,138.320735442,-1.67926455765,0.284497974736,37.7047388838,6.45852112008e-06,242.176352465,242.176351054,5.27099851483,5.27099848413,-5.9305692525e-06,2.55750726292e-06,45.00872966,237.957138888,OK
623444,2,123444,47.7741562685,125,451.172475211,457.998733896,22.2961924148,-0.126476490033,67.5942659476,1.65279179025,1.5259756569292833,7.11819247712,0.257183359362,6.50543779433,-3.5438388476,-3.33872820375,12462.973184299715,-7740.291513505536,1,1,1,25.04662690627097,623444,623444,-0.0192006,0.0365323,0.000311363,0.9315412198772182,True,True,165.8635929625407,,True,NUCLEATED,39,7,,CSV_VERIFIED,0,2,1,1,0,1_STEP,CLEAN,0->1,1,1,0,0,0,76.1078010014,76.1078010014,2.73922702175,8.99248492098e-06,208.476553918,208.476545069,2.73922713802,2.73922702175,1.68514746264e-06,8.83317967004e-06,2.02964919547,208.466673734,48.1410361602,139.905512391,-0.0944876085752,0.205369929667,158.981588717,9.23090197598e-06,236.231972055,236.231980799,4.90708117018,4.90708135181,2.71918451084e-06,-8.8213143514e-06,6.45669747415,236.143718271,OK
623476,2,123476,106.747820805,125,559.319428763,124.125008112,2.53322907158,-0.0741107393876,2857.8576471,1.26900006537,1.194821316763862,0.555128995819,0.269746071741,0.428997101986,4.79859779763,-5.03123912991,-165.3078002370621,-6734.439392725414,1,1,1,25.119910086969817,623476,623476,0.0573715,0.00517251,-0.000469895,7.421639407250541,True,True,175.44176575499222,,True,NUCLEATED,38,8,,CSV_VERIFIED,0,2,1,1,0,1_STEP,CLEAN,0->1,1,1,0,0,0,83.5474797511,83.5474797511,2.66027989242,2.14481203049e-05,222.259698431,222.259680444,2.6602801077,2.66027989242,3.92710140974e-06,-2.1085533883e-05,-84.8973518968,-205.406458485,52.2419440081,139.999987576,-1.24240322918e-05,0.173050178316,203.696175179,2.23225984299e-05,241.926293417,241.926272418,4.6308822922,4.63088189024,-7.00246176319e-07,-2.23116125808e-05,-89.1641764472,-224.895711576,OK
623792,2,123792,104.822720816,125,425.681725369,439.950901734,6.88311313004,-0.0807747958151,1432.12804029,1.50738553921,1.4265226477257749,0.918464469161,0.259821041228,6.26461070059,-3.23622012762,-2.82800198289,3345.0141025076855,-7616.428485978792,1,1,1,11.112798659101706,623792,623792,-0.0198133,0.0727195,0.000674603,5.111029625798315,True,True,165.91895209775944,,True,NUCLEATED,39,7,,CSV_VERIFIED,0,2,1,1,0,1_STEP,CLEAN,0->1,1,1,0,0,0,81.0491120828,81.0491120828,2.72815215772,4.26946793853e-06,221.114314097,221.11431001,2.72815220814,2.72815215772,6.25408470276e-07,-4.22341339718e-06,-32.2390099528,-218.751425448,47.6594455456,139.959683446,-0.0403165539062,0.242790176791,172.120318057,1.35074433674e-05,242.032442093,242.032455302,5.07837301342,5.07837329057,4.69042044002e-06,1.2666924742e-05,-34.7556717319,-239.523999441,OK
624538,2,124538,104.746605194,125,546.157402612,108.017155798,3.39183021274,-0.0221540875005,347.760300448,1.30624888279,1.2840929826749292,2.08913403873,0.273083875664,0.435963052784,4.56465346741,-4.90788941319,-6457.031571409815,-7724.0218331136175,1,1,1,24.28893822717984,624538,624538,0.0632115,0.100018,0.00280018,5.783931277127774,True,True,180.5943388525633,,True,NUCLEATED,42,8,,CSV_VERIFIED,0,3,1,1,0,1_STEP,CLEAN,0->2,1,1,0,0,0,81.9180248916,81.9180248916,2.70891235609,1.04122379214e-05,221.90874855,221.908749816,2.70891234064,2.70891235609,-1.02644446165e-05,1.74810618818e-06,63.5751750009,212.606890308,40.895633552,139.994657754,-0.00534224604507,0.471360012709,199.926598963,2.21087811009e-05,244.021994508,244.021972631,5.96694495998,5.96694442503,3.14300046231e-06,2.18842351902e-05,69.1969332986,234.005380763,OK
628303,2,128303,98.7058776274,125,555.04491342,114.81545038,4.05925225244,-0.265260291661,1042.68659105,1.59772902697,1.3292551520993687,1.592659337,0.269288799064,0.350221553619,4.72931249885,-5.01661480195,-319.64778018087327,-7533.996202773063,1,1,1,24.85869095717303,628303,628303,0.0609228,0.060416,0.00130428,3.4371259779720496,True,True,173.13949459367703,,True,NUCLEATED,42,8,,CSV_VERIFIED,0,2,1,1,0,1_STEP,CLEAN,0->1,1,1,0,0,0,82.4331301102,82.4331301102,2.68231474837,5.66078572029e-06,221.111603816,221.111600649,2.68231478679,2.68231474837,-3.83802960823e-06,4.16101234046e-06,50.8490950016,215.185294292,51.9888382413,139.987441919,-0.0125580805833,0.169465600536,211.501796009,1.57733844256e-05,241.416335805,241.416351379,4.64361859145,4.64361889101,-6.12750636468e-06,-1.45345561331e-05,57.3293730084,234.510533205,OK
630930,2,130930,100.17960003,125,456.595113599,446.962502129,12.9395718542,-0.319645296299,667.531419713,1.81902244657,1.4936673256631077,4.8310436193,0.253272672695,6.17251010622,-3.01379304179,-3.30143992699,12062.568638438486,-7540.797683620762,1,1,1,19.211929582234887,630930,630930,-0.0174003,-0.0497402,-0.000430681,6.46954973492721,True,True,165.68535114067194,,True,NUCLEATED,40,7,,CSV_VERIFIED,0,2,1,1,0,1_STEP,CLEAN,0->1,1,1,0,0,0,78.5311105613,78.5311105613,2.69168424836,7.54401221253e-06,211.380960064,211.380953304,2.69168433444,2.69168424836,2.95076980887e-06,-6.94298767087e-06,-12.2333857899,-211.026667864,53.8105022053,140.108970687,0.108970686524,0.132226848188,293.585838042,1.93025926852e-05,235.782421948,235.782402935,4.38171755112,4.3817171978,-4.67095329254e-06,-1.87289156042e-05,-16.6751650389,-235.192026588,OK
633426,2,133426,101.831308216,125,422.317455906,412.649302436,4.23824661794,0.41827587649,2415.678052,0.90754112567,1.3390874688922958,0.665408302606,0.227875282084,5.63749141193,-2.50179538657,-2.76858720235,-1345.7227728697671,-6547.248021803264,1,1,1,10.137626604287817,633426,633426,-0.0168973,-0.0450055,-0.000452937,5.677464222526838,True,True,167.85581039776903,,True,NUCLEATED,40,7,,CSV_VERIFIED,0,2,1,1,0,1_STEP,CLEAN,0->1,1,1,0,0,0,81.7124450691,81.7124450691,2.68366866509,8.29071333506e-06,219.289120744,219.28912838,2.68366857165,2.68366866509,5.10541688332e-06,6.53227724852e-06,-57.0566894836,-211.73628093,53.7602210398,139.99829244,-0.00170755983191,0.147872266412,274.572629337,9.03027578822e-06,240.349660712,240.349669407,4.47077143775,4.47077159949,4.41387194061e-06,7.87804641414e-06,-56.5121611521,-233.611504525,OK
635278,2,135278,115.281160985,125,553.276876921,115.074559184,5.82781526015,-0.12757059956,669.708495439,1.52877955162,1.400860373722017,5.42565756725,0.263773426536,0.380964096586,4.68717111934,-4.99202606368,-3029.571541333738,-7703.932328135888,1,1,1,24.73138452630892,635278,635278,0.0606579,0.058696,0.00124914,3.4243317611881783,True,True,171.1372754172617,,True,NUCLEATED,42,8,,CSV_VERIFIED,0,2,1,1,0,1_STEP,CLEAN,0->1,1,1,0,0,0,82.5712601884,82.5712601884,2.60984079328,1.6035488806e-05,215.497857963,215.497843192,2.60984097216,2.60984079328,3.67928754484e-06,-1.56076822242e-05,-36.1126083086,-212.45047966,53.5655219741,140.018668468,0.0186684675045,0.150117418605,198.771834413,8.29508675408e-06,239.075538893,239.075530599,4.46323549333,4.46323533848,-1.35263970108e-06,-8.18405951205e-06,-41.0770218655,-235.520257243,OK
635566,2,135566,108.284421663,125,410.855379129,413.596835245,2.88196320042,-0.416989649052,552.600734825,1.66694013133,1.236809378119853,1.5636959687,0.28506748854,5.60409217024,-2.83459287062,-2.75989528435,-3751.233091781667,-7538.143892186407,1,1,1,11.363578142471816,635566,635566,-0.0182662,0.0128496,0.000131076,0.28487203746139056,True,True,184.86775804532053,,True,NUCLEATED,38,7,,CSV_VERIFIED,0,2,1,1,0,1_STEP,CLEAN,0->1,1,1,0,0,0,80.3702162484,80.3702162484,2.75268556814,2.19908177259e-05,221.233950288,221.233934375,2.75268576613,2.75268556814,9.20226497711e-06,-1.99728411486e-05,-71.6921665251,-209.295709509,41.4654696748,139.566560946,-0.433439053985,0.420690829552,273.995511034,1.09166423865e-05,243.460199078,243.460194856,5.87139615173,5.8713960499,-1.08942181412e-05,-6.99351188475e-07,-79.5884871346,-230.083770073,OK
636463,2,136463,74.3659623539,125,548.750480542,114.441910495,8.30976902442,-0.0462361317117,116.29405095,1.49728457795,1.4510319565959608,5.34614767177,0.260787864768,0.519644834649,4.55934892758,-4.95979110207,-4898.1561319295,-7815.768794584145,1,1,1,24.517715996025423,636463,636463,0.0605438,0.0620242,0.00137667,3.4194051007844206,True,True,167.35901839884247,,True,NUCLEATED,42,8,,CSV_VERIFIED,0,2,1,1,0,1_STEP,CLEAN,0->1,1,1,0,0,0,83.2017535593,83.2017535593,2.58378312649,6.72316442303e-06,214.975286965,214.975286941,2.58378312678,2.58378312649,-6.68362720154e-06,7.28057202391e-07,-24.05176984,-213.625575186,53.2082380408,139.974776174,-0.0252238263228,0.155147701986,142.203835899,2.32176229562e-05,239.325955351,239.32597429,4.49791167991,4.49791203584,-1.09892463065e-05,2.04522488092e-05,-29.5587513171,-237.493564387,OK
636758,2,136758,82.1730133149,125,439.612637073,439.088829151,10.2783960983,-0.223601490528,309.794164217,1.6993180865,1.4738101256953096,6.54500790382,0.257706129974,6.12535379331,-3.12519666941,-3.14040820979,5531.127723390918,-7654.621249523334,1,1,1,23.327249689638563,636758,636758,-0.0182379,-0.00265117,-2.34741e-05,0.7443903294557945,True,True,166.03048674943113,,True,NUCLEATED,38,7,,CSV_VERIFIED,0,2,1,1,0,1_STEP,CLEAN,0->1,1,1,0,0,0,78.440009179,78.440009179,2.65655322374,4.58140019051e-06,208.380063201,208.380059255,2.65655327405,2.65655322374,-2.10108935169e-06,4.07119776501e-06,11.7889442954,208.04632064,52.8784984609,139.999501298,-0.000498701812575,0.140994013554,236.687023813,3.77703418263e-06,235.256880761,235.256884508,4.44900834192,4.44900841279,-7.93145624372e-07,-3.69281833229e-06,20.2027900433,234.387813719,OK
638049,2,138049,84.9454801841,125,409.069080593,411.458120514,3.57938128864,-0.0630262430468,299.874533343,1.36143264158,1.2983645971675504,1.48482096354,0.270385394248,5.68503113597,-2.81084198506,-2.74605673026,-5775.77451725407,-7785.908155749087,1,1,1,11.38373365139054,638049,638049,-0.0181985,0.0111202,0.000114358,0.3034443040168388,True,True,169.3350915276845,,True,NUCLEATED,38,7,,CSV_VERIFIED,0,2,1,1,0,1_STEP,CLEAN,0->1,1,1,0,0,0,81.8870650719,81.8870650719,2.69975073784,2.15236416887e-05,221.074675811,221.074664347,2.69975087783,2.69975073784,1.43727737795e-05,-1.60215643877e-05,-60.6573504033,-212.590446932,38.953153437,139.884066304,-0.115933695716,0.57950442226,50.2256322625,2.12665674855e-05,244.021242223,244.021261942,6.26447978383,6.26448029005,-2.37316764565e-06,2.11337400368e-05,-65.5650078026,-235.048072546,OK
638126,2,138126,57.344150181,125,551.134319267,119.870744378,3.00231225327,-0.283090019128,339.130309515,1.53629123446,1.2492768374372896,0.378086754518,0.284497309427,0.479634006776,4.56312675355,-5.00062638666,-1271.8426428001637,-7763.0378269515595,1,1,1,24.60776667384959,638126,638126,0.0584235,0.0300653,0.000301018,4.5254786095081645,True,True,178.19790459884345,,True,NUCLEATED,42,8,,CSV_VERIFIED,0,2,1,1,0,1_STEP,CLEAN,0->1,1,1,0,0,0,79.7117701016,79.7117701016,2.79110448728,1.72455201245e-05,222.48386434,222.48387922,2.79110430061,2.79110448728,-4.27553466753e-06,1.67071172759e-05,-61.370609372,-213.852094208,49.7156420987,140.019779721,0.0197797206674,0.187301386758,244.524165933,6.0256492985e-06,241.97658254,241.976578876,4.86721225604,4.86721218234,-5.67704704504e-06,-2.01979858324e-06,-74.2286630088,-230.310164963,OK
638897,2,138897,107.279676907,125,399.7451323,405.427965748,2.66161087717,0.256628791909,1017.88593335,0.951868744976,1.2114013023042773,1.36060495284,0.261306419936,5.47887621602,-2.74069422079,-2.58947257319,-6326.399859203567,-7102.741534165203,1,1,1,10.813742579796312,638897,638897,-0.0184857,0.0259653,0.000276127,0.4368636423505077,True,True,174.02759161644116,,True,NUCLEATED,39,7,,CSV_VERIFIED,0,2,1,1,0,1_STEP,CLEAN,0->1,1,1,0,0,0,83.9215413569,83.9215413569,2.60282127114,1.11045564506e-05,218.432778481,218.43277295,2.60282133704,2.60282127114,6.84943410325e-06,-8.74050492996e-06,-81.987178073,-202.462296111,50.8554373586,140.007031275,0.0070312748077,0.203120393942,78.664961754,1.57192170315e-05,241.557141916,241.557157569,4.74987837018,4.74987867797,6.89750731051e-06,1.41250903354e-05,-85.6132923876,-225.876552517,OK
639165,2,139165,114.409479681,125,434.753691233,443.577650236,4.95320765278,-0.482261870664,2666.5973464,1.87481956864,1.3715847215249795,0.0457978461154,0.255553578231,6.21393196151,-3.15230556351,-2.89616306406,8343.423934456425,-7087.425928923815,1,1,1,9.732920260666605,639165,639165,-0.0192685,0.0453715,0.000411289,1.59647116535428,True,True,167.19345865460068,,True,NUCLEATED,39,7,,CSV_VERIFIED,0,2,1,1,0,1_STEP,CLEAN,0->1,1,1,0,0,0,81.6550713136,81.6550713136,2.70829536737,1.49365906463e-05,221.146066001,221.14605136,2.70829554666,2.70829536737,-1.46085037748e-08,-1.49365835025e-05,-44.0465395173,-216.715216042,54.5847007511,140.000557316,0.000557315800535,0.136267423716,285.31655809,2.5048397116e-05,240.280704842,240.280679827,4.40197897096,4.40197851267,-3.68286114816e-06,-2.47761726634e-05,-47.4529377189,-235.548372572,OK
640603,2,140603,74.5457210555,125,520.983785709,111.698095342,11.054325338,0.0903816756662,288.832729877,1.39007437617,1.4805795587407498,5.47521156398,0.254455075451,0.686978788175,4.12601882826,-4.43197047932,-9587.422360915873,-7704.259849723847,1,1,1,22.2349278826727,640603,640603,0.0593009,0.0748062,0.00193087,3.696678091835502,True,True,163.060523411774,,True,NUCLEATED,42,8,,CSV_VERIFIED,1.7763568394e-15,2,1,1,0,1_STEP,CLEAN,0->1,1,1,0,0,0,90.5548995859,90.5548995859,2.27350075661,9.25727717634e-06,205.876641979,205.876632724,2.27350085882,2.27350075661,9.45773407291e-07,9.20883778669e-06,24.9142731895,204.363574798,70.0146101564,139.99948979,-0.000510210266384,0.0518517682902,145.243161945,1.15841354995e-05,230.644145079,230.644133532,3.2942287983,3.29422863338,2.13772126736e-06,1.13851808529e-05,24.302377349,229.360232199,OK
645280,2,145280,33.5208129372,125,409.978519343,410.119744617,2.20223414888,0.184997964431,2176.15935571,0.958481280678,1.1445510716863705,0.108439729981,0.196253919813,5.76266515035,-2.68579303382,-2.68196533199,-5674.939559956983,-5977.613938898191,1,1,1,9.29755910141495,645280,645280,-0.0179311,0.000654077,6.40729e-06,0.6015926644239434,True,True,178.75378715168645,,True,NUCLEATED,38,7,,CSV_VERIFIED,0,3,1,1,0,1_STEP,CLEAN,0->2,1,1,0,0,0,110.954536788,110.954536788,2.30075007527,1.0522463404e-05,255.278666741,255.278658867,2.30075014624,2.30075007527,9.06639225223e-06,-5.34067108297e-06,250.543957829,48.9379493682,65.4576419052,139.964945235,-0.0350547653612,0.108182476554,160.993155946,2.98195865184e-05,278.906090136,278.906117693,4.26086369779,4.26086411877,-2.45657898526e-05,-1.69035413168e-05,272.744091409,58.3032393338,OK
645759,2,145759,111.68758945,125,556.946087275,107.120568896,2.85748213599,-0.0908346001796,1889.70622019,1.3251185073,1.234158529468419,1.09963971933,0.274094228996,0.318472632113,4.84665926338,-5.0255770989,-1992.4711084432656,-7188.056125247657,1,1,1,25.088522455574108,645759,645759,0.0645582,0.107185,0.00303032,6.660857877657799,True,True,176.8603795750619,,True,NUCLEATED,42,8,,CSV_VERIFIED,0,2,1,1,0,1_STEP,CLEAN,0->1,1,1,0,0,0,82.5459224702,82.5459224702,2.69658707763,2.75536217351e-05,222.592240321,222.592267844,2.6965867442,2.69658707763,-1.05366110517e-05,-2.54594166914e-05,75.3159804474,209.463143633,45.568556903,140.016395658,0.0163956575206,0.300056924678,76.614591454,2.02302549387e-05,243.36272017,243.362699942,5.34058431318,5.34058386927,6.42279779307e-06,1.91836097593e-05,80.4805025504,229.669985584,OK
646466,2,146466,106.199677815,125,544.20740642,108.524720872,2.26048768525,0.082384311683,1292.23396317,1.07181742536,1.154295215621432,0.944258187912,0.277764315569,0.413096614547,4.5624167437,-4.83622448049,-5280.0280681700115,-7147.149767922451,1,1,1,24.046603543411187,646466,646466,0.0628073,0.0966773,0.00267813,5.416054948135513,True,True,185.21195165094844,,True,NUCLEATED,42,8,,CSV_VERIFIED,0,2,1,1,0,1_STEP,CLEAN,0->1,1,1,0,0,0,84.0261248861,84.0261248861,2.62951021166,1.15301843077e-05,220.947552101,220.947553434,2.6295101958,2.62951021166,1.09333128535e-05,-3.66166904801e-06,-93.9097232592,-199.996961619,51.0783146824,139.99378669,-0.00621331010245,0.196523154425,197.085621037,1.26982325775e-05,242.141388554,242.141393848,4.74059079787,4.74059090152,1.2697409229e-05,1.44601047775e-07,-98.4395114959,-221.228647845,OK
646500,2,146500,112.882851846,125,548.896424109,116.505456037,6.05134140844,0.179634147248,871.741481078,1.22640926053,1.4070237968379893,4.84618523981,0.257223982756,0.453142798934,4.61959654817,-4.88908753911,-4031.962044354981,-7579.849158682056,1,1,1,24.359598512594097,646500,646500,0.05966,0.0497997,0.000954431,3.5042064895062213,True,True,169.75611143806879,,True,NUCLEATED,42,8,,CSV_VERIFIED,0,2,1,1,0,1_STEP,CLEAN,0->1,1,1,0,0,0,83.5067237087,83.5067237087,2.57957334087,2.86983236448e-06,215.411721017,215.411718263,2.57957337386,2.57957334087,1.25996364705e-06,2.578454849e-06,36.3928734904,212.315256896,54.4695495025,140.118512967,0.118512966574,0.142347444695,198.820198118,2.11542086086e-06,239.051546868,239.051547898,4.38871900082,4.38871901974,-1.99327513711e-06,-7.08420529297e-07,39.853551034,235.706038382,OK
649717,2,149717,76.2231261018,125,439.069126652,442.15843728,7.45185013449,-0.43422286332,425.972593267,1.88657379426,1.4373984101540673,3.34633979099,0.245960253596,6.0446313063,-3.22220606249,-3.13223363604,10591.494846843463,-7087.6241014227035,1,1,1,15.401066444911276,649717,649717,-0.0186512,0.0157932,0.000143216,0.26926069634596195,True,True,166.34706765613834,,True,NUCLEATED,38,7,,CSV_VERIFIED,0,2,1,1,0,1_STEP,CLEAN,0->1,1,1,0,0,0,76.3755977079,76.3755977079,2.79108831684,1.16365458889e-05,213.171047242,213.171038454,2.79108843189,2.79108831684,6.94971708628e-06,-9.33330770121e-06,-15.9468278428,-212.573737945,49.3681924617,140.032203764,0.0322037636334,0.170037584529,238.658297547,1.13548940598e-05,238.007999274,238.008009416,4.82107987767,4.82108008311,6.25689490587e-06,9.47548865476e-06,-27.8263493713,-236.375764407,OK
649963,2,149963,93.6826582794,125,434.560643532,425.70702866,2.2244001962,0.0146550266459,3231.00370108,1.13365331969,1.1483088709642522,0.276860318991,0.257142848919,5.96267280078,-2.72606289688,-2.97778074527,-736.3341914240218,-6336.678732032728,1,1,1,10.000335000999717,649963,649963,-0.0171846,-0.0429444,-0.000408068,5.285365935268497,True,True,177.07330471322675,,True,NUCLEATED,40,7,,CSV_VERIFIED,0,2,1,1,0,1_STEP,CLEAN,0->1,1,1,0,0,0,81.2781235547,81.2781235547,2.73400591088,6.93361057455e-06,222.214865066,222.214870223,2.73400584742,2.73400591088,-1.90901244365e-06,6.66563028448e-06,-97.2723398097,-199.793739052,44.6742891609,140.00000298,2.97960210105e-06,0.322459483479,104.555118793,4.3030686341e-06,243.089587188,243.089589898,5.4413756045,5.44137566515,-1.93175138038e-06,3.84509249227e-06,-100.025730273,-221.556766276,OK
651333,2,151333,38.1925343356,125,556.133553751,124.50459353,3.83598442096,-0.295409850733,91.44728625,1.61566723254,1.3157827457219775,0.295095498416,0.274819188075,0.463143240936,4.60467267631,-5.10459878239,824.7514495426482,-7691.665817155314,1,1,1,24.986284940736148,651333,651333,0.0569458,0.00291192,-0.000535797,7.720180517226562,True,True,176.68996389312147,,True,NUCLEATED,38,8,,CSV_VERIFIED,0,2,1,1,0,1_STEP,CLEAN,0->1,1,1,0,0,0,78.7865593593,78.7865593593,2.75766559961,3.17393234011e-06,217.26698281,217.266984457,2.75766557871,2.75766559961,-2.8735565164e-06,-1.34778316011e-06,23.1509788708,216.030030312,47.6617003662,140.129165882,0.129165881533,0.211760583553,299.304079128,2.18864426152e-05,241.310320428,241.310298639,5.06298177728,5.06298132011,2.93514651779e-06,2.16887363686e-05,54.7086760984,235.026874006,OK
651452,2,151452,70.5480552529,125,535.609473171,110.616309688,8.76650798323,0.0750485683178,544.413213373,1.38209756196,1.457216758616708,0.744980112605,0.254244548197,0.612400894401,4.41602677117,-4.66063195649,-6502.757112590421,-7674.963095177143,1,1,1,23.426350306212285,651452,651452,0.0610971,0.0830399,0.00218837,4.214350501105864,True,True,166.68789390962266,,True,NUCLEATED,42,8,,CSV_VERIFIED,0,2,1,1,0,1_STEP,CLEAN,0->1,1,1,0,0,0,84.8181493566,84.8181493566,2.59457065334,1.88576289982e-05,220.066665552,220.066681192,2.59457046895,2.59457065334,-8.14357742305e-06,1.70085954209e-05,-32.0842613193,-217.715266949,56.5764185702,139.993872604,-0.00612739550238,0.132344937681,272.799811984,1.12450279346e-05,240.473246803,240.473254566,4.25041479966,4.25041493687,8.99882978779e-06,6.74327188394e-06,-28.5213089485,-238.775872658,OK
656303,2,156303,71.1463679418,125,417.565423273,430.902725353,11.6225127068,-0.0539281052526,383.257639509,1.53892206703,1.4849677881876795,1.38996480264,0.259380041145,6.12741184237,-3.18107678103,-2.80708391951,-37.14034612856722,-7788.635179317592,1,1,1,11.704882997237528,656303,656303,-0.0196275,0.0661596,0.000637133,4.0670179293932485,True,True,165.95559193000992,,True,NUCLEATED,39,7,,CSV_VERIFIED,0,2,1,1,0,1_STEP,CLEAN,0->1,1,1,0,0,0,81.534848728,81.534848728,2.70108999372,1.15221441515e-05,220.232952538,220.232964039,2.70108985267,2.70108999372,-1.61421445318e-06,-1.14085107506e-05,17.5935288292,219.529089478,47.6768505182,139.981194988,-0.0188050118286,0.245989438059,71.3176826477,1.3816183452e-05,241.916937498,241.916948532,5.07409644027,5.07409667171,7.35659348785e-06,-1.16947619657e-05,20.348302511,241.059642481,OK
658565,2,158565,38.2360937119,125,428.989841638,425.085235089,3.60378024992,0.202723803321,972.540295076,1.09598132056,1.3001200042672392,0.21203148732,0.220592042441,6.27885502188,-2.86846357561,-2.97867664779,-9082.77305443918,-6861.520433015618,1,1,1,10.33819027155416,658565,658565,-0.0177006,-0.0189319,-0.000181674,2.0094478607689825,True,True,169.22035050804422,,True,NUCLEATED,38,7,,CSV_VERIFIED,0,3,1,1,0,1_STEP,CLEAN,0->2,1,1,0,0,0,119.366454021,119.366454021,1.99383517106,3.96759908403e-05,237.996994617,237.997034271,1.99383483886,1.99383517106,-3.9614496142e-05,-2.20815411114e-06,237.050630049,21.2030243122,83.0233978844,140.09255458,0.0925545799161,0.0455125681376,293.921356863,7.40628524233e-06,260.826445438,260.826443745,3.14160166995,3.14160164956,9.80250684689e-07,7.34112863842e-06,259.578607719,25.482956155,OK
667415,2,167415,61.2032108602,125,536.491386512,123.959146041,9.23114175762,0.0490504812145,226.056413999,1.41381798774,1.4628881591070775,2.77721728517,0.255962833283,0.756027658822,4.28320634687,-4.72125984107,-8397.609197661332,-7742.198695899869,1,1,1,23.486219875780762,667415,667415,0.0554591,0.00592032,-0.000440487,7.021837489350608,True,True,167.2645229477294,,True,NUCLEATED,38,8,,CSV_VERIFIED,0,2,1,1,0,1_STEP,CLEAN,0->1,1,1,0,0,0,83.9266042846,83.9266042846,2.60371026437,8.58791999194e-06,218.520567827,218.52056103,2.60371034537,2.60371026437,-6.07403711824e-06,-6.07111545552e-06,-27.9286092009,-216.728473791,50.4606676464,140.052848477,0.052848476944,0.205644150397,187.75095822,2.28272808958e-05,241.587700924,241.587721346,4.78764376677,4.78764417147,1.24194135017e-05,1.91531439031e-05,-27.0088984856,-240.073190174,OK
667560,2,167560,76.8700060851,125,412.930125609,422.722989961,2.85346668377,0.238856571622,2937.91091469,0.992531692514,1.2337198610856372,0.0647086326387,0.216949401467,5.98560174842,-2.93253584797,-2.66208051032,-2367.3331886427186,-6110.8649546976885,1,1,1,9.464039002178993,667560,667560,-0.0191543,0.047334,0.000469729,1.7730611230381568,True,True,172.0627692153683,,True,NUCLEATED,39,7,,CSV_VERIFIED,0,2,1,1,0,1_STEP,CLEAN,0->1,1,1,0,0,0,81.3005552851,81.3005552851,2.68985251545,2.03377766346e-05,218.68651741,218.686503141,2.68985269095,2.68985251545,1.90779061547e-05,7.04688975296e-06,89.9225297337,199.343250558,50.6265375592,139.958115957,-0.041884043349,0.189156189166,188.296101427,2.77262051591e-05,241.419556675,241.419584384,4.76863653559,4.76863708291,-1.0368019682e-05,-2.57147160279e-05,82.2531782732,226.975366525,OK
669507,2,169507,78.0930983406,125,403.551417955,420.119611081,3.39461039294,0.143042926509,1731.66412162,1.14077986892,1.2843151492900302,0.388194034396,0.241708504539,5.9476848058,-3.03653218423,-2.58551953696,-4125.83567085605,-7006.266254995657,1,1,1,9.806415808873112,669507,669507,-0.019879,0.0796005,0.000807852,6.344778266249413,True,True,169.50782355088162,,True,NUCLEATED,39,7,,CSV_VERIFIED,0,2,1,1,0,1_STEP,CLEAN,0->1,1,1,0,0,0,81.8949414543,81.8949414543,2.69579010877,1.31843664387e-05,220.771564816,220.771573131,2.69579000724,2.69579010877,-1.24195876731e-05,-4.42508309747e-06,73.6459404558,208.12582561,41.7843619298,139.966265418,-0.0337345822599,0.435480310628,60.0255298181,1.75788046334e-05,243.760901312,243.760917288,5.83378302443,5.83378340675,-1.15881310317e-05,-1.32185321247e-05,69.5441335514,233.6300291,OK
671012,2,171012,81.8539266012,125,409.3849882,401.983749979,11.3384396267,0.0893471152766,424.469106363,1.39336196409,1.4828283833990712,4.63573380719,0.254950776581,5.55306556737,-2.49083793222,-2.68930224962,-7466.711966522597,-7704.416561033103,1,1,1,18.171321605303056,671012,671012,-0.0169716,-0.0332976,-0.000353503,3.810516756131885,True,True,166.07324276588977,,True,NUCLEATED,40,7,,CSV_VERIFIED,0,2,1,1,0,1_STEP,CLEAN,0->1,1,1,0,0,0,85.1887801691,85.1887801691,2.47524367066,7.62776693682e-06,210.862993137,210.862988925,2.47524372011,2.47524367066,6.75786700966e-06,3.53752200307e-06,21.6440129835,209.749227834,49.905495459,139.958146599,-0.0418534005294,0.211715870648,137.531761881,7.78775257217e-06,240.099322393,240.099318903,4.81107982567,4.81107975574,-6.61496215395e-06,4.10991068359e-06,21.8739550848,239.100846303,OK
671951,2,171951,96.6801788392,125,406.758567449,394.616263494,2.17593758924,0.0168552331513,278.506542328,1.12315486014,1.1400108914869125,0.939790165677,0.286626317433,5.24102639867,-2.40031482534,-2.72190041525,-7320.703729113047,-7659.302785859235,1,1,1,9.980533176825336,671951,671951,-0.0163169,-0.0532047,-0.000579793,7.298581762233811,True,True,178.39148985973927,,True,NUCLEATED,40,7,,CSV_VERIFIED,0,3,2,1,0,1_STEP,CLEAN,0->2,1,1,1,0,0,84.7908234732,84.7908234732,2.58551251829,8.13246654539e-06,219.227743371,219.227735526,2.58551261081,2.58551251829,5.41793483734e-06,6.06489853256e-06,97.7475185786,196.230033571,54.3994161351,139.728694864,-0.271305136087,0.160861091561,286.753121815,9.99922694024e-06,240.871608529,240.871598709,4.4278344446,4.42783426407,5.84283073197e-06,8.11454671808e-06,101.407379214,218.484954256,OK
672402,2,172402,63.9534512915,125,408.553398815,401.236170721,2.68414738575,0.0674565477946,606.443644704,1.14666068357,1.2141684952951102,0.598687982264,0.253019650104,5.50848964148,-2.53174912888,-2.72757882643,-7200.371681730974,-7415.705449326183,1,1,1,9.778618771518694,672402,672402,-0.0169686,-0.0328386,-0.00034992,3.7460014502185772,True,True,172.86449787159924,,True,NUCLEATED,40,7,,CSV_VERIFIED,0,2,1,1,0,1_STEP,CLEAN,0->1,1,1,0,0,0,82.9871084214,82.9871084214,2.65386172443,2.05539732284e-05,220.23629033,220.23631066,2.65386147944,2.65386172443,1.12696419943e-05,1.71889785849e-05,-92.3600861142,-199.934084316,47.1413676006,140.274215194,0.274215194044,0.279441547413,185.928667384,6.0644070954e-06,242.782458802,242.782457385,5.15009366846,5.15009363839,-6.01612760011e-06,7.63702898983e-07,-86.0166040458,-227.034063811,OK
673502,2,173502,109.475024595,125,423.770280743,411.909389151,6.15447528329,0.21670831124,1029.20247041,1.19127922015,1.4097206061951046,3.95109938181,0.253702516574,5.63074428372,-2.53248743192,-2.86006711233,-3762.662425239466,-7497.22901043135,1,1,1,16.64909019353538,673502,673502,-0.0166488,-0.055044,-0.000553846,7.62067323767857,True,True,166.5997726942425,,True,NUCLEATED,40,7,,CSV_VERIFIED,0,2,1,1,0,1_STEP,CLEAN,0->1,1,1,0,0,0,82.9099823835,82.9099823835,2.58036539298,2.7682077663e-05,213.938075566,213.938049275,2.58036571009,2.58036539298,-4.15450341261e-06,2.73685499275e-05,35.7069806781,210.937222196,51.6983687791,139.999967455,-3.25452918162e-05,0.175972905509,117.657170412,3.00020324584e-06,239.437620453,239.43762343,4.63143472622,4.63143478382,-1.19782386412e-07,-2.99781115087e-06,38.8096632282,236.271420464,OK
676434,2,176434,77.7366281377,125,405.544742283,412.981689891,4.32534757587,0.165460547092,1691.51951328,1.17736801995,1.34359299679207,0.0438920077796,0.240675740028,5.76474348191,-2.79155484832,-2.59037373286,-3746.466509565238,-7109.5166701238695,1,1,1,9.169767970897894,676434,676434,-0.0187794,0.0348397,0.000359466,0.8273271490821565,True,True,167.71072224153423,,True,NUCLEATED,39,7,,CSV_VERIFIED,0,3,4,2,0,1_STEP,CLEAN,0->2,1,1,1,0,0,83.6442996079,83.6442996079,2.61637806047,7.86604763842e-06,218.845117379,218.845110377,2.61637814418,2.61637806047,1.39917486819e-06,-7.74060818916e-06,-63.4775697367,-209.436824702,55.4786129001,139.999893312,-0.000106688341617,0.139956023291,242.37280355,1.72753049027e-05,240.414728493,240.414743236,4.33346682488,4.33346709062,1.2220885757e-05,1.22100823419e-05,-56.5671037543,-233.665154546,OK
677741,2,177741,77.459559557,125,545.338125523,117.64238109,2.03516037612,0.130826613597,1284.1421758,0.982880439707,1.1140831533563054,0.53931439593,0.246852278702,0.589230004224,4.51051994737,-4.86068572784,-6387.028370722308,-6792.448130539889,1,1,1,24.192327082488692,677741,677741,0.0588637,0.0428257,0.000726607,3.710063030077055,True,True,188.19231634988637,,True,NUCLEATED,42,8,,CSV_VERIFIED,0,2,1,1,0,1_STEP,CLEAN,0->1,1,1,0,0,0,82.0274829014,82.0274829014,2.70011246948,1.64756270088e-05,221.483413562,221.483429422,2.70011227613,2.70011246948,4.0379675774e-06,1.59731369235e-05,-110.399223444,-192.007588251,39.6354010432,139.995628262,-0.00437173778639,0.539026747434,55.6048662998,3.76066013675e-06,244.482802877,244.482802561,6.16829391005,6.16829390207,3.2200742956e-06,-1.94259779548e-06,-108.232177287,-219.220520714,OK
677787,2,177787,100.696476938,125,533.344025649,118.66748411,8.63277827411,0.274888006885,548.674266092,1.17699952759,1.4554727476613678,7.75110924691,0.247072865073,0.667052657877,4.31443001023,-4.62118628662,-9126.292473037167,-7457.735110881027,1,1,1,24.59110959194539,677787,677787,0.0573736,0.03607,0.000521436,3.959191519671658,True,True,167.41847240004154,,True,NUCLEATED,42,8,,CSV_VERIFIED,0,2,1,1,0,1_STEP,CLEAN,0->1,1,1,0,0,0,85.0509200581,85.0509200581,2.44909423024,1.49814935073e-05,208.297702808,208.297717591,2.44909405643,2.44909423024,4.52465822411e-06,1.42818981814e-05,-29.8023656979,-206.154679777,53.5849014204,139.996348056,-0.00365194435938,0.149487700906,93.9108958942,1.80181046171e-05,238.057702806,238.057684844,4.44262649545,4.44262616024,-8.5267555736e-07,-1.79979176125e-05,-29.9296503694,-236.168765704,OK
678121,2,178121,104.19029316,125,552.849479272,122.478064817,18.2260384585,0.131031622788,590.780024291,1.38457522207,1.5159847250080207,1.38486506596,0.255726447539,0.579439346453,4.7333066878,-4.87214213137,-2649.9650777739407,-7722.146145272668,1,1,1,24.662479116155836,678121,678121,0.0574896,0.0147789,-0.000178367,6.058423160392517,True,True,162.64532517733022,,True,NUCLEATED,38,8,,CSV_VERIFIED,0,2,1,1,0,1_STEP,CLEAN,0->1,1,1,0,0,0,82.5433090667,82.5433090667,2.68558412681,7.30778903108e-06,221.677006788,221.677000604,2.68558420172,2.68558412681,-3.50083588239e-06,6.41466512355e-06,13.8297883376,221.24518592,42.0211645811,139.990298026,-0.00970197413454,0.421536568294,58.650492185,1.6075804219e-05,243.936922932,243.936938354,5.8050966784,5.80509704541,3.67494568599e-06,-1.56501199833e-05,13.5207495873,243.561925801,OK
678213,2,178213,104.910196197,125,405.801939794,409.216146525,3.26311401575,-0.269235041832,161.50936227,1.54602607005,1.273427414505572,2.01753171987,0.281498783293,5.53155228513,-2.80362178398,-2.71165799799,-5164.058148784999,-7779.111484076315,1,1,1,12.108807251945755,678213,678213,-0.0182821,0.0157825,0.000164277,0.27562699776414334,True,True,171.34680359584655,,True,NUCLEATED,38,7,,CSV_VERIFIED,0,3,2,1,0,1_STEP,CLEAN,0->2,1,1,1,0,0,82.5234488276,82.5234488276,2.65225877676,1.34572034969e-05,218.873531817,218.873541442,2.65225866013,2.65225877676,-1.17720411494e-05,-6.52038136422e-06,62.8278867272,209.662298898,50.8078602526,139.970416218,-0.0295837816499,0.192241755924,203.809916912,3.4959111094e-06,241.131835477,241.131838192,4.745955336,4.74595538944,-2.89808140276e-06,-1.95512625367e-06,70.3172620782,230.651348867,OK
679130,2,179130,106.193442615,125,431.97009067,425.115206661,2.31412707991,0.130461551103,3371.34778127,1.03206890357,1.162903398850294,0.485151777369,0.255398277176,5.90663071597,-2.7362868723,-2.93045767998,-624.4953008532702,-6197.130459704109,1,1,1,10.19433966405428,679130,679130,-0.0173873,-0.0332097,-0.000317334,3.753569937794391,True,True,176.26124337449474,,True,NUCLEATED,40,7,,CSV_VERIFIED,0,2,1,1,0,1_STEP,CLEAN,0->1,1,1,0,0,0,81.827910946,81.827910946,2.70112945107,7.94764172765e-06,221.02778022,221.027780175,2.70112945161,2.70112945107,-7.19103118892e-06,3.3843876065e-06,92.9950950436,200.512323628,49.850178184,139.998926348,-0.00107365242991,0.207126157325,163.181240741,7.19028333547e-06,241.749321948,241.749327353,4.84951770997,4.84951781838,2.19046302401e-06,-6.84850685805e-06,96.5180233094,221.646127507,OK
680191,2,180191,62.0285153908,125,404.230550831,405.062995637,4.05103817945,0.0742329198065,991.601519387,1.25448300823,1.328784274727429,0.279112184174,0.249659139827,5.5994226841,-2.65199170292,-2.62972677435,-5529.010133502712,-7427.662994222417,1,1,1,9.340124834882328,680191,680191,-0.0179357,0.00379324,3.95937e-05,0.4809211662531067,True,True,168.2559128252943,,True,NUCLEATED,38,7,,CSV_VERIFIED,0,2,1,1,0,1_STEP,CLEAN,0->1,1,1,0,0,0,84.6236305407,84.6236305407,2.58325091919,1.32136532825e-05,218.604068536,218.60407138,2.58325088559,2.58325091919,1.31310445178e-05,-1.47522979322e-06,-70.5900418863,-206.893172355,54.738276018,139.899948919,-0.100051081085,0.154154820239,265.332501097,9.33321626221e-06,240.799237848,240.79924593,4.39910160432,4.39910175196,-2.49536823719e-06,8.99344556652e-06,-60.3144222911,-233.123236534,OK
682808,2,182808,98.9928382404,125,446.955467959,439.039852517,11.3259759823,-0.17714146848,851.539971369,1.66081330184,1.4827320787253957,0.431816775625,0.258172911451,6.11142625594,-2.90870328353,-3.1404832505,7674.770685287308,-7690.752274802948,1,1,1,10.352774948893511,682808,682808,-0.0174701,-0.0399692,-0.000358761,4.760766873330803,True,True,165.61595887509554,,True,NUCLEATED,40,7,,CSV_VERIFIED,0,2,1,1,0,1_STEP,CLEAN,0->1,1,1,0,0,0,81.8371259895,81.8371259895,2.69681217034,2.11811992518e-05,220.699336759,220.699357355,2.69681191868,2.69681217034,6.63711005702e-06,2.01144717017e-05,-18.2957651638,-219.939678601,53.8595901251,139.999636473,-0.000363526856603,0.146283469281,276.897079033,1.28446721898e-05,240.329719227,240.329706418,4.46215276925,4.46215253142,-1.53952330768e-07,-1.28437495437e-05,-20.7421653434,-239.432947859,OK
688882,2,188882,72.7577220652,125,537.136929642,115.219237022,2.15589718203,0.218892513715,1105.51380511,0.915810231208,1.136489545452163,0.629397641353,0.226473640969,0.606943022866,4.37671518411,-4.71974223558,-7560.225561194931,-6540.446876502904,1,1,1,23.519600097829,688882,688882,0.0591893,0.0563123,0.0012059,3.345610544844119,True,True,187.53045585887986,,True,NUCLEATED,42,8,,CSV_VERIFIED,0,2,1,1,0,1_STEP,CLEAN,0->1,1,1,0,0,0,82.4051546985,82.4051546985,2.64483700012,1.79108017588e-05,217.948195051,217.948202147,2.644836914,2.64483700012,-1.77856064405e-05,2.1140064302e-06,109.372458502,188.518118617,51.45002817,139.697254825,-0.30274517506,0.182608154444,292.482547854,4.00140685307e-06,241.626846574,241.626849898,4.69634041356,4.69634047818,-3.44091149013e-06,-2.04239685687e-06,104.019627372,218.090463126,OK
693217,2,193217,116.46161762,125,401.039128897,396.989116415,2.32304275477,0.287510362104,1.77142800256,0.872675326868,1.1643017561486375,1.52324083063,0.289341843957,5.25466246133,-2.55078750327,-2.65760303485,-8382.603447394575,-7604.3301202426255,1,1,1,10.889795499185865,693217,693217,-0.0172637,-0.0179366,-0.000196507,1.945426850355521,True,True,178.59556989488112,,True,NUCLEATED,38,7,,CSV_VERIFIED,0,3,2,1,0,1_STEP,CLEAN,0->2,1,1,1,0,0,82.7384312066,82.7384312066,2.66601412467,1.76625675368e-05,220.58181644,220.58182625,2.66601400611,2.66601412467,9.33666459734e-06,-1.49930979516e-05,90.9519478323,200.957908353,48.5230967436,139.962579301,-0.0374206992264,0.246577765187,224.645593446,1.85584841187e-05,242.309359312,242.309340755,4.99369116098,4.99369077854,7.57986636627e-06,1.69399810701e-05,96.1735453652,222.406103293,OK
694446,2,194446,118.298161571,125,552.015192651,116.730537631,3.99258468414,0.457600756541,2205.96866178,0.850085719845,1.3253807062502707,1.65080289557,0.252220571001,0.352342106416,4.73971791288,-4.88070493405,-158.6766149798259,-7006.183376282108,1,1,1,24.473892734323904,694446,694446,0.0598325,0.0487154,0.000911444,3.5515338635631126,True,True,169.03028785099494,,True,NUCLEATED,42,8,,CSV_VERIFIED,0,2,1,1,0,1_STEP,CLEAN,0->1,1,1,0,0,0,84.5525056678,84.5525056678,2.58947149483,2.75039481989e-06,218.946302685,218.946303244,2.58947148823,2.58947149483,2.46406450307e-06,-1.22190743919e-06,55.4143221515,211.81769605,58.3196184213,140.00568225,0.00568224983414,0.109524728852,237.048975522,1.27097677605e-05,239.223540808,239.223528098,4.10193940364,4.10193918572,3.0219739532e-06,1.23452772327e-05,58.6990703644,231.910158499,OK
696966,2,196966,86.4381311177,125,550.502439972,118.503973596,4.70606110693,-0.265382798417,281.087018694,1.63001959216,1.3614186566736797,2.36278129798,0.268329590034,0.402114329832,4.56654594335,-4.9849691818,-1293.6824098740226,-7687.305775290431,1,1,1,24.49011376193434,696966,696966,0.058945,0.0380973,0.000561686,3.981668990822409,True,True,174.51839925709243,,True,NUCLEATED,42,8,,CSV_VERIFIED,0,2,1,1,0,1_STEP,CLEAN,0->1,1,1,0,0,0,82.3984506466,82.3984506466,2.65296355728,1.58576620998e-05,218.600071191,218.600086742,2.65296336855,2.65296355728,5.80961295027e-06,1.47551294349e-05,-38.7671521297,-215.135071619,55.5661690929,139.984344263,-0.0156557371971,0.12624643718,268.324177909,1.13602529711e-05,239.60100266,239.600993376,4.31199426865,4.31199410157,4.53361773104e-06,-1.04164129064e-05,-48.4717585134,-234.646817797,OK
700871,2,200871,66.6265229069,125,410.762492045,420.049548343,5.46950349569,-0.063315769528,668.655289445,1.45331982326,1.3899616729463091,0.477937082752,0.262115233619,5.89039692553,-2.98066556382,-2.72566529309,-2199.8800233846027,-7732.441866526524,1,1,1,9.916159372487359,700871,700871,-0.0190685,0.044512,0.000446562,1.5190372141438506,True,True,167.0257230570092,,True,NUCLEATED,39,7,,CSV_VERIFIED,0,2,1,1,0,1_STEP,CLEAN,0->1,1,1,0,0,0,83.2298023449,83.2298023449,2.65543986261,2.91125380697e-05,221.011705868,221.011734904,2.65543951374,2.65543986261,7.4957233764e-06,2.81310149821e-05,-41.308897427,-217.116901976,53.3860582237,140.000010139,1.01388041287e-05,0.162806366296,201.372301298,1.24787051901e-05,241.046255436,241.046267589,4.51515364603,4.51515387368,-6.06197447172e-07,1.24639723955e-05,-43.2465421657,-237.135054031,OK
704004,2,204004,49.2981635028,125,542.041897922,112.086979867,2.09900185039,-0.244966679683,454.334676549,1.37367786947,1.1261925445307233,0.177115575911,0.302150221283,0.503720653553,4.45919325543,-4.83573463295,-3174.0502738202895,-7946.641640653051,1,1,1,23.9293110632847,704004,704004,0.0610017,0.0752244,0.00187192,3.77182770989545,True,True,189.79957272038106,,True,NUCLEATED,42,8,,CSV_VERIFIED,0,2,1,1,0,1_STEP,CLEAN,0->1,1,1,0,0,0,82.2054713049,82.2054713049,2.71272399868,1.42815807991e-05,223.0007676,223.000754831,2.71272415401,2.71272399868,-1.12575223893e-05,-8.78815906645e-06,-95.7078373895,-201.418351231,57.3999140942,139.993338578,-0.00666142190948,0.109703953967,236.529045768,1.24362560672e-05,239.837952564,239.837961259,4.17836779634,4.17836794782,1.17376941824e-05,4.10937954562e-06,-101.610919022,-217.249774742,OK
704376,2,204376,99.6063303052,125,545.343358271,108.430374137,2.91576362842,0.0424599412322,1620.9463422,1.1979312487,1.2404039584205924,0.934531098897,0.264320902755,0.405472711679,4.61311566993,-4.8271061681,-3433.8043997861005,-7209.94262244049,1,1,1,24.113022555844356,704376,704376,0.0629498,0.0974176,0.00270185,5.494813099005451,True,True,177.0525651155998,,True,NUCLEATED,42,8,,CSV_VERIFIED,0,2,1,1,0,1_STEP,CLEAN,0->1,1,1,0,0,0,85.7236733199,85.7236733199,2.5589812621,9.9231035727e-06,219.365283563,219.365273744,2.55898137664,2.5589812621,-2.02084917744e-06,-9.71515069963e-06,-75.2558850694,-206.052613173,58.3996289657,139.999980098,-1.99023372716e-05,0.113672348336,290.824530194,1.77357380619e-05,239.767749274,239.767750125,4.10563822956,4.10563824414,-1.64588362474e-05,6.6078070478e-06,-78.548792615,-226.53622397,OK
704822,2,204822,63.7586952724,125,552.150080894,118.532395262,6.05115910244,-0.117403142491,358.888350239,1.52469348408,1.4070189505465795,1.19224262058,0.26382391268,0.482139411255,4.61036509206,-5.00097019463,-1483.3428959556072,-7784.888528194315,1,1,1,24.705780179275543,704822,704822,0.0590751,0.0380321,0.000557012,3.9984437799862604,True,True,171.85678849117718,,True,NUCLEATED,42,8,,CSV_VERIFIED,0,2,1,1,0,1_STEP,CLEAN,0->1,1,1,0,0,0,83.7851168263,83.7851168263,2.63187616738,3.26393546405e-05,220.51201997,220.512052156,2.63187578323,2.63187616738,-9.95177813535e-06,-3.10851987816e-05,31.4311935183,218.260466015,54.9161086597,140.00933648,0.00933648044492,0.139986909185,249.89818428,1.01144117671e-05,240.680623549,240.680633179,4.38269625112,4.38269642648,1.53510373758e-06,-9.99723871419e-06,37.9194914558,237.674724612,OK
705055,2,205055,74.4467711784,125,409.395975214,408.680396705,4.51691522782,-0.0984792349061,342.11928109,1.45155966182,1.3529205503038835,1.464065131,0.267065212969,5.58630670863,-2.72346492154,-2.74281180073,-3986.6847056766073,-7797.245108055975,1,1,1,11.234515270449453,705055,705055,-0.0178157,-0.00329788,-3.46736e-05,0.7992076750858257,True,True,167.68108019668773,,True,NUCLEATED,38,7,,CSV_VERIFIED,0,2,1,1,0,1_STEP,CLEAN,0->1,1,1,0,0,0,84.8552114306,84.8552114306,2.56155763123,1.98453500679e-05,217.36149482,217.36151439,2.5615574006,2.56155763123,8.73834007228e-07,1.98261023261e-05,-45.4845633081,-212.549227077,59.0625588682,139.940604702,-0.0593952984479,0.108378287882,281.033926816,1.47688171147e-05,238.44517652,238.445190874,4.03716298597,4.037163229,-3.37525473058e-07,1.47649597196e-05,-50.8095770396,-232.96885862,OK
706743,2,206743,90.3716106966,125,407.134651799,413.669704827,3.48587781769,0.0550012156557,1072.94144726,1.23639786781,1.2914268522895969,1.13663362915,0.259572435808,5.73270535467,-2.84947262321,-2.67219719205,-4774.943527467502,-7434.674701806382,1,1,1,10.810109167537425,706743,706743,-0.0186875,0.0306734,0.000315028,0.614919109116936,True,True,169.30305319840647,,True,NUCLEATED,39,7,,CSV_VERIFIED,0,2,1,1,0,1_STEP,CLEAN,0->1,1,1,0,0,0,83.2335612357,83.2335612357,2.64092386134,1.77920014265e-05,219.813515681,219.813497932,2.64092407458,2.64092386134,6.44589376241e-06,1.65832978736e-05,65.1679834531,209.931216375,46.8851531402,140.065992535,0.0659925352665,0.280079577987,116.469844811,1.6054184598e-05,242.589334203,242.589318324,5.17411841393,5.17411807526,6.67526431242e-06,1.4600605791e-05,67.2509654299,233.081300661,OK
707795,2,207795,109.408757152,125,434.945356337,439.473238008,2.15362995107,0.277641674076,5743.02306989,0.854749371532,1.1360877682181556,0.109624929381,0.228666352779,6.21284382004,-3.00847665262,-2.87762649973,3647.018199425489,-4778.648781217366,1,1,1,9.926340639626744,707795,707795,-0.0187725,0.0229773,0.000210815,0.3554282669322813,True,True,180.70246895762355,,True,NUCLEATED,39,7,,CSV_VERIFIED,0,2,1,1,0,1_STEP,CLEAN,0->1,1,1,0,0,0,82.0698912609,82.0698912609,2.68024646491,1.38611186785e-05,219.967522069,219.967535928,2.68024629604,2.68024646491,-6.45575672221e-06,-1.22659616893e-05,98.8307969278,196.515099531,54.4610172224,139.999989749,-1.02507325721e-05,0.140403294865,277.997055728,2.92393756521e-06,240.123435629,240.12343855,4.40908833283,4.40908838646,-1.1305996735e-06,-2.69650797579e-06,102.3043247,217.239705132,OK
710755,2,210755,102.857022266,125,419.377195622,434.646776158,3.9729298723,-0.0145276782307,2153.26040078,1.33874328642,1.3242150971241284,0.635594753998,0.260341758326,6.17207807012,-3.18695340546,-2.75597357148,888.3743856731908,-7279.208343158636,1,1,1,10.518390871265522,710755,710755,-0.0198731,0.076638,0.000728384,5.795288562641433,True,True,168.0358862682165,,True,NUCLEATED,39,7,,CSV_VERIFIED,0,2,1,1,0,1_STEP,CLEAN,0->1,1,1,0,0,0,81.5603142572,81.5603142572,2.71634790291,1.42223406696e-05,221.54617522,221.546188594,2.71634773895,2.71634790291,1.27152790873e-06,-1.4165387072e-05,56.4771330381,214.226611789,48.4990608565,140.00005024,5.02402338896e-05,0.230764622077,145.949693539,7.76803239175e-06,242.087600916,242.087607302,4.99159358225,4.99159371393,2.72435803304e-06,-7.27462717582e-06,59.2782098644,234.717916557,OK
712193,2,212193,86.0493095226,125,414.179757349,412.685402971,2.3618106694,-0.428371333172,638.800977537,1.61296790308,1.1702783123975007,0.642462877235,0.298927874752,5.58323210242,-2.7644658342,-2.80530229307,-1791.9186315553793,-7461.419417355639,1,1,1,9.82987166162783,712193,712193,-0.0177874,-0.00697479,-7.13162e-05,1.020342110710798,True,True,203.96222013585754,,True,NUCLEATED,38,7,,CSV_VERIFIED,0,2,1,1,0,1_STEP,CLEAN,0->1,1,1,0,0,0,77.9265313416,77.9265313416,2.86320576917,2.34230583364e-05,223.119671014,223.119694109,2.86320547281,2.86320576917,-5.0676752926e-06,-2.28682821602e-05,83.9560378724,206.72148243,47.4564524659,139.998735273,-0.00126472725989,0.220443381262,208.602715282,5.22411975241e-06,242.082394657,242.082392738,5.10114814905,5.10114810861,-3.74143616882e-06,3.64596798973e-06,93.4497510595,223.318225476,OK
713701,2,213701,94.0626922892,125,383.072266192,372.19441695,6.40317133323,0.437012695463,494.798056462,0.963600382209,1.4158751282444886,5.47307828409,0.225838202466,4.86882871697,-2.09973323179,-2.3712540566,-12525.902347960611,-6880.052683790236,1,1,1,19.515978168361713,713701,713701,-0.0160241,-0.0440066,-0.000536376,5.617192399526096,True,True,166.8120956387274,,True,NUCLEATED,40,7,,CSV_VERIFIED,0,2,1,1,0,1_STEP,CLEAN,0->1,1,1,0,0,0,87.7096681141,87.7096681141,2.33432772973,8.24904996567e-06,204.743105598,204.743110444,2.33432767448,2.33432772973,-5.59943337276e-06,6.05748885596e-06,-40.0195326797,-200.79386518,58.3682646055,139.912616307,-0.0873836926538,0.109545290198,254.487660414,1.77941269938e-05,236.522096792,236.522109319,4.05223794798,4.0522381626,1.4526283976e-05,1.02770632634e-05,-38.9197839301,-233.297991182,OK
718156,2,218156,98.8945214208,125,525.989347122,110.36258567,5.12964610563,0.432364723691,973.432094736,0.931152167352,1.3782658210296448,3.10038807187,0.229032779993,0.563172868122,4.25487673911,-4.4861138409,-8117.278259349208,-6854.305207140681,1,1,1,22.531267869055142,718156,718156,0.0603546,0.0831674,0.00223197,4.209203463678636,True,True,171.34045296092086,,True,NUCLEATED,42,8,,CSV_VERIFIED,0,2,1,1,0,1_STEP,CLEAN,0->1,1,1,0,0,0,83.6432259839,83.6432259839,2.5801833571,1.50725556215e-05,215.814866209,215.814859617,2.58018343591,2.5801833571,-1.46708224488e-05,-3.45671833359e-06,-47.3602909121,-210.554171941,53.3078633701,140.062221408,0.0622214082987,0.155133794257,243.011075684,1.06402264298e-05,240.206694372,240.206701933,4.50602742609,4.50602756793,8.83138180331e-06,5.93473789822e-06,-47.4260321906,-235.47829516,OK
723063,2,223063,116.770512697,125,435.200853254,428.925585637,6.61459471485,0.308808316206,1920.92971189,1.10681186583,1.4207517217920096,0.981822989396,0.25245391766,5.95454192674,-2.73577159865,-2.9149845228,3055.7907570082534,-7383.049033862391,1,1,1,11.089738315585688,723063,723063,-0.0175025,-0.030762,-0.000289235,3.4057017530010416,True,True,166.04850183846438,,True,NUCLEATED,40,7,,CSV_VERIFIED,0,2,1,1,0,1_STEP,CLEAN,0->1,1,1,0,0,0,82.3831030905,82.3831030905,2.66190764007,1.07800157473e-05,219.296222297,219.296211529,2.66190777078,2.66190764007,-1.21227892089e-06,-1.07116347646e-05,-34.8382559932,-216.511267682,55.0031423998,139.956306953,-0.0436930468707,0.137233084973,280.941754542,1.40867204194e-05,239.726246773,239.726236162,4.35841001648,4.35840982356,-1.07636313215e-05,-9.08735016109e-06,-36.2661313619,-236.967173059,OK
726335,2,226335,40.7128227588,125,381.97625218,397.462454794,8.31262245917,0.0877307086317,83.3088040888,1.36322903639,1.451072675755969,1.80497007594,0.251820793524,5.60186886923,-2.79834113477,-2.399420329,-12139.638976451146,-7675.304966366351,1,1,1,11.807474170666447,726335,726335,-0.0195121,0.069114,0.000776179,4.522430691270496,True,True,166.60207073372962,,True,NUCLEATED,39,7,,CSV_VERIFIED,0,2,1,1,0,1_STEP,CLEAN,0->1,1,1,0,0,0,80.8368455717,80.8368455717,2.72261635455,1.80502472225e-05,220.087734802,220.087717803,2.72261656483,2.72261635455,-9.52940513595e-06,-1.53297704663e-05,-46.5516890059,-215.108231504,49.2140042396,139.292525074,-0.707474925815,0.226356641856,153.341817221,2.12966072201e-05,241.735370407,241.735364384,4.91192241197,4.91192228958,1.94520342376e-05,-8.66970836339e-06,-31.9433036227,-239.615555963,OK
727232,2,227232,116.336698299,125,435.842147657,430.960978262,9.08595404984,0.366653156284,1518.36816818,1.08576844267,1.4611775288986917,0.266312526899,0.250927849361,6.03843683344,-2.76841524397,-2.90824645853,2883.8018093668816,-7465.604921803915,1,1,1,10.08434759289745,727232,727232,-0.0176772,-0.0240855,-0.000224824,2.5618681991173515,True,True,165.60288829789545,,True,NUCLEATED,40,7,,CSV_VERIFIED,0,2,1,1,0,1_STEP,CLEAN,0->1,1,1,0,0,0,80.6628979811,80.6628979811,2.75824732229,1.19432483964e-05,222.488221568,222.488222365,2.75824731241,2.75824732229,1.19268125147e-05,-6.26358920371e-07,-26.467946214,-220.908253715,45.7028481425,139.941185868,-0.058814132197,0.286334691102,142.021304662,5.10437059313e-06,242.866234534,242.866239627,5.31402843378,5.31402854522,2.21956979665e-07,5.09954255313e-06,-26.7930950119,-241.383797999,OK
728999,2,228999,66.6527928874,125,418.47106773,410.778151342,3.70333186936,-0.119273053246,356.500430145,1.4266169018,1.3070592250568647,0.815343124577,0.271222895114,5.65765421639,-2.65950889893,-2.87034057674,-3960.672383637935,-7815.484583380726,1,1,1,10.324043409949281,728999,728999,-0.0170816,-0.0356181,-0.000362749,4.135180012476573,True,True,168.77293164685508,,True,NUCLEATED,40,7,,CSV_VERIFIED,0,2,1,1,0,1_STEP,CLEAN,0->1,1,1,0,0,0,82.0524088746,82.0524088746,2.70031664448,1.36120215123e-05,221.567473057,221.567485404,2.70031649401,2.70031664448,-8.73123921278e-06,-1.04428248793e-05,57.3367474695,214.02019182,46.398349705,139.813555871,-0.186444129035,0.282814313388,228.481302302,1.1327991537e-05,242.723363285,242.723373019,5.23129302719,5.23129323698,-8.1100211432e-06,-7.90891581188e-06,62.6373459389,234.502012738,OK
729767,2,229767,107.469155411,125,405.150209442,395.040853622,2.96132794937,0.346546663341,1144.79266116,0.891246073613,1.2451331948496716,1.57707630377,0.250892564583,5.20375047922,-2.3826950311,-2.65004304419,-6139.2505882626265,-6957.5213892604215,1,1,1,11.009645097658016,729767,729767,-0.0165512,-0.0443902,-0.000484556,5.61516659383643,True,True,172.4122044388475,,True,NUCLEATED,40,7,,CSV_VERIFIED,0,2,1,1,0,1_STEP,CLEAN,0->1,1,1,0,0,0,85.6720298148,85.6720298148,2.51637821299,3.24679296262e-05,215.583258738,215.583229289,2.51637855674,2.51637821299,2.65107014337e-06,-3.23595160858e-05,-74.5076354518,-202.298674508,58.2778917104,139.861890393,-0.138109607163,0.117422748639,277.944583172,1.11815283867e-05,238.859249972,238.859257995,4.09862544718,4.09862558485,9.97293884525e-06,5.05638881524e-06,-77.6278899136,-225.893010084,OK
730000,2,230000,67.4833457818,125,402.972878267,418.128404103,3.10197638735,-0.126380807088,934.016195326,1.38566005001,1.258940373631005,0.356647343108,0.272693306799,5.83851775857,-3.04179364555,-2.63052318156,-2674.107159696235,-7646.701958367379,1,1,1,9.580171048138347,730000,730000,-0.0197008,0.0723319,0.000738899,5.046708383892307,True,True,170.54274296557455,,True,NUCLEATED,39,7,,CSV_VERIFIED,0,2,1,1,0,1_STEP,CLEAN,0->1,1,1,0,0,0,83.7485522681,83.7485522681,2.63621059662,6.0477475639e-06,220.778815534,220.778820941,2.63621053207,2.63621059662,8.43685369253e-07,-5.98860965454e-06,70.4362718693,209.241527891,56.4450619648,139.96727219,-0.032727810198,0.130062123288,297.922247867,6.0477475639e-06,240.113000831,240.113006272,4.25392394787,4.25392404427,8.43685369253e-07,-5.98860965454e-06,73.6437846642,228.540688168,OK
730891,2,230891,102.525466378,125,387.630665669,393.780982401,5.14545087072,0.403930786862,967.960310185,0.96303303553,1.3788427563443713,3.26819031615,0.236128453791,5.25081379361,-2.55635996074,-2.39752827544,-7275.932494752264,-7023.608874768054,1,1,1,14.411390809611863,730891,730891,-0.0183784,0.0270288,0.00030321,0.47162610043265873,True,True,167.22607256781652,,True,NUCLEATED,39,7,,CSV_VERIFIED,0,2,1,1,0,1_STEP,CLEAN,0->1,1,1,0,0,0,87.0018047433,87.0018047433,2.415053649,2.37292931665e-05,210.114002443,210.114026015,2.41505337806,2.415053649,-7.76918937838e-06,-2.24213971595e-05,45.4796044933,205.13288278,62.2344564183,139.998396114,-0.00160388562045,0.0861332655685,228.653531998,2.37292931665e-05,235.718411957,235.718435473,3.78758690158,3.78758727944,-7.76918937838e-06,-2.24213971595e-05,46.684032565,231.049282273,OK
731219,2,231219,63.1016558153,125,395.131288934,406.868646037,7.15866974577,0.0798561601419,439.503337343,1.35206241747,1.432003695973222,1.19470045912,0.252964062424,5.71545513272,-2.8380560672,-2.5269529,-7946.481157534286,-7649.247704175451,1,1,1,10.87968804193136,731219,731219,-0.0191903,0.0539823,0.000576733,2.461956204645684,True,True,166.59437427897421,,True,NUCLEATED,39,7,,CSV_VERIFIED,0,2,1,1,0,1_STEP,CLEAN,0->1,1,1,0,0,0,82.0768136551,82.0768136551,2.6918919821,1.95609652875e-05,220.941929533,220.941916594,2.69189213973,2.6918919821,1.21046039122e-05,-1.53658689018e-05,-39.739387636,-217.338715594,41.9245209051,139.622206325,-0.377793675111,0.442695692107,89.2590124199,2.2119092742e-05,243.65620835,243.65622427,5.8117827727,5.81178315242,1.74443905285e-05,1.35995405371e-05,-34.2980531706,-241.230162741,OK
731594,2,231594,101.453799924,125,533.894153785,118.051908044,16.4652715275,0.281129220025,638.243592228,1.22516636361,1.5101369457948786,1.78072431349,0.248355122815,0.750431464327,4.4239222441,-4.535913649,-8936.086883690932,-7519.3435990810685,1,1,1,23.20601689952178,731594,731594,0.0576836,0.0396449,0.000640084,3.7699235642762465,True,True,162.67588257187265,,True,NUCLEATED,42,8,,CSV_VERIFIED,0,2,1,1,0,1_STEP,CLEAN,0->1,1,1,0,0,0,80.8868173887,80.8868173887,2.74683652439,1.67609168231e-05,222.182850795,222.182864345,2.74683635688,2.74683652439,-1.08861790935e-05,-1.27443884708e-05,17.2056891631,221.515650571,46.7263438487,140.17050461,0.170504609557,0.27189166861,243.648355182,7.99400710217e-06,242.879273609,242.879277058,5.19790879413,5.19790886796,-7.41314739599e-06,-2.99155398329e-06,15.1985712237,242.403269329,OK
733462,2,233462,113.493070414,125,522.326148625,106.41508308,34.7069199913,0.425985542735,375.978960172,1.10194066897,1.541991598108155,7.80820614896,0.248964260454,0.793421022719,4.34986070428,-4.29249621389,-12868.617153515364,-7537.4324323107485,1,1,1,24.8847497104922,733462,733462,0.0618456,0.105417,0.00314288,6.482309306670977,True,True,158.6624673096629,,True,NUCLEATED,42,8,,CSV_VERIFIED,0,2,1,1,0,1_STEP,CLEAN,0->1,1,1,0,0,0,86.2589210718,86.2589210718,2.40639137209,2.12384309817e-05,207.572733826,207.572723433,2.40639149257,2.40639137209,1.90025572472e-05,9.48545036522e-06,10.0307647285,207.330228348,54.2059974751,140.013125955,0.0131259548489,0.145499942826,236.810861838,2.03470412766e-05,238.277134938,238.27712022,4.39577069026,4.39577041875,-1.35574744541e-05,1.51722435763e-05,7.84451544705,238.147972092,OK
736355,2,236355,61.8644470621,125,399.281638981,395.39536696,5.01292605162,0.0873271194716,417.895398556,1.28645819473,1.3738966899808034,1.14884301946,0.251086574544,5.40443493887,-2.49637984834,-2.59844644275,-8245.09708205742,-7581.782841135346,1,1,1,10.520756307488202,736355,736355,-0.0172561,-0.0171193,-0.000189121,1.8673470341334344,True,True,167.48726428855625,,True,NUCLEATED,38,7,,CSV_VERIFIED,0,2,1,1,0,1_STEP,CLEAN,0->1,1,1,0,0,0,84.4640692651,84.4640692651,2.58407701315,1.66634555693e-05,218.261672278,218.261659825,2.58407716058,2.58407701315,1.38539252322e-05,9.25956301177e-06,55.0126386986,211.214978562,53.712860108,139.967872394,-0.0321276064857,0.168026645208,275.899322994,1.90387290015e-05,240.845873324,240.845888521,4.48395175456,4.48395203749,8.13826345058e-06,-1.72116783029e-05,48.9775227953,235.81335195,OK
736877,2,236877,95.6551626477,125,397.452679632,388.262801126,2.20854208995,0.378342279349,598.398571434,0.757622029421,1.1456268275722465,1.09223927533,0.237688816689,5.0979303308,-2.34541009276,-2.58404548863,-8531.631361937121,-6564.729041385945,1,1,1,9.949302941358155,736877,736877,-0.0165319,-0.0394284,-0.000445433,4.787103986636635,True,True,182.4116524335905,,True,NUCLEATED,40,7,,CSV_VERIFIED,0,2,1,1,0,1_STEP,CLEAN,0->1,1,1,0,0,0,82.9584810437,82.9584810437,2.62209157938,1.54474829964e-05,217.524719288,217.524734583,2.62209139501,2.62209157938,-5.1108620256e-06,-1.4577510771e-05,100.017903897,193.166825313,53.4402324714,139.865340143,-0.134659857116,0.16270538442,294.772858349,1.69704640248e-05,240.703992093,240.704008501,4.50417187504,4.50417218207,-1.08186645984e-05,-1.30749051822e-05,100.982757262,218.496898251,OK
737360,2,237360,97.9772766277,125,414.459011578,405.627561248,3.24748132969,-0.182812088759,235.441810552,1.4559253956,1.272079409943326,1.70076587049,0.279934998588,5.46416864565,-2.58533399276,-2.8246939582,-5188.770522284452,-7806.052930040266,1,1,1,11.58196965557979,737360,737360,-0.0168742,-0.0401955,-0.00041842,4.869187780669096,True,True,168.67879122112942,,True,NUCLEATED,40,7,,CSV_VERIFIED,0,3,2,1,0,1_STEP,CLEAN,0->2,1,1,1,0,0,82.7697374795,82.7697374795,2.6510690548,1.59437277557e-05,219.428273815,219.428289706,2.65106886281,2.6510690548,5.86610130716e-06,1.48253603734e-05,-63.9603499555,-209.899597386,50.2936241938,140.192934242,0.192934242483,0.203879323134,291.684892396,2.16563122758e-05,241.462733532,241.462721273,4.80106052014,4.80106027639,-2.06616845725e-05,-6.48773088312e-06,-70.7755866816,-230.857245965,OK
737783,2,237783,32.6407753763,125,400.607565438,406.533976069,2.77599528761,0.0426303431118,659.766259324,1.18239285728,1.2250361233126017,0.190201335461,0.248280619021,5.69230095,-2.77586340007,-2.61777455706,-6828.481108543347,-7449.9092514386875,1,1,1,9.266902234490837,737783,737783,-0.0185278,0.0271785,0.000287752,0.4764015702001145,True,True,172.20200703753392,,True,NUCLEATED,39,7,,CSV_VERIFIED,0,3,1,1,0,1_STEP,CLEAN,0->2,1,1,0,0,0,101.37972971,101.37972971,2.34502135463,8.1789306384e-06,237.737622952,237.737631095,2.3450212743,2.34502135463,-7.91571287942e-06,-2.05825071317e-06,234.658789283,38.136989647,48.7252634656,139.764827318,-0.235172682418,0.254416508854,84.7643026468,4.25742464801e-05,258.296790353,258.296829488,5.30108555566,5.30108635885,-3.28807529216e-05,-2.70448248406e-05,247.976722271,72.2826197522,OK
744093,2,244093,104.826295473,125,413.768499598,402.795904294,3.73137080452,0.113327169672,898.250661299,1.19538021955,1.3089513796834857,2.0369411041,0.261437049542,5.40719902809,-2.47359828935,-2.76971272994,-5405.002652323463,-7472.043287483121,1,1,1,12.203243886652587,744093,744093,-0.0165916,-0.0494423,-0.000519557,6.52718521438898,True,True,168.86891945949307,,True,NUCLEATED,40,7,,CSV_VERIFIED,0,2,1,1,0,1_STEP,CLEAN,0->1,1,1,0,0,0,84.9867559636,84.9867559636,2.54675661995,2.89647255851e-05,216.440558915,216.440583358,2.54675633234,2.54675661995,8.3177229722e-06,-2.77447438766e-05,58.7804390838,208.305966128,55.1285584897,139.962430642,-0.0375693576902,0.145736324726,213.963071073,1.73302646539e-05,239.794727423,239.794744043,4.34973694202,4.34973724349,4.04701708424e-07,-1.73255386496e-05,62.5725329723,231.486909819,OK
745751,2,245751,82.4518309575,125,407.981454424,406.0551322,2.09326936034,0.0412172697713,1029.58445526,1.08390079866,1.1251297477785633,0.58476089287,0.267921052835,5.5604873087,-2.65492797418,-2.70675217827,-6030.25971082918,-7226.320937234522,1,1,1,9.758398933613412,745751,745751,-0.0176428,-0.00879883,-9.28514e-05,1.152314481126697,True,True,179.7337355127572,,True,NUCLEATED,38,7,,CSV_VERIFIED,0,2,1,1,0,1_STEP,CLEAN,0->1,1,1,0,0,0,83.792825958,83.792825958,2.62456153642,2.66453916044e-05,219.919403482,219.919428037,2.62456124338,2.62456153642,-2.07972251542e-05,-1.66569000608e-05,104.800512982,193.342691888,49.8349684383,139.850515688,-0.149484311573,0.223554438465,168.542976125,1.58106080172e-05,242.126447419,242.126454194,4.8585652807,4.85856541665,9.91563835348e-06,-1.23148464025e-05,105.32823695,218.016465068,OK
748231,2,248231,39.826657965,125,546.893974281,109.201198389,2.10784640516,-0.0736004905122,716.604459828,1.20149016645,1.1278230640606681,0.171333791536,0.272396080314,0.565187611722,4.5788498536,-4.91180112713,-5177.954692438207,-7678.940628037497,1,1,1,24.458290700308638,748231,748231,0.0627303,0.0930442,0.00252493,5.050035685599303,True,True,190.21646636475919,,True,NUCLEATED,42,8,,CSV_VERIFIED,0,2,1,1,0,1_STEP,CLEAN,0->1,1,1,0,0,0,82.7976474587,82.7976474587,2.73885168521,1.3853517489e-05,226.770488787,226.770476273,2.73885183634,2.73885168521,2.2536112941e-06,1.36689861713e-05,129.331671094,186.274457285,46.7591484294,140.074464079,0.0744640785451,0.274515645011,249.390383777,1.25865532218e-05,243.41995321,243.419965726,5.20582519971,5.20582546736,-6.61903227104e-06,-1.07055935754e-05,105.298312274,219.466487312,OK
748973,2,248973,101.873599268,125,392.584413913,404.46275902,2.62176522618,0.0761932953648,379.71547016,1.13013976619,1.2064069771414807,1.34496580831,0.274949612215,5.48811480988,-2.84085808739,-2.52796227847,-7324.271770144174,-7576.419425420538,1,1,1,10.722060595761185,748973,748973,-0.0191777,0.0542041,0.000585616,2.487005521149571,True,True,173.37963490117244,,True,NUCLEATED,39,7,,CSV_VERIFIED,0,3,2,1,0,1_STEP,CLEAN,0->1,1,1,0,0,0,84.3500628605,84.3500628605,2.59610361088,2.01456118996e-05,218.981522657,218.98150277,2.59610384664,2.59610361088,1.04838571582e-05,1.72027444873e-05,82.5973284664,202.806776502,51.9419009497,139.935560935,-0.0644390653882,0.191084707078,247.755102373,2.28428046718e-05,241.405315153,241.405337676,4.64760262407,4.64760305769,-4.52117714615e-06,-2.23909062453e-05,86.5691798949,225.349291715,OK
752342,3,2342,90.2753361917,125,413.71634518,414.344785935,2.03496707055,0.0368992780918,1681.68339317,1.07713789949,1.1140455561269618,0.544212023023,0.269158707291,5.73394020222,-2.77535569515,-2.75815735545,-4665.707578115633,-6913.289718323432,1,1,1,9.922366596499723,752342,752342,-0.0180436,0.0029507,2.97616e-05,0.5063434012422051,True,True,180.82016541026263,,True,NUCLEATED,38,7,,CSV_VERIFIED,0,2,1,1,0,1_STEP,CLEAN,0->1,1,1,0,0,0,82.6654557032,82.6654557032,2.67286118775,2.53524240681e-05,220.95326509,220.953288117,2.6728609092,2.67286118775,-1.64440905801e-06,-2.52990380248e-05,105.275267048,194.26132786,43.9136044548,140.010736336,0.0107363355085,0.363467009165,154.471671671,2.65082799258e-06,243.371842461,243.371844272,5.54206026771,5.54206030896,-2.53729382667e-06,-7.67482301687e-07,107.730492118,218.22922529,OK
753079,3,3079,90.4249688518,125,537.284037219,107.323726659,15.0462171525,0.153857996357,487.463298529,1.34996045461,1.504432038301364,4.50739185255,0.252867377474,0.656483210945,4.51127385182,-4.64847743201,-8908.571858491112,-7654.314142958371,1,1,1,23.624463210604212,753079,753079,0.0627563,0.102694,0.00295082,6.111186006168594,True,True,160.0901596872085,,True,NUCLEATED,42,8,,CSV_VERIFIED,0,2,1,1,0,1_STEP,CLEAN,0->1,1,1,0,0,0,83.6981232344,83.6981232344,2.57716134586,4.2488463134e-06,215.703571765,215.703567921,2.57716139179,2.57716134586,-1.47069338902e-06,3.98619567387e-06,18.6089598363,214.899365951,46.6008553787,139.95241178,-0.0475882196,0.276862366808,155.610101241,3.51567509015e-06,241.965603495,241.965602497,5.19229961615,5.19229959472,3.43254583021e-06,7.6000030459e-07,16.9509765719,241.371120203,OK
753978,3,3978,66.3974230348,125,551.51289689,112.464660889,2.55050715167,-0.249395261493,1148.34306405,1.44919282708,1.1971370928687246,0.203985903592,0.286157291189,0.42784711497,4.66403882946,-4.97037770459,-1080.2614835752706,-7544.496332309613,1,1,1,24.667057887655325,753978,753978,0.061656,0.0741243,0.00180023,3.7486164033025338,True,True,178.94002137716862,,True,NUCLEATED,42,8,,CSV_VERIFIED,0,2,1,1,0,1_STEP,CLEAN,0->1,1,1,0,0,0,81.7177679389,81.7177679389,2.73682439256,5.49642579425e-06,223.647185613,223.647180601,2.73682445389,2.73682439256,-2.93696798748e-07,5.48857346695e-06,80.8184454468,208.534032014,51.6996382897,140.074406769,0.0744067689851,0.169205683962,216.44428568,1.15078766457e-05,241.939645661,241.939653878,4.67971640934,4.67971656827,-1.04824158115e-05,-4.748703365e-06,87.4525419205,225.581127434,OK
754909,3,4909,56.0652988091,125,405.878007151,415.746650067,3.04715502341,-0.111360375897,383.781794008,1.36528729958,1.2536954638639193,0.423814145544,0.274184213177,5.83005308211,-2.96877201395,-2.70079923474,-4461.116742685855,-7835.816139342527,1,1,1,9.741229236401699,754909,754909,-0.0190837,0.0466736,0.000477668,1.710765866399305,True,True,171.0170474764973,,True,NUCLEATED,39,7,,CSV_VERIFIED,0,2,1,1,0,1_STEP,CLEAN,0->1,1,1,0,0,0,81.5796254685,81.5796254685,2.73643975846,1.64399166814e-05,223.237744478,223.237730612,2.73643992843,2.73643975846,1.28816718227e-05,1.02143718134e-05,73.0275690406,210.955124896,43.8153809941,139.712716169,-0.287283830718,0.357185321531,253.310875229,2.65729948602e-05,243.417455573,243.417478488,5.55552525278,5.55552577578,5.70215552309e-06,-2.59539877134e-05,75.3270442485,231.468991621,OK
756400,3,6400,86.3619786271,125,427.389704654,435.280268948,9.83839447949,-0.106319977181,738.614151763,1.57602291176,1.4695016030262436,0.3100091416,0.259606544015,6.13344744245,-3.12205058778,-2.89708684626,3747.4347769874566,-7735.1446032948115,1,1,1,9.99958034325289,756400,756400,-0.0190842,0.0395909,0.000371172,1.1342434936486128,True,True,165.60170775501828,,True,NUCLEATED,39,7,,CSV_VERIFIED,0,2,1,1,0,1_STEP,CLEAN,0->1,1,1,0,0,0,82.4706185421,82.4706185421,2.680508502,8.65844678032e-06,221.063185733,221.063194167,2.68050839972,2.680508502,2.77078414799e-06,8.20313695198e-06,-21.6157982843,-220.0038394,54.4828337688,139.997945183,-0.00205481714613,0.14376328256,277.995923836,3.71490033462e-05,240.457423477,240.457387221,4.41345295102,4.41345228557,4.44329243441e-06,-3.68823209948e-05,-23.9749916031,-239.259215669,OK
757216,3,7216,109.452037879,125,532.253820926,123.419600177,2.02940887866,0.456415405028,200.923353249,0.638999716107,1.112962041930702,1.17742470339,0.270620010851,0.56777295956,4.18626637521,-4.67293556088,-8527.180294913385,-6969.089761403578,1,1,1,22.95911239262402,757216,757216,0.055303,0.00892868,-0.000346768,6.55487122940445,True,True,197.01265459070487,,True,NUCLEATED,38,8,,CSV_VERIFIED,0,3,2,1,0,1_STEP,CLEAN,0->1,1,1,0,0,0,79.9668034462,79.9668034462,2.7906357554,2.12892277508e-05,223.158222603,223.158220942,2.79063577617,2.7906357554,1.80054824463e-05,-1.1359305441e-05,-103.981906742,-197.452159739,41.7038310651,140.15091264,0.150912640304,0.427347643997,203.573005997,5.4480627098e-06,244.086609255,244.086608531,5.85285819123,5.85285817386,4.51847569483e-06,-3.04380759659e-06,-108.234099242,-218.777632721,OK
759246,3,9246,89.8151735362,125,528.910311851,106.696369318,3.88459235712,0.359871554611,682.990792854,0.950709380693,1.3188396015211894,2.11798724154,0.227238167734,0.5741403656,4.29319268953,-4.57593292211,-9599.014843191722,-6820.611178160788,1,1,1,22.888324511005358,759246,759246,0.0623056,0.104948,0.00308693,6.4094069496254,True,True,177.01223890198278,,True,NUCLEATED,42,8,,CSV_VERIFIED,0,2,1,1,0,1_STEP,CLEAN,0->1,1,1,0,0,0,80.3305864235,80.3305864235,2.74575749585,1.80927461468e-05,220.568327611,220.568309819,2.74575771734,2.74575749585,-1.89587905763e-06,-1.79931405189e-05,-62.5396235632,-211.516388561,47.3457900335,138.785222487,-1.21477751345,0.248263508539,246.781677236,4.71583327847e-06,242.406663129,242.406666959,5.11992012294,5.11992020384,3.63407165549e-06,3.00542953888e-06,-61.6104809962,-234.446452225,OK
759304,3,9304,104.994836537,125,433.612288886,434.000523587,4.75701557883,-0.150103430016,1877.96594627,1.51427031047,1.363597423251567,0.821956879061,0.262540836804,6.09216983503,-2.96392690253,-2.95279472588,2796.9248287771825,-7437.657351950027,1,1,1,10.885263776745479,759304,759304,-0.018272,0.00193626,1.85006e-05,0.5353689920843153,True,True,165.82473552237988,,True,NUCLEATED,38,7,,CSV_VERIFIED,0,2,1,1,0,1_STEP,CLEAN,0->1,1,1,0,0,0,80.9920291621,80.9920291621,2.73342156642,1.85992326064e-05,221.385341327,221.38535922,2.73342134549,2.73342156642,-1.24620334187e-06,1.85574359969e-05,-46.0116267877,-216.551147664,47.9787522987,140.033217421,0.0332174206618,0.235638868412,129.303605042,6.43615455035e-06,242.014204448,242.014198112,5.04419545847,5.04419532641,-1.93340873336e-07,-6.43324993317e-06,-49.6912534955,-236.857878232,OK
759346,3,9346,116.832127498,125,545.324087241,105.683944921,2.4817382348,0.171486768538,866.785697631,1.01541653313,1.1877551287382155,1.42524523309,0.282861634927,0.369994535051,4.58623452419,-4.87272720201,-6046.414007955178,-7366.957043252831,1,1,1,24.160645189479535,759346,759346,0.0642299,0.113867,0.00336222,7.641833465215516,True,True,185.1353138245009,,True,NUCLEATED,42,8,,CSV_VERIFIED,0,2,1,1,0,1_STEP,CLEAN,0->1,1,1,0,0,0,82.3857337504,82.3857337504,2.6966835901,4.66387829607e-06,222.1682567,222.168256263,2.6966835954,2.6966835901,4.11611941991e-06,-2.1930165712e-06,-85.654679426,-204.99270762,43.7777469082,139.991121951,-0.0088780488361,0.361548817459,250.154151386,7.07729583298e-06,243.691371244,243.691371915,5.56655809068,5.566558106,6.78374732243e-06,-2.01714862441e-06,-91.2810737091,-225.949662538,OK
759382,3,9382,114.75632012,125,428.482916565,423.422939143,2.7259835943,-0.417642385091,2327.53041228,1.65004771552,1.219198692331539,0.952880998213,0.276645583494,5.79641514244,-2.77245224188,-2.91491454591,16.79039198110695,-6915.420319094492,1,1,1,10.722802196018566,759382,759382,-0.0175542,-0.0244002,-0.00023555,2.608882365694446,True,True,189.42585617315868,,True,NUCLEATED,40,7,,CSV_VERIFIED,0,2,1,1,0,1_STEP,CLEAN,0->1,1,1,0,0,0,81.0197899299,81.0197899299,2.73028573147,2.44008854462e-05,221.207198419,221.207176412,2.73028600308,2.73028573147,2.19569922267e-06,-2.43018953064e-05,-77.2284447138,-207.288185769,49.2064177075,139.978634452,-0.0213655482187,0.211923853078,165.456967286,7.74808721555e-06,241.729019546,241.729018547,4.91255065513,4.91255063484,-7.55758394248e-06,1.70756565088e-06,-83.2147171704,-226.95424591,OK
762227,3,12227,87.9155415084,125,409.611098196,405.126275993,3.58863398019,-0.0556307223102,441.463975495,1.35469235485,1.2990328983940436,1.49248053501,0.26958957944,5.50172932309,-2.62353885478,-2.7442987287,-5429.092155763707,-7738.370471925975,1,1,1,11.221441016161453,762227,762227,-0.017345,-0.0204065,-0.000214705,2.1880988902657634,True,True,169.29310423299128,,True,NUCLEATED,40,7,,CSV_VERIFIED,0,2,1,1,0,1_STEP,CLEAN,0->1,1,1,0,0,0,84.4011028834,84.4011028834,2.58802727046,5.8840138119e-06,218.432352317,218.43235592,2.58802722779,2.58802727046,-5.46512820603e-06,-2.18036515984e-06,60.1993248455,209.973174065,53.6545860959,140.093773595,0.0937735949818,0.163267270383,181.816566085,8.56037059538e-06,240.635471515,240.635464317,4.48490034171,4.48490020754,-2.52794262285e-06,8.17859711845e-06,64.6422102667,231.790454513,OK
765091,3,15091,81.6330213867,125,388.15380485,387.496180832,2.95251902915,0.42900278338,1627.70073465,0.800840581527,1.244229101976455,0.995614300053,0.197676547946,5.11746975065,-2.38426357491,-2.40112146571,-7308.504133896226,-5848.525711594446,1,1,1,9.731327710398448,765091,765091,-0.0174949,-0.00282162,-3.3819e-05,0.7892486968180644,True,True,172.9104063698487,,True,NUCLEATED,38,7,,CSV_VERIFIED,0,2,1,1,0,1_STEP,CLEAN,0->1,1,1,0,0,0,83.7873695337,83.7873695337,2.5165978337,2.11979617169e-05,210.859100314,210.85911266,2.51659768636,2.5165978337,-2.07522612091e-05,-4.32403002496e-06,85.2566502042,192.854514548,62.4343665095,139.921953116,-0.0780468837361,0.0804789987454,281.163783857,3.88764723566e-05,235.556872921,235.556835101,3.77287199487,3.77287138911,2.14381465873e-05,3.24312499573e-05,80.8730928235,221.238747144,OK
765873,3,15873,86.7617114408,125,399.078910107,400.896328205,3.0196432484,0.318945206767,1356.32892685,0.92638222567,1.250998586855515,1.06240741487,0.224693118075,5.4518080757,-2.60471540351,-2.55666564886,-7000.671998735019,-6546.169031012315,1,1,1,10.324143839876985,765873,765873,-0.0179859,0.00817049,8.75719e-05,0.3587286962113661,True,True,171.84544473674688,,True,NUCLEATED,38,7,,CSV_VERIFIED,0,2,1,1,0,1_STEP,CLEAN,0->1,1,1,0,0,0,82.1721666575,82.1721666575,2.65125556024,1.32774844759e-05,217.859426993,217.859413747,2.65125572143,2.65125556024,3.9926610123e-06,1.2662948e-05,79.7905702478,202.721964348,49.4513255226,140.010646948,0.0106469477779,0.216696762963,173.41158217,5.82656746419e-06,241.744130942,241.744135528,4.88852681676,4.88852690952,1.9324529205e-06,-5.4967730647e-06,77.5212471949,228.977468494,OK
766404,3,16404,108.946793973,125,436.498542261,434.510612275,2.70717805329,0.20990148817,4032.66550632,1.00548032169,1.2169545239348094,0.279382013745,0.245214193115,6.12100405291,-2.88619875408,-2.94342346214,2144.1064647696476,-6097.795295843522,1,1,1,10.142844041133396,766404,766404,-0.0180279,-0.00992242,-9.12839e-05,1.2097958524228816,True,True,172.73426800192522,,True,NUCLEATED,38,7,,CSV_VERIFIED,0,2,1,1,0,1_STEP,CLEAN,0->1,1,1,0,0,0,80.7768259858,80.7768259858,2.74709495677,5.78782007978e-06,221.901605902,221.90161129,2.74709489008,2.74709495677,1.76832282313e-08,5.78779306639e-06,-81.7101959451,-206.309879988,45.8999813245,139.999628094,-0.000371905742071,0.281354308104,66.6034386027,1.07495166844e-06,242.701539715,242.701539506,5.28761739572,5.28761739117,9.15771493457e-07,-5.62924205605e-07,-84.5238746568,-227.507696557,OK
766659,3,16659,94.2941838567,125,552.536886687,121.08381218,2.36997260496,-0.397284473407,1856.2886127,1.58007132356,1.1715154510435872,0.491219323537,0.288906458643,0.396021148291,4.64599508162,-4.95925713526,27.37008758902175,-7015.7817986146165,1,1,1,24.56578271729346,766659,766659,0.0580383,0.0229755,7.5314e-05,5.162117217538574,True,True,195.05551939811374,,True,NUCLEATED,38,8,,CSV_VERIFIED,0,2,1,1,0,1_STEP,CLEAN,0->1,1,1,0,0,0,80.5796126794,80.5796126794,2.77757744242,4.5430899595e-05,223.816072225,223.816114498,2.77757691782,2.77757744242,9.93818858699e-07,4.54200282044e-05,-86.5350791412,-206.410547852,47.9518202481,139.917495783,-0.0825042174499,0.223640286884,294.465217255,6.97161450299e-06,242.829895936,242.829900914,5.06403916848,5.06403927229,-2.57293037011e-06,6.47946279323e-06,-94.0225168468,-223.888643495,OK
768170,3,18170,103.036814128,125,535.448396083,123.379223657,4.25406784486,0.174463408477,238.16604962,1.1645580686,1.3399188613772717,3.27735227593,0.257849944431,0.620284182769,4.25225195362,-4.7200050375,-8553.170659290903,-7579.167836530246,1,1,1,23.284803202502097,768170,768170,0.0556028,0.00920914,-0.000339589,6.5570532269901936,True,True,175.24570661736826,,True,NUCLEATED,38,8,,CSV_VERIFIED,0,3,2,1,0,1_STEP,CLEAN,0->1,1,1,0,0,0,83.575453677,83.575453677,2.61162895032,1.99546708153e-05,218.268054406,218.268074359,2.61162871158,2.61162895032,4.5277440431e-06,1.94342075019e-05,-52.3426566254,-211.899008662,49.5713234329,139.823154056,-0.176845944449,0.218289913081,114.36322266,8.36764491653e-06,241.731166088,241.731158729,4.87643156059,4.87643141213,-5.58099467015e-06,-6.23457937161e-06,-56.0670299348,-235.139203054,OK
769637,3,19637,87.8815579039,125,390.036802763,404.623017094,2.40975312739,0.344792843794,1391.29927985,0.825424910838,1.1774429978601024,0.900462269587,0.221065988107,5.52967917331,-2.83199178524,-2.44891694709,-7071.501363623783,-6234.80444013283,1,1,1,9.972534480516764,769637,769637,-0.0194904,0.0666509,0.000723001,4.140483772553402,True,True,177.84305217182782,,True,NUCLEATED,39,7,,CSV_VERIFIED,0,2,1,1,0,1_STEP,CLEAN,0->1,1,1,0,0,0,81.9305528909,81.9305528909,2.65606881154,2.61919929225e-05,217.613209732,217.613186246,2.6560690982,2.65606881154,2.07389947336e-05,1.59973307365e-05,95.6689320884,195.455786516,49.5124733142,140.013316713,0.0133167129601,0.214001534824,228.670162524,1.69034056914e-05,241.733319133,241.733336024,4.88227113194,4.88227147308,-7.18801459592e-06,-1.52989401638e-05,94.2716639321,222.593465669,OK
769792,3,19792,72.1990860578,125,557.99864894,121.784960816,4.50641567647,-0.278648821423,1127.79712487,1.63481580531,1.352428885470568,0.060914225539,0.265832277922,0.350111066172,4.74307499305,-5.05700814324,3952.524599873509,-7467.168861592334,1,1,1,25.00728548198701,769792,769792,0.0582162,0.0190164,-5.20811e-05,5.62889107254293,True,True,171.1633554418839,,True,NUCLEATED,38,8,,CSV_VERIFIED,0,2,1,1,0,1_STEP,CLEAN,0->1,1,1,0,0,0,83.2468139385,83.2468139385,2.66654062102,1.0002888169e-05,221.981002297,221.981010937,2.66654051723,2.66654062102,-6.65748119578e-06,-7.46563566279e-06,44.1347282257,217.549284405,56.211764567,140.00647246,0.00647245987329,0.120498391081,231.90611468,1.88066056685e-05,240.651373172,240.651391913,4.28115671206,4.28115704545,-2.42010971331e-06,-1.86502409032e-05,50.8158956655,235.225058524,OK
773312,3,23312,114.306899657,125,439.367051814,436.955840146,9.13351000444,-0.252738429657,929.556615227,1.71725329145,1.4617437611304356,6.45956776918,0.258678010637,6.11167651236,-2.97814656136,-3.04797933228,3616.96213145862,-7663.252985180121,1,1,1,23.19181370542867,773312,773312,-0.0180144,-0.012121,-0.000110311,1.3781726249283666,True,True,165.80739447396635,,True,NUCLEATED,38,7,,CSV_VERIFIED,0,2,1,1,0,1_STEP,CLEAN,0->1,1,1,0,0,0,78.8312458656,78.8312458656,2.66839667237,9.0150227177e-06,210.353039227,210.353034147,2.66839673682,2.66839667237,-6.91523261635e-06,5.78361413499e-06,20.5358152197,209.348230003,48.815130449,140.033982601,0.0339826011464,0.202898557171,118.429781402,7.0690079088e-06,237.953219892,237.95322696,4.87457920738,4.87457935217,-6.29118534136e-07,-7.04095751192e-06,25.4993378502,236.583005785,OK
773603,3,23603,68.28891093,125,418.287440682,408.816824665,2.68603800398,-0.265012199831,271.973071377,1.48261535997,1.2143987854586422,0.545408236664,0.290478541501,5.5583897241,-2.61858392582,-2.87746378912,-2935.117427908662,-7847.738208011485,1,1,1,9.760624670650298,773603,773603,-0.0168568,-0.0435471,-0.000446174,5.429769039937613,True,True,170.24950045723378,,True,NUCLEATED,40,7,,CSV_VERIFIED,0,2,1,1,0,1_STEP,CLEAN,0->1,1,1,0,0,0,80.5534472158,80.5534472158,2.75240073966,1.84669572979e-05,221.715385464,221.715367699,2.7524009602,2.75240073966,1.11358716947e-06,1.84333511727e-05,73.2856407337,209.253260462,52.230699666,140.021771729,0.0217717289009,0.161904275988,248.170755985,3.22632066164e-06,240.902850507,240.902848588,4.61228457684,4.6122845401,-1.77962324253e-06,2.69111243287e-06,82.4809244981,226.342838359,OK
776438,3,26438,96.1908248251,125,420.076006756,431.379418291,2.46174542807,-0.156601196642,2592.54027008,1.34219141896,1.1849429740944202,0.373071348813,0.274227195305,6.09384201428,-3.11119784029,-2.79312159359,-139.03871218233417,-6881.4152742849765,1,1,1,10.04864490304514,776438,776438,-0.0194112,0.0561169,0.000537627,2.713932049188622,True,True,174.74021044762557,,True,NUCLEATED,39,7,,CSV_VERIFIED,0,2,1,1,0,1_STEP,CLEAN,0->1,1,1,0,0,0,80.9863532318,80.9863532318,2.74910585243,1.12700520885e-05,222.64004705,222.640057636,2.74910572171,2.74910585243,5.5516633961e-07,1.12563699483e-05,-86.5882749875,-205.112313588,45.9075062009,139.950964269,-0.0490357310242,0.284993765835,140.93281751,1.29175043443e-05,242.805339757,242.805347176,5.28901175103,5.28901191265,1.25890037755e-05,2.89463338392e-06,-91.3775235129,-224.954620337,OK
777179,3,27179,70.4975926234,125,555.096512628,113.946891848,3.60339119115,-0.426583392333,806.571791856,1.74080402267,1.300092186199181,0.547333197701,0.268669349218,0.263437369303,4.71436612738,-5.04002094944,3470.089297920528,-7189.6230614461965,1,1,1,24.81223247239015,777179,777179,0.0613079,0.0656334,0.00148634,3.4988705237954583,True,True,177.2183177834591,,True,NUCLEATED,42,8,,CSV_VERIFIED,0,2,1,1,0,1_STEP,CLEAN,0->1,1,1,0,0,0,77.8464856647,77.8464856647,2.85698110888,5.24039440152e-06,222.405934396,222.405938937,2.85698105055,2.85698110888,-1.51690166228e-06,5.01604852752e-06,-50.4731065191,-216.603012844,44.8987958,140.055558731,0.0555587311271,0.259521430109,145.045598274,8.16188908113e-06,242.989299977,242.98930768,5.41193356408,5.41193373564,4.61693528356e-06,6.7305528718e-06,-63.4704522031,-234.553408844,OK
777439,3,27439,69.0718029492,125,401.112913438,402.838973003,3.05940496201,0.125681780976,1202.24624606,1.12886715594,1.2548821875409857,0.526954222584,0.24228172324,5.53071267657,-2.63724934791,-2.59138812629,-6118.83030250896,-7112.6299380700875,1,1,1,9.588845195485801,777439,777439,-0.0180038,0.00780986,8.29962e-05,0.36601709491472934,True,True,170.82520117623105,,True,NUCLEATED,38,7,,CSV_VERIFIED,0,2,1,1,0,1_STEP,CLEAN,0->1,1,1,0,0,0,85.0300870057,85.0300870057,2.54938505522,1.14203306712e-05,216.774439852,216.774433057,2.54938513514,2.54938505522,1.1101696404e-05,2.67885975604e-06,84.5187540836,199.618982016,56.5096779323,139.999422918,-0.000577082456914,0.134859982931,284.352458925,1.88173751317e-05,239.912454701,239.912451169,4.24551091919,4.24551085668,1.86315636481e-05,-2.63788606181e-06,77.628257638,227.0062544,OK
780176,3,30176,47.3059138904,125,537.730362304,113.359052702,2.95956863417,0.10040892617,150.618323927,1.14437459974,1.2449530156668882,0.658332396418,0.244570865766,0.691178079784,4.36165724994,-4.76993332822,-9278.308369832048,-7468.179256997777,1,1,1,23.724292564326312,780176,780176,0.0600577,0.0672349,0.00159387,3.466660084893329,True,True,182.1303617570052,,True,NUCLEATED,42,8,,CSV_VERIFIED,0,2,1,1,0,1_STEP,CLEAN,0->1,1,1,0,0,0,80.8988216782,80.8988216782,2.72169323403,2.02324886742e-05,220.181785897,220.181775603,2.72169336128,2.72169323403,-1.1125161884e-05,1.68992417288e-05,96.7267840487,197.797745407,48.2234495222,139.912759973,-0.0872400273552,0.240975225616,202.998083461,2.12431157143e-05,242.645905239,242.645914193,5.03169946662,5.03169965229,1.52147754905e-05,-1.48249982133e-05,80.3094948252,228.970348234,OK
784182,3,34182,117.378497106,125,433.796114387,435.641393508,7.63939299863,-0.225715601167,1272.45435145,1.66831346865,1.440635937185497,3.9966343699,0.259526454618,6.0858054491,-2.99921400793,-2.94619150545,3506.90225295249,-7625.463728563126,1,1,1,17.13395331412702,784182,784182,-0.0184457,0.00925193,8.62046e-05,0.3247734171178076,True,True,165.87529028040447,,True,NUCLEATED,38,7,,CSV_VERIFIED,0,2,1,1,0,1_STEP,CLEAN,0->1,1,1,0,0,0,81.0743593646,81.0743593646,2.63733266323,9.13312820043e-06,213.820050099,213.820056103,2.63733258918,2.63733266323,6.08176525203e-06,-6.8136746433e-06,26.6106742857,212.157690972,54.0929613939,139.922980312,-0.0770196880558,0.139787740778,270.567215091,8.88277819427e-06,237.601543707,237.601552155,4.39246692332,4.3924670795,-3.80793714408e-06,-8.02517059977e-06,30.5711895444,235.626602789,OK
788420,3,38420,106.420195506,125,538.633534679,123.535454023,5.70356984867,0.172787796368,365.371925762,1.22357231989,1.3972316581926645,5.39631240522,0.25656166363,0.602525338789,4.32533631431,-4.75871009591,-7751.236035841336,-7620.104011920659,1,1,1,23.529328255122582,788420,788420,0.0558202,0.00836623,-0.000366794,6.709539791771033,True,True,172.01912653570523,,True,NUCLEATED,38,8,,CSV_VERIFIED,0,2,1,1,0,1_STEP,CLEAN,0->1,1,1,0,0,0,84.3700041284,84.3700041284,2.53658089739,2.17590095516e-05,214.011326665,214.011340784,2.53658073003,2.53658089739,-1.88589541718e-05,-1.08533102882e-05,39.1441456128,210.401007139,51.142439379,139.997065406,-0.00293459418646,0.187536119871,137.225512969,2.16757628561e-05,240.299080054,240.299058839,4.6986237452,4.69862333039,-6.05016765928e-07,2.16673175568e-05,42.721859771,236.470908512,OK
790026,3,40026,89.5483835845,125,546.318173062,110.821981846,3.90830583928,-0.223736586467,98.4453524051,1.54595157642,1.320305008068685,2.05435276964,0.274573400922,0.412116881814,4.53285852,-4.92520330026,-3996.1758848651016,-7809.129916542379,1,1,1,24.253443822574773,790026,790026,0.0619431,0.0832831,0.00215609,4.247778461074974,True,True,178.28557105370737,,True,NUCLEATED,42,8,,CSV_VERIFIED,0,3,2,1,0,1_STEP,CLEAN,0->1,1,1,0,0,0,82.4388327804,82.4388327804,2.66937480223,2.58632355967e-05,220.06012326,220.060142949,2.6693745634,2.66937480223,1.18394012743e-05,-2.29942499986e-05,50.1746291451,214.263773045,52.1964769136,140.016065528,0.0160655275363,0.166576710021,232.55413928,3.84895510978e-06,241.174417438,241.17442092,4.62051141568,4.62051148239,-2.44411443706e-06,-2.9733415639e-06,59.1158854819,233.817047518,OK
790600,3,40600,64.6504188811,125,417.488218587,413.712177392,2.13413916594,-0.407661890588,806.846029313,1.5524969466,1.1326048879958213,0.225940396851,0.30718961798,5.63091644957,-2.74173988378,-2.84546937469,-593.2723801347825,-7481.5761693047725,1,1,1,9.320659651990026,790600,790600,-0.0175528,-0.0176698,-0.000178765,1.897469641367204,True,True,205.16930812497392,,True,NUCLEATED,38,7,,CSV_VERIFIED,0,2,1,1,0,1_STEP,CLEAN,0->1,1,1,0,0,0,76.3264000072,76.3264000072,2.91942888506,2.5179179075e-05,222.829472341,222.829496874,2.91942856365,2.91942888506,-1.48909083954e-05,-2.03039874422e-05,87.933028431,204.745589097,49.1984434332,139.965565327,-0.0344346728383,0.177423380171,299.388903444,8.68130394716e-06,241.088157214,241.088155854,4.90032083111,4.90032080347,8.36506711328e-06,-2.32178603953e-06,100.067787857,219.339776106,OK
790760,3,40760,89.5566909785,125,379.438064051,393.083824949,2.74456699387,0.419574789338,95.3346884043,0.78841287094,1.2213897025322467,1.62685467887,0.221079550749,5.29701634348,-2.72258831051,-2.37419618327,-10855.97311358023,-6580.7603079938835,1,1,1,10.92089483569581,790760,790760,-0.0192431,0.059965,0.000685047,3.194559314868026,True,True,174.91935636477615,,True,NUCLEATED,39,7,,CSV_VERIFIED,0,3,2,1,0,1_STEP,CLEAN,0->2,1,1,1,0,0,78.6055389102,78.6055389102,2.81232015752,1.55133839701e-05,221.063946443,221.06394157,2.81232021952,2.81232015752,-1.17125407906e-05,1.01725842553e-05,85.1955080864,203.987729579,41.624144135,139.597366242,-0.402633757697,0.410441074965,15.3122499072,2.09335039148e-05,243.517083873,243.517080759,5.85038056477,5.85038048997,-1.83474287602e-05,1.00788612472e-05,84.1964008372,228.498438121,OK
791633,3,41633,107.935556292,125,428.978614597,437.231377483,4.36721468009,0.106760891996,2698.01762222,1.23873320807,1.3456979555027104,0.0960857034131,0.253643464008,6.20616590636,-3.07223365497,-2.83597793171,3071.623318829508,-7123.750380724217,1,1,1,9.867681495778362,791633,791633,-0.0191434,0.0416515,0.000387475,1.2876027509704278,True,True,167.34337051243602,,True,NUCLEATED,39,7,,CSV_VERIFIED,0,2,1,1,0,1_STEP,CLEAN,0->1,1,1,0,0,0,81.597687477,81.597687477,2.72137763646,9.51707925354e-06,222.058120325,222.058121887,2.72137761732,2.72137763646,8.7448024328e-06,-3.75542646438e-06,52.9484058913,215.653136114,50.1621669844,140.156803953,0.156803953498,0.199803246083,203.596927711,1.1332435626e-05,241.842182885,241.842176832,4.82120684619,4.82120672552,1.06963268466e-05,3.74335266947e-06,54.401564489,235.644034942,OK
792235,3,42235,108.925725106,125,406.461700169,420.039046111,2.048972739,0.211658154042,2282.54567902,0.903483548604,1.1167547900544945,0.74115102129,0.267436484361,5.81188717125,-3.0052154438,-2.63434867952,-3848.2886462384213,-6424.465411210845,1,1,1,10.160682700528756,792235,792235,-0.0195442,0.0651567,0.000658273,3.918116529025565,True,True,182.30981721635948,,True,NUCLEATED,39,7,,CSV_VERIFIED,0,2,1,1,0,1_STEP,CLEAN,0->1,1,1,0,0,0,82.7962717452,82.7962717452,2.65620046037,1.7935316861e-05,219.9235114,219.923495127,2.65620065692,2.65620046037,-9.05209878729e-07,-1.79124589597e-05,-102.405108027,-194.626680382,50.6092847625,140.000556047,0.00055604722931,0.200434004978,147.656773872,1.42289376045e-05,241.632248486,241.632235204,4.77446479673,4.7744645343,-1.28418360349e-06,-1.41708693391e-05,-106.698069326,-216.798675066,OK
796871,3,46871,114.23299947,125,433.855169968,438.844672759,3.48940811961,-0.302774262513,3590.51838353,1.5992972445,1.291695037917639,0.113759313965,0.26096431892,6.13613714659,-3.03029322446,-2.88638621473,6131.164134729535,-6771.964022645818,1,1,1,9.80670388546226,796871,796871,-0.0188143,0.0252769,0.000232619,0.41492821717388423,True,True,173.5802768080425,,True,NUCLEATED,39,7,,CSV_VERIFIED,0,2,1,1,0,1_STEP,CLEAN,0->1,1,1,0,0,0,83.1712992139,83.1712992139,2.64509481934,4.45551585123e-06,219.995977107,219.995972669,2.64509487271,2.64509481934,-1.63489517378e-06,-4.14472426963e-06,-62.3210845084,-210.984151938,58.3683547983,140.002696608,0.00269660845899,0.108019638108,281.193079129,1.00164786134e-05,238.970007747,238.970013073,4.09417069529,4.09417078652,-6.67890862784e-06,7.46471857165e-06,-66.1186153613,-229.641009634,OK
800543,3,50543,108.6307059,125,414.746253827,411.457418355,4.18344610408,0.00695299254142,661.613941742,1.32920868813,1.3361617366997387,2.82847186599,0.266362635642,5.61169475803,-2.70430931398,-2.79411194284,-5100.200564801223,-7651.079070834459,1,1,1,13.988086965686984,800543,800543,-0.0175729,-0.0152816,-0.000156417,1.6746983638401745,True,True,168.15842755377966,,True,NUCLEATED,38,7,,CSV_VERIFIED,0,2,1,1,0,1_STEP,CLEAN,0->1,1,1,0,0,0,83.0272764404,83.0272764404,2.61437275434,2.07352352576e-05,217.064229241,217.064249393,2.61437251163,2.61437275434,-2.42223667882e-08,2.07352211096e-05,-50.9054074897,-211.010708507,44.9258230675,139.67521158,-0.324788419596,0.323476043113,104.993451921,7.06356097989e-06,242.342946497,242.34294963,5.39429063175,5.39429070148,6.88607189709e-06,1.57350168248e-06,-56.4004240851,-235.688556955,OK
804967,3,54967,97.1594544397,125,431.794245736,438.100104128,2.04869447296,-0.287471102617,4426.68501675,1.40828669321,1.116701253873174,0.0457695963676,0.272188082394,6.19900368674,-3.07666521423,-2.89537661,3256.4213775216767,-5811.823627239706,1,1,1,9.804463877739424,804967,804967,-0.0189456,0.0318884,0.000294815,0.6724407037735836,True,True,177.20521780624492,,True,NUCLEATED,39,7,,CSV_VERIFIED,0,2,1,1,0,1_STEP,CLEAN,0->1,1,1,0,0,0,80.1964538164,80.1964538164,2.77984301404,3.44092622477e-05,222.933585872,222.933551893,2.77984343775,2.77984301404,2.01138332241e-05,2.79182922376e-05,100.195541275,199.148781614,46.9460411282,139.975612324,-0.0243876757028,0.248538676074,131.0239156,8.24743115465e-06,242.433521698,242.433513468,5.16408872551,5.16408855022,4.09906802839e-06,7.15665857432e-06,106.246500188,217.912123666,OK
809862,3,59862,108.640699686,125,536.987150984,112.641929705,28.4921742167,0.217586946073,408.905698522,1.31637187207,1.5357133707712687,5.29612374774,0.254270849965,0.665465696343,4.53836597885,-4.57218316498,-7635.45118234194,-7693.424389236868,1,1,1,23.45874714899467,809862,809862,0.0603101,0.0713467,0.00174616,3.593567669081885,True,True,158.94846128211813,,True,NUCLEATED,42,8,,CSV_VERIFIED,0,2,1,1,0,1_STEP,CLEAN,0->1,1,1,0,0,0,85.0742798991,85.0742798991,2.50096100244,7.14623905318e-06,212.767462254,212.767456338,2.50096107198,2.50096100244,-3.73124799936e-06,6.09479458e-06,9.83572351565,212.539999852,53.7419413531,139.977304442,-0.0226955580754,0.153189993164,216.147895188,1.3585150827e-05,239.288456017,239.288447725,4.45254581416,4.45254565987,1.10667934819e-05,7.87923886052e-06,9.04561289008,239.117423184,OK
810051,3,60051,57.3555517,125,397.525636245,399.705671303,4.02029184843,0.0365964057274,1.94056645526,1.29040104968,1.3270056292453611,1.19867230527,0.257586381642,5.51134759437,-2.66862204269,-2.6111829456,-8703.268577373117,-7747.650748365796,1,1,1,10.65688673144254,810051,810051,-0.0180095,0.00976284,0.000105379,0.3279883328168963,True,True,168.6056632563755,,True,NUCLEATED,38,7,,CSV_VERIFIED,0,3,2,1,0,1_STEP,CLEAN,0->1,1,1,0,0,0,82.796979553,82.796979553,2.66853854545,1.1248086026e-05,220.946934932,220.946931384,2.6685385883,2.66853854545,1.12427717316e-05,3.45721044596e-07,63.2120545202,211.711559011,47.9846702548,139.884067201,-0.115932799271,0.261639117895,238.988075711,9.10639531486e-06,242.489504878,242.489507928,5.05347861287,5.05347867642,-9.06585530443e-06,-8.58314178854e-07,59.3085375966,235.124769738,OK
812635,3,62635,60.3124200425,125,491.839377622,482.012106584,10.4207203655,0.390590569271,534.315748226,1.07385358723,1.4751266221721782,1.43816146842,0.214282785866,8.45865689634,-3.58824342405,-3.90453341302,-23788.03991623839,-6640.0088868074945,1,1,1,15.933566778984343,812635,812635,-0.0178048,-0.0557938,-0.00041885,7.597845380847931,True,True,165.94174048926325,,True,NUCLEATED,40,7,,CSV_VERIFIED,0,3,1,1,0,1_STEP,CLEAN,0->2,1,1,0,0,0,68.6231777187,68.6231777187,1.63627618081,2.28863018007e-05,112.286448308,112.286471152,1.63627584792,1.63627618081,2.28836090155e-05,-3.51067708565e-07,-112.170582775,-5.09968956391,45.6531282963,139.894882706,-0.105117293589,0.0341291292839,244.093509072,2.11293693768e-05,122.35245666,122.3524718,2.68004540381,2.68004573543,1.58771625805e-05,-1.39415192375e-05,-122.190848492,-6.28650900385,OK
812990,3,62990,74.0776038363,125,402.082587201,401.756317777,3.51314525976,0.0102401008228,526.284123391,1.28324504979,1.293485329579924,0.981980447598,0.261874534192,5.47438815583,-2.62983597701,-2.63850370312,-6145.394599817669,-7647.390624043928,1,1,1,10.254555414904125,812990,812990,-0.0177571,-0.00147002,-1.64957e-05,0.7072028764253377,True,True,169.4015065307749,,True,NUCLEATED,38,7,,CSV_VERIFIED,0,2,1,1,0,1_STEP,CLEAN,0->1,1,1,0,0,0,85.4897515345,85.4897515345,2.5528070323,1.88888296033e-05,218.238855794,218.238838907,2.55280722983,2.5528070323,1.31885216229e-05,1.35222328475e-05,66.2408602204,207.943133129,56.1072657537,140.05546548,0.0554654804606,0.141178759775,296.758767394,1.98585998289e-05,240.194977125,240.194957915,4.28099594409,4.2809956017,1.01690796881e-05,1.70573680696e-05,66.6940921878,230.749918967,OK
813327,3,63327,101.867129271,125,423.053291231,422.753631852,5.4958537283,-0.0474770646664,985.369327446,1.43830496832,1.3908100494152666,2.60555120779,0.262120103856,5.87858447867,-2.8566402332,-2.86501666181,-1707.2276905476037,-7649.934776033768,1,1,1,13.871024592792416,813327,813327,-0.0180557,-0.00144413,-1.39699e-05,0.6922048710381339,True,True,166.93554892383528,,True,NUCLEATED,38,7,,CSV_VERIFIED,0,2,1,1,0,1_STEP,CLEAN,0->1,1,1,0,0,0,81.9364068342,81.9364068342,2.65588852781,7.92165532043e-06,217.61397084,217.613962921,2.65588862446,2.65588852781,1.61428811655e-06,7.75543015522e-06,38.7361943879,214.138617604,49.6216121486,139.982729549,-0.0172704512669,0.208579463233,133.437563908,4.15579777718e-05,240.800355393,240.800396624,4.85273140003,4.85273223093,-2.2503166281e-06,-4.14970070192e-05,43.0371685137,236.92322234,OK
814496,3,64496,79.2423498829,125,406.644654599,418.297783738,6.05117528236,-0.126581715421,46.1786724053,1.53394159195,1.4070193806733842,3.73743168322,0.264902556996,5.81330890531,-3.04546120117,-2.72775478414,-3907.7480162556094,-7826.958669038268,1,1,1,16.04181697868002,814496,814496,-0.0193112,0.0555873,0.000564162,2.649464662207818,True,True,166.16659575969334,,True,NUCLEATED,39,7,,CSV_VERIFIED,0,3,1,1,0,1_STEP,CLEAN,0->2,1,1,0,0,0,83.1411398271,83.1411398271,2.56599420817,1.30952720784e-05,213.339674098,213.339683257,2.56599409801,2.56599420817,-1.04524008468e-05,-7.8888191349e-06,27.2336844477,211.594288618,57.0932093108,140.201632337,0.201632336758,0.115668470728,272.433744735,4.23378363557e-05,237.240086678,237.24004483,4.15531180576,4.15531107279,2.00011475517e-07,4.23373639082e-05,37.1015725602,234.321002132,OK
814501,3,64501,87.5325080371,125,421.462797238,415.534480155,2.91163249033,0.486877679365,3737.22944749,0.731457066014,1.2399686267048964,0.186484771793,0.183466854674,5.71844935021,-2.57026123723,-2.7342504387,-917.3260746971682,-5003.585194144149,1,1,1,9.421566058491603,814501,814501,-0.0173461,-0.0278838,-0.000278665,3.047986149265743,True,True,173.26744955404888,,True,NUCLEATED,40,7,,CSV_VERIFIED,0,2,1,1,0,1_STEP,CLEAN,0->1,1,1,0,0,0,78.0741895591,78.0741895591,2.80580535415,7.79683688963e-06,219.060983589,219.060979086,2.80580541182,2.80580535415,-4.15149286263e-06,6.5996797267e-06,84.0151177428,202.309600666,46.8908549612,140.034664665,0.0346646653676,0.229084800752,206.873114484,2.8869506374e-05,242.032657402,242.032631238,5.16161749668,5.1616169387,2.01917443822e-05,2.06335129603e-05,80.306219528,228.321524071,OK
817844,3,67844,61.5850093019,125,546.624277471,123.337401211,3.55188066282,-0.0898082091921,269.360972811,1.38628861052,1.296359236143623,0.727689348737,0.27020701943,0.620859529485,4.45182176336,-4.92044296608,-4928.492202849707,-7837.930495297103,1,1,1,24.285831954451297,817844,817844,0.0565997,0.00963153,-0.000331768,6.637667211245112,True,True,177.36635590961737,,True,NUCLEATED,38,8,,CSV_VERIFIED,0,2,1,1,0,1_STEP,CLEAN,0->1,1,1,0,0,0,82.1732314231,82.1732314231,2.71839613249,1.66311716014e-05,223.37940985,223.379394495,2.71839631935,2.71839613249,1.89532744302e-06,-1.65228206647e-05,-61.7498975858,-214.674895814,46.6679640113,139.857661485,-0.142338514772,0.275338248288,206.446062551,1.19593256381e-05,243.244609343,243.244599212,5.2122395844,5.21223936731,3.39162609185e-06,-1.14683190648e-05,-65.5161471481,-234.255361598,OK
818693,3,68693,119.52586067,125,427.248101335,435.778594075,5.58176687531,-0.336606188145,1748.20682639,1.736832677,1.3935222409406267,2.42563742788,0.260518160368,6.08893044647,-3.09329340203,-2.84998442723,3205.5248988142357,-7461.473730386144,1,1,1,13.67686442539705,818693,818693,-0.0191579,0.0428729,0.000401452,1.3841430245210584,True,True,166.79438641028875,,True,NUCLEATED,39,7,,CSV_VERIFIED,0,2,1,1,0,1_STEP,CLEAN,0->1,1,1,0,0,0,81.7415259206,81.7415259206,2.6531784314,1.96918783338e-05,216.874872999,216.874853522,2.65317866967,2.6531784314,6.25702236018e-06,1.86713615866e-05,37.8647716742,213.543835323,54.5041212289,139.999900164,-9.98360135043e-05,0.138795813071,264.4302578,8.89867747186e-06,238.779235658,238.779243121,4.38093909733,4.38093923426,3.45925832286e-06,-8.19877994606e-06,41.9691856849,235.061929785,OK
819319,3,69319,117.325098028,125,432.833578301,438.325613618,11.0778277455,-0.00973297108744,1093.56638231,1.49050305127,1.480769926509195,3.39941711274,0.258456292905,6.17532911315,-3.05209736119,-2.89397597021,4402.186488444445,-7714.512208501161,1,1,1,15.910864627888358,819319,819319,-0.0188618,0.0277846,0.000256388,0.4974885349638335,True,True,165.6504124840746,,True,NUCLEATED,39,7,,CSV_VERIFIED,0,2,1,1,0,1_STEP,CLEAN,0->1,1,1,0,0,0,81.6875365264,81.6875365264,2.62448646256,7.08958124079e-06,214.387839553,214.387833774,2.62448653331,2.62448646256,4.60618803766e-06,5.38935932478e-06,19.1428127522,213.531492918,55.3886981988,139.999924618,-7.53822948241e-05,0.128988427113,277.360517118,1.67803441914e-05,237.453863117,237.453878527,4.28704538721,4.28704566544,5.22902824386e-06,-1.59448178041e-05,21.3321694222,236.493711664,OK
822323,3,72323,116.408266826,125,550.786872689,113.725020809,4.90382167188,0.392647617231,1622.10522745,0.966123262144,1.369631909844687,2.59377276611,0.251702366891,0.372401020427,4.72246541532,-4.87608038312,-1534.5601310315697,-7245.462548718562,1,1,1,24.445573000413358,822323,822323,0.0610349,0.0665057,0.00152927,3.4994634435566825,True,True,168.6189167413842,,True,NUCLEATED,42,8,,CSV_VERIFIED,0,2,1,1,0,1_STEP,CLEAN,0->1,1,1,0,0,0,83.8292875874,83.8292875874,2.60355521306,2.61510978155e-05,218.254204597,218.254178705,2.60355552192,2.60355521306,-8.97919403401e-06,-2.45612294369e-05,-45.3786828021,-213.484596567,55.9438106268,139.966773798,-0.0332262020267,0.128598517568,287.613716724,2.63159136907e-05,239.602352699,239.602378564,4.28291083525,4.2829112976,4.83064418302e-07,2.63114796647e-05,-48.4432502359,-234.654083547,OK
822980,3,72980,111.760307534,125,544.321554638,110.123653287,2.4252395565,-0.425939330523,670.692073028,1.61970554428,1.1797056929831216,1.2362641655,0.296602141162,0.362168036542,4.52664836563,-4.86454523045,-4436.727023815135,-7500.649744005318,1,1,1,24.009100459161118,822980,822980,0.0620856,0.0871672,0.00231064,4.533433705379801,True,True,198.38265387015912,,True,NUCLEATED,42,8,,CSV_VERIFIED,0,2,1,1,0,1_STEP,CLEAN,0->1,1,1,0,0,0,81.5380301318,81.5380301318,2.73096000541,1.38481751947e-05,222.677090573,222.67709921,2.73095989948,2.73096000541,-1.33069248494e-05,-3.83375889643e-06,85.2655148841,205.705806038,46.1261452559,139.844169333,-0.155830666867,0.278484489237,116.074101539,2.08484336725e-05,243.198695808,243.198674983,5.27246953888,5.2724690874,8.849181748e-06,1.8877212956e-05,92.6561098912,224.856511897,OK
823508,3,73508,75.3438417103,125,397.182049993,409.394165793,16.5306644479,0.0324302887374,348.030634509,1.47794034477,1.5103763208203205,0.0410026233603,0.257373344701,5.69553889407,-2.83692500923,-2.51139119507,-4719.302838053785,-7776.461637746725,1,1,1,9.007871564276579,823508,823508,-0.0192738,0.0566365,0.000598708,2.774508779267656,True,True,165.85911391612933,,True,NUCLEATED,39,7,,CSV_VERIFIED,0,3,2,1,0,1_STEP,CLEAN,0->2,1,1,1,0,0,84.7046344283,84.7046344283,2.60440413826,2.34366865564e-05,220.605121521,220.605100435,2.60440438719,2.60440413826,-1.18284257207e-05,-2.02328105244e-05,-17.0284058741,-219.946932314,55.2266400903,140.007764795,0.0077647948838,0.150809715759,257.546601196,3.87847144805e-05,240.998622658,240.998661062,4.36381105683,4.36381175223,-2.99151033266e-06,3.86691730356e-05,-15.1449988664,-240.52227575,OK
825655,3,75655,99.5710613643,125,406.771097701,415.592921177,2.05086116796,-0.233140674252,863.120878257,1.35242391214,1.1171177987616359,0.723685588001,0.305493508071,5.72261601853,-2.93775575826,-2.69799271353,-4559.550227657732,-7552.087823473495,1,1,1,10.074339728145942,825655,825655,-0.0189652,0.0416892,0.000426202,1.2883019885213982,True,True,180.81994573363033,,True,NUCLEATED,39,7,,CSV_VERIFIED,0,2,1,1,0,1_STEP,CLEAN,0->1,1,1,0,0,0,80.9026589757,80.9026589757,2.75495568363,4.23720329153e-06,222.883240571,222.883240166,2.75495568864,2.75495568363,-3.9503496322e-06,1.53252390427e-06,-100.132849514,-199.123959824,38.6737016548,140.527248137,0.527248136685,0.58050910484,74.7301677216,7.51275918834e-06,244.209976103,244.209974718,6.31462636505,6.31462632923,-7.24513161071e-06,1.98736472885e-06,-106.916712913,-219.561674544,OK
825963,3,75963,60.2965720743,125,389.222574772,393.769736763,3.72548391979,0.144027096445,1370.75994137,1.16402656975,1.308556317577121,0.0997451959016,0.237034267164,5.32146559416,-2.53057559823,-2.41290777887,-5764.426534252984,-7090.869342825686,1,1,1,8.620138194572396,825963,825963,-0.0181932,0.0199726,0.00022316,0.3070091729062433,True,True,168.80460763386756,,True,NUCLEATED,39,7,,CSV_VERIFIED,0,3,1,1,0,1_STEP,CLEAN,0->1,1,1,0,0,0,118.06539986,118.06539986,2.20280497476,8.5895765627e-06,260.075051141,260.075050159,2.20280498308,2.20280497476,1.30854895677e-07,-8.58857977333e-06,-257.888251692,-33.6553393214,78.5144890329,140.000164611,0.000164610708566,0.05773995882,243.05327414,2.26980983764e-05,284.784077566,284.784082667,3.62715316719,3.62715323216,2.04429640433e-06,2.26058515017e-05,-282.136526187,-38.7421143755,OK
827765,3,77765,110.078917007,125,535.910654945,113.218007859,2.93837210516,0.30209444873,170.060680103,0.93587798611,1.242766979259471,2.04594785032,0.264281949514,0.505169361623,4.33143586572,-4.73664242035,-8636.80907825768,-7422.683460026049,1,1,1,23.377968354105143,827765,827765,0.0599594,0.0678532,0.00162189,3.4764573195383,True,True,182.60978804192075,,True,NUCLEATED,42,8,,CSV_VERIFIED,0,3,2,1,0,1_STEP,CLEAN,0->2,1,1,1,0,0,81.2596932743,81.2596932743,2.73413991283,2.00201581355e-05,222.175386824,222.175370686,2.73414011143,2.73413991283,-1.65798294895e-05,-1.12212292495e-05,-74.6282793843,-209.266629988,44.1021708615,140.076410702,0.0764107020894,0.348638415896,213.422828676,2.46395371847e-06,243.467880419,243.46788234,5.52054186138,5.52054190494,2.08191560801e-06,1.31783736777e-06,-78.8492555479,-230.346269115,OK
829239,3,79239,57.0742077413,125,545.759835011,118.764071515,10.9248099012,-0.0286508652577,98.4957631943,1.50817070711,1.4795159206195372,4.43464306638,0.259402091249,0.5888506098,4.47367723283,-4.9039714164,-4796.61930979175,-7814.618715172456,1,1,1,24.248119324662603,829239,829239,0.0584238,0.0362744,0.000509224,4.049307712690773,True,True,162.86224246994948,,True,NUCLEATED,42,8,,CSV_VERIFIED,0,2,1,1,0,1_STEP,CLEAN,0->1,1,1,0,0,0,84.5668154922,84.5668154922,2.54118693544,4.51276046429e-05,214.900046041,214.900086701,2.54118645464,2.54118693544,1.62878706389e-05,-4.20856979372e-05,17.0579798509,214.221976258,57.2595582378,139.942713921,-0.0572860788308,0.117318750325,248.698870829,1.37977329492e-05,238.151895969,238.151909151,4.15916404698,4.15916427719,2.83323745904e-06,-1.35037106026e-05,22.1480083389,237.119782558,OK
831828,3,81828,103.180473848,125,410.216804226,425.347030272,8.5226856731,0.173846564993,1217.55472956,1.27926209455,1.4539964711002658,0.828253513727,0.25246742081,6.00110341348,-3.02469874331,-2.60688296926,-992.6498682530546,-7544.397796688916,1,1,1,10.640038827579772,831828,831828,-0.0197701,0.0738411,0.000730591,5.30292507207733,True,True,165.8828295582644,,True,NUCLEATED,39,7,,CSV_VERIFIED,0,2,1,1,0,1_STEP,CLEAN,0->1,1,1,0,0,0,82.8079084885,82.8079084885,2.65497859085,1.38315841384e-05,219.853213282,219.85322419,2.65497845912,2.65497859085,-7.00455342464e-06,1.19268164695e-05,-28.7653053148,-217.963282689,53.6619673035,139.999042677,-0.00095732330891,0.156320639702,243.801228422,2.57822543248e-06,240.578402545,240.578401542,4.48321995324,4.48321993455,-2.47761690532e-06,-7.13204634841e-07,-28.62312429,-238.869597327,OK
832806,3,82806,77.5659959572,125,428.716127136,429.350529467,4.19991040847,-0.410053799043,968.952814887,1.75956138703,1.3370483394164827,0.703882773576,0.262897671169,5.89139954931,-2.98410360328,-2.96611300617,4611.073756983746,-7201.794538102991,1,1,1,10.273695762332036,832806,832806,-0.0182406,0.00312043,2.9979e-05,0.49281111879539413,True,True,169.62930868920432,,True,NUCLEATED,38,7,,CSV_VERIFIED,0,2,1,1,0,1_STEP,CLEAN,0->1,1,1,0,0,0,77.7223741245,77.7223741245,2.84040189658,7.9159729038e-06,220.762786497,220.76277887,2.84040199471,2.84040189658,5.6918417763e-07,-7.89548329019e-06,-43.649332471,-216.404583308,47.4623701681,139.997015829,-0.00298417068879,0.213615006622,204.210131839,1.65310707491e-06,241.502199423,241.502200996,5.08828780712,5.08828784025,-1.44673748518e-07,1.6467642538e-06,-54.1080720838,-235.362760142,OK
836092,3,86092,117.441787628,125,427.941982029,441.910015259,16.0236551537,0.0786724035287,803.418165568,1.42971563931,1.5084694248458876,4.06812169503,0.257768992397,6.30822749974,-3.21420364949,-2.81265293223,3915.4500072071296,-7752.205280999547,1,1,1,17.491999340602163,836092,836092,-0.0197987,0.0715843,0.000658277,4.9213428498522624,True,True,165.4553597183061,,True,NUCLEATED,39,7,,CSV_VERIFIED,0,2,1,1,0,1_STEP,CLEAN,0->1,1,1,0,0,0,80.4570617783,80.4570617783,2.66261859222,2.12802089976e-05,214.226488517,214.226468566,2.66261884019,2.66261859222,-8.63899782582e-06,-1.94477508095e-05,-13.4369447361,-213.804669965,50.5416243747,139.912546854,-0.0874531463567,0.184332825386,229.053982196,2.63981800448e-06,238.943708783,238.94371059,4.72766183792,4.72766187367,-1.80756977303e-06,1.9238842513e-06,-14.9444573594,-238.475908974,OK
837078,3,87078,60.9050259528,125,535.394791848,116.129932154,2.22540504921,-0.0226399636961,25.453475213,1.17111964662,1.1484777483867863,0.53675447848,0.274270794894,0.633363148744,4.29214328158,-4.73559886913,-7452.707063291346,-7858.60405525479,1,1,1,23.424446319301257,837078,837078,0.0586404,0.0508627,0.0010199,3.398124926035306,True,True,188.51779621703372,,True,NUCLEATED,42,8,,CSV_VERIFIED,0,3,2,1,0,1_STEP,CLEAN,0->1,1,1,0,0,0,83.6292197753,83.6292197753,2.65581558382,8.55588669469e-06,222.103776592,222.103785142,2.65581548158,2.65581558382,3.73303399287e-06,7.6985488464e-06,-103.906805678,-196.299422592,53.7447290215,139.995145444,-0.00485455645074,0.163115273062,262.842605183,4.28934884894e-06,241.538273806,241.53827422,4.49417604672,4.49417605443,4.05527624701e-06,-1.39758652985e-06,-100.395452694,-219.684980805,OK
838286,3,88286,48.2970279189,125,444.741471297,441.189335084,13.7333429764,-0.140452231309,149.924819061,1.63902728649,1.49810912761101,1.05091643095,0.258357402943,6.19246913552,-3.13026632103,-3.23427011836,7070.2120176702565,-7737.77227663359,1,1,1,11.294628299955068,838286,838286,-0.0179487,-0.0180726,-0.000161412,1.906116009269699,True,True,165.9736373562281,,True,NUCLEATED,38,7,,CSV_VERIFIED,0,2,1,1,0,1_STEP,CLEAN,0->1,1,1,0,0,0,80.3834634663,80.3834634663,2.73740876472,3.99296819268e-06,220.042401135,220.042397431,2.7374088108,2.73740876472,1.35446728013e-06,-3.75622328607e-06,-8.03531180681,-219.895639023,48.6480096287,139.980370597,-0.0196294029448,0.214065803392,150.207230312,3.99296819268e-06,241.178394003,241.178390336,4.95762099712,4.95762092174,1.35446728013e-06,-3.75622328607e-06,-14.6443820226,-240.733379092,OK
840165,3,90165,88.1675064894,125,400.289711816,417.55754933,4.46890659022,-0.0747119380354,441.718456206,1.42543608293,1.3506544642951837,2.06684051984,0.26655108287,5.81526163064,-3.0802419108,-2.61350737394,-4509.521237174116,-7757.192208605981,1,1,1,12.466672919211335,840165,840165,-0.0199325,0.0823177,0.000846005,6.870753736944438,True,True,167.84070865033314,,True,NUCLEATED,39,7,,CSV_VERIFIED,0,2,1,1,0,1_STEP,CLEAN,0->1,1,1,0,0,0,83.3578438601,83.3578438601,2.61524517814,2.46086305699e-05,218.001175544,218.001199215,2.61524489417,2.61524517814,-1.46292721567e-06,2.45651082328e-05,-47.0378631154,-212.866042318,50.3576396304,140.000141062,0.000141061713748,0.204209023662,125.494739312,1.20848073662e-05,241.188520979,241.188531682,4.78951203332,4.78951224584,-3.15187316144e-06,1.16665446749e-05,-52.4321424785,-235.420417737,OK
840277,3,90277,100.278680915,125,390.391079324,403.783660251,4.7346092299,0.255878533901,436.205400092,1.10388849586,1.362644878347409,3.52855628327,0.248645868609,5.53566688846,-2.83429011181,-2.48277813251,-8826.105171478202,-7392.569501897345,1,1,1,15.260279038375172,840277,840277,-0.0193434,0.0610056,0.000662919,3.333627693321708,True,True,167.70740314713643,,True,NUCLEATED,39,7,,CSV_VERIFIED,0,2,1,1,0,1_STEP,CLEAN,0->1,1,1,0,0,0,83.5567079987,83.5567079987,2.578106077,2.11435667365e-05,215.418046819,215.418056666,2.57810595915,2.578106077,-1.60342931219e-05,1.37823023629e-05,-48.1794090054,-209.961137935,42.513428504,139.811024041,-0.18897595912,0.406749870806,55.6521834205,1.77829613479e-05,242.810490757,242.810508476,5.7113834217,5.71138383848,2.22414019959e-06,1.76433249325e-05,-50.6614761543,-237.466522389,OK
847957,3,97957,73.0252691874,125,555.469690352,116.764249349,3.39674759975,-0.0637686802784,1645.45241212,1.34829768602,1.284485707832009,0.050693153881,0.262876202592,0.485338857295,4.74837073769,-4.99823138321,-1089.9670017653261,-7403.567929377643,1,1,1,24.976774482305984,847957,847957,0.0601148,0.048787,0.000906968,3.571799829026132,True,True,173.52278690432186,,True,NUCLEATED,42,8,,CSV_VERIFIED,0,2,1,1,0,1_STEP,CLEAN,0->1,1,1,0,0,0,83.7966978302,83.7966978302,2.66376839845,2.63217579331e-05,223.215019945,223.214995574,2.66376868928,2.66376839845,1.69812845241e-05,2.01114623188e-05,68.8939351484,212.317146808,51.4254327304,139.979578748,-0.0204212518344,0.1865349174,179.703717753,1.5378123325e-05,242.419471282,242.41945611,4.71399963815,4.71399934311,1.91152048072e-06,1.52588586221e-05,68.9531856732,232.406235377,OK
849759,3,99759,104.142987325,125,528.215793189,113.407457843,5.53396976924,0.437398874332,357.167890471,0.939319260499,1.3920233988025577,5.50532082688,0.237104490261,0.606373951616,4.21922332085,-4.57681979767,-10580.308633330127,-7120.935155170393,1,1,1,22.77527998630853,849759,849759,0.0591912,0.0658785,0.00157355,3.3968711081041696,True,True,173.062399021525,,True,NUCLEATED,42,8,,CSV_VERIFIED,0,2,1,1,0,1_STEP,CLEAN,0->1,1,1,0,0,0,82.3591523035,82.3591523035,2.61041420663,5.90431717098e-06,214.991500925,214.991501219,2.61041420305,2.61041420663,5.71689636944e-06,-1.47582422957e-06,43.2912179583,210.587786724,40.1868921694,139.993384347,-0.00661565272563,0.482022876841,42.393704694,2.39869803921e-06,243.202862764,243.202862843,6.05179573823,6.0517957402,-2.37147691922e-06,3.60346368007e-07,44.4410061354,239.107986965,OK
850930,3,100930,62.1510536357,125,542.697842759,123.165809293,12.0409038549,-0.00745364006795,232.687278755,1.49538994782,1.4879362387370314,2.72046649097,0.258544808464,0.631752733084,4.41209606161,-4.8202105005,-4482.600409940171,-7796.488999440032,1,1,1,23.916576357794803,850930,850930,0.0563275,0.0105568,-0.000301731,6.468203587462239,True,True,163.32356269753163,,True,NUCLEATED,38,8,,CSV_VERIFIED,0,2,1,1,0,1_STEP,CLEAN,0->1,1,1,0,0,0,85.711478972,85.711478972,2.52655406873,9.07373502742e-06,216.554679625,216.554685934,2.52655399512,2.52655406873,7.01212375344e-06,5.75871407645e-06,-17.5921686481,-215.838932701,58.4134267927,139.982524378,-0.0174756219816,0.111447067184,247.900920809,3.5768851448e-05,238.729721089,238.729756857,4.08689806774,4.08689868007,3.17014823981e-06,3.56280913613e-05,-19.8247255161,-237.905149144,OK
853109,3,103109,100.408880329,125,410.26383459,406.086678034,2.82425500952,-0.0760358292247,559.364339616,1.30660452709,1.230495240400773,1.31720087225,0.279854143436,5.49401486304,-2.63927756853,-2.75197582669,-5623.241310589158,-7672.819540287411,1,1,1,10.888100472806567,853109,853109,-0.0173939,-0.0190685,-0.000199846,2.0472116869280432,True,True,172.1418280763281,,True,NUCLEATED,40,7,,CSV_VERIFIED,0,2,1,1,0,1_STEP,CLEAN,0->1,1,1,0,0,0,83.5459531461,83.5459531461,2.62992268931,1.85424943337e-05,219.719394463,219.719397779,2.62992264962,2.62992268931,-1.59886278897e-05,9.39083991562e-06,-75.6020572949,-206.303032541,50.2908465766,139.918052276,-0.0819477239924,0.211288034854,228.520700072,1.52141288601e-05,241.748671547,241.748686576,4.8070113749,4.80701167374,7.25518150105e-06,1.33728104136e-05,-80.8104839772,-227.842239004,OK
